번호,분야,주제,case,멘티질문,멘토답변,Source
140,마케팅/md,"목표는 식품 MD, 그런데 다른 카테고리에서 시작해도 될까요?",md 30-30,"식품 MD로 전환을 결심했지만, 인턴 경험을 쌓기가 쉽지 않아 고민이 많습니다. 작년 10월부터 패스트푸드 실무 프로젝트를 진행했고, 최종적으로 기획안이 채택되기는 했지만 실제 실행되지는 않아 수치화할 성과가 없습니다. 자기소개서를 작성하려다 보니 수치적으로 보여줄 만한 내용이 부족해 최근 프랜차이즈 식당 아르바이트를 시작했습니다.




인턴 경험이 중요하다는 것은 알지만, 지방에 거주하다 보니 식품 MD 인턴이나 계약직을 구하기가 어렵습니다. 관련 공고도 많지 않고, 대부분 경력직을 선호하는 상황이라 고민 끝에 아르바이트라도 시작하게 되었습니다.


이런 상황에서 실무 프로젝트 경험과 아르바이트 경험을 자기소개서에 녹여 취업을 시도해도 될지, 아니면 인턴 경험을 쌓은 뒤 지원하는 것이 더 나을지 궁금합니다. 또한, 식품 산업이 아닌 다른 산업에서 MD나 AMD로 경력을 쌓은 후 식품 MD로 이직하는 것이 가능한지도 알고 싶습니다.


서울에서 인턴을 하기 어려운 현실적인 이유도 있어 고민 끝에 질문드립니다. 멘토님의 조언이 필요합니다. 

","우선, 10월에 진행하셨던 실무 프로젝트를 통해 많은 것을 배우셨길 바랍니다. 저도 실무 프로젝트의 멘토로 참여한 경험이 있어 그 과정에서 얻은 인사이트가 많았을 거라 생각됩니다.


질문을 정리하면
1.현재 스펙으로 취업이 가능할지, 아니면 인턴 경험을 쌓은 후 지원하는 것이 나을지
2.식품이 아닌 카테고리에서 경험을 쌓은 후에도 식품 MD로 이직할 수 있을지


이에 대해 답변드리겠습니다.


1) 인턴 없이도 취업이 가능할까?
결론부터 말하면 가능합니다. 최근 기업들이 경력을 선호하는 경향이 있지만, 실제로 신입 지원자 중 인턴 경험이 있는 경우는 많지 않습니다. 인턴 포지션 자체가 적고, 합격하기도 어렵기 때문입니다. 다만, 인턴 경험이 있다면 확실한 강점이 됩니다. 특히 지원하려는 회사의 인턴 경험이 있다면 면접과 자기소개서에서 훨씬 유리한 위치에 설 수 있습니다.


그렇다면 인턴 경험이 없는 경우 어떻게 준비해야 할까요? 핵심은 ""차별화된 경험과 강점을 만드는 것입니다. 인턴 경험이 없는 대신, 학점 관리, 외국어 성적, 대외활동, 공모전, 그리고 임팩트 있는 아르바이트 경험을 활용해야 합니다.


멘티님께서는 화학공학 전공에서 식품 MD라는 새로운 직무를 선택하셨기 때문에, ""왜 식품 MD인가?""라는 질문에 대한 명확한 답변이 필요합니다. 이 부분이 자기소개서의 핵심이 될 것이며, 면접에서도 가장 많은 질문을 받을 가능성이 큽니다.


예를 들어, 저는 취업 준비 당시 인턴 경험이 없었지만, 판매 아르바이트에서 고객을 줄 세워서 판매하고, 준비된 물건을 완판하는 경험을 했습니다. 이러한 경험을 바탕으로 차별화된 에피소드를 만들었고, 이를 자기소개서와 면접에서 강점으로 활용했습니다. 멘티님도 현재 하고 있는 아르바이트나 대외활동에서 자신만의 인사이트와 어필할 수 있는 요소를 찾아보는 것이 중요합니다.




2) 다른 산업의 MD 경험이 식품 MD로의 이직에 도움이 될까?
가능하지만 쉽지는 않습니다.대기업 유통 공채로 MD가 된다면 직무 순환을 통해 다양한 카테고리를 경험할 기회가 있지만, 이 역시 경쟁이 치열해 원하는 분야로 이동하는 것이 쉽지는 않습니다.


경력직 이직을 고려한다면 더욱 어렵습니다. 경력직 공고는 해당 분야에서의 경력과 경험을 요구하기 때문입니다. 중고신입으로 지원하는 경우, 기존 경력을 강점으로 활용할 수는 있지만, 다시 한 번 ‘왜 식품 MD로 이직하려는가?’에 대한 설득력 있는 답변이 필요합니다.


따라서 식품 MD를 목표로 한다면, 처음부터 식품과 관련된 경력을 쌓을 수 있는 직무를 선택하는 것이 유리합니다. 


-유통 MD: 다양한 카테고리를 다루는 MD로 시작하여 식품 카테고리로 이동하는 방법
-식품 회사 영업관리: 식품업계에서 경력을 쌓고 MD로 전환하는 방법
-자사몰 운영 MD: 온라인에서 식품을 다루는 경험을 바탕으로 이직하는 방법


이런 식으로 관련 경험을 쌓으며 차근차근 식품 MD로의 길을 만들어 나가는 것이 현실적인 방법입니다.

마무리
조급해하지 마시고, 자신감을 가지세요. 현재 상황에서도 충분히 기회를 만들 수 있습니다. 지금 하고 계신 경험을 어떻게 살릴지 고민하고, 자기소개서와 면접에서 강점으로 어필할 수 있도록 준비해보시길 바랍니다. 좋은 결과 있기를 기원합니다. 감사합니다!",
139,마케팅/md,제 마케팅 자소서 무엇이 부족했을까요?,md 30-29,"멘토님, 안녕하세요. 마케팅/MD 직무를 준비하고 있는 취업준비생입니다. 다름이 아니라, 자기소개서 관련해서 멘토님의 피드백을 받을 수 있을지 조심스럽게 문의드립니다.




자기소개서의 합격률이 매우 낮은 상황인데요, 여러 차례 컨설팅을 받아보았지만 “자소서나 경력에는 큰 문제가 없다, 요즘 취업 시장이 워낙 어렵기 때문이다”라는 피드백만 반복적으로 듣고 있습니다. 그러다 보니 정확한 문제를 짚지 못한 채 점점 더 막막한 마음이 커지고 있는 상황입니다.


그래서 보다 명확한 해결책을 찾고 싶어 이렇게 도움을 요청드리게 되었습니다. 바쁘시겠지만, 혹시 괜찮으시다면 한 번만 제 자소서를 봐주실 수 있을까요?  감사합니다.","요즘처럼 취업 시장이 어려운 상황에서 계속 불합격 소식을 듣게 되면 정말 막막하고 속상하실 거예요. 특히나 여기저기 컨설팅도 받아봤는데 뭐가 문제인지 명확히 짚어주는 사람이 없을 땐 더 답답할 수밖에 없죠.


그래도 지금처럼 스스로 문제를 정확히 짚고 해결하려고 움직이시는 모습, 정말 대단하다고 생각해요. 현재 자기소개서도 기본적인 틀은 잘 갖춰져 있고, 몇 군데만 조금 더 정리하고 보완하면 훨씬 더 강하게 어필할 수 있을 거예요. 아래는 제가 드릴 수 있는 피드백이에요. 편하게 참고해 주세요 :)


먼저 전체적으로 보았을 때, 지원자분이 다양한 실무 경험과 프로젝트를 해온 점은 굉장히 강점이에요. 다만 아쉬운 점은 그 경험들이 A사의 MD 업무와 어떤 식으로 연결되는지 구체적인 설명이 부족하다는 점이에요. 특히 데이터 기반의 접근 방식을 자기소개서 전반에서 조금 더 강조하면, 다른 지원자들과 차별화된 인상을 줄 수 있을 거라고 생각해요.


지원 동기 부분에서는 A사의 브랜드 전략을 언급하셨지만, 이 요소가 본인의 경험과 어떻게 이어지는지에 대한 설명이 부족해 보여요. 단순히 ‘이런 브랜드 전략이 좋다’는 것보다, 실제로 그것이 어떻게 구현되고 있고, 그 과정 속에서 본인이 어떤 역할을 할 수 있을지를 구체적으로 풀어내면 훨씬 더 설득력이 생깁니다. 예를 들어 고객 데이터를 어떻게 활용해서 상품 소싱을 개선할 수 있을지, 혹은 고객의 취향에 맞춘 기획을 어떻게 제안할 수 있을지를 써주면 좋겠어요.


그리고 자기소개서 안에 들어간 인턴 경험이나 프로젝트들도 나열식으로만 설명하기보다는, 그 경험들이 A사의 MD 업무와 어떤 식으로 맞닿아 있는지를 조금 더 강조해주는 게 필요해요. 예컨대 신제품 개발팀에서 일했던 경험이 있다면, 그 과정에서 고객 데이터를 어떻게 분석했고, 어떤 기준으로 제품을 기획했는지를 풀어내 주는 식이에요. 또한 VOC 데이터를 분석했던 경험이 있다면, 그걸 편의점 고객의 니즈 파악이나 트렌드 분석과 어떻게 연결할 수 있을지도 함께 이야기해보면 좋아요.




글 전체의 구조도 조금 손보면 좋을 것 같아요. 지금은 다양한 이야기가 들어가 있지만, 각 문단 간 흐름이 약간 혼란스러울 수 있거든요. 자기소개서 문항마다 ‘왜 이 직무를 선택했는가 → 어떤 경험을 통해 준비했는가 → 입사 후 어떻게 기여할 것인가’라는 흐름으로 정리하면 훨씬 더 매끄럽게 읽힐 거예요. 그리고 모든 경험을 다 쓰기보다는, 가장 임팩트 있는 경험 한두 개를 깊이 있게 풀어내는 방식이 더 효과적이에요. 예를 들어 매출 40%를 끌어올린 경험이 있다면, 그 사례를 구체적으로 설명하면서 그 경험을 통해 배운 점이 A사에서 어떤 방식으로 적용될 수 있을지까지 이어지면 금상첨화죠.


또 하나, 데이터 기반의 사고나 실행력을 조금 더 강조하면 좋겠어요. 지금도 데이터를 활용한 경험이 언급되어 있긴 하지만, 그것이 MD 업무와 어떻게 연결되는지를 조금 더 명확히 보여줄 필요가 있어요. 고객의 구매 패턴을 분석해서 트렌드를 예측하고, 그걸 기반으로 어떤 상품 구성이나 프로모션 전략을 구상해봤는지 등, 실질적인 연결 지점이 보여져야 합니다.


목표 설정 부분도 조금 더 구체적으로 표현하면 훨씬 더 설득력 있어요. 예컨대 ‘데이터 기반 전략 실행형 MD’라는 표현은 좋지만, 다소 추상적으로 들릴 수 있거든요. 이럴 땐 ‘고객 구매 데이터를 기반으로 시즌별 인기 상품을 도출하고, 이를 바탕으로 카테고리 전략을 재편해 매출 향상에 기여하겠다’는 식으로 실질적인 실행 계획이 담기면 훨씬 명확해질 거예요.


마지막으로 자기소개서 마무리 부분도 조금 더 임팩트 있게 정리해보세요. 지금까지의 흐름을 잘 정리하면서, A사에서 본인이 어떤 MD가 되고 싶은지, 어떤 가치를 제공하고 싶은지를 짧고 강하게 전달하면 좋을 것 같아요. 예를 들면 “A사의 브랜드 정체성을 강화하고, 고객에게 기대 이상의 가치를 제공하는 실행력 있는 MD로 성장하겠습니다.” 같은 문장으로 마무리해주면 읽는 사람 입장에서도 확실히 각인이 될 수 있어요.


전체적으로 정말 잘 준비하고 계신 만큼, 몇 가지 포인트만 더 정리하시면 분명 좋은 결과 있으실 거예요. 혹시 자기소개서 원문이나 수정 버전 공유해주시면 더 구체적인 피드백도 가능하니, 언제든 편하게 말씀 주세요!",
138,마케팅/md,"취업까지 마지막 한 걸음, 임원 면접 어떻게 준비해야 할까?",md 30-28,"2월에 대학을 졸업하고, 이번 상반기를 첫 취업 준비 시즌으로 보내고 있는 취준생입니다.


저는 평소 식품업계의 온라인/SNS 마케터를 꿈꿔왔고, 그중에서도 가장 가고 싶었던 1지망 회사는 J사였습니다. 그래서 이번에 J사 서류를 통과한 뒤, 인적성, AI면접, 직무면접까지 정말 하루도 쉬지 않고 최선을 다해 준비해왔습니다.


특히 직무면접은 스스로도 만족스러웠고, 아직 합격 여부는 나오지 않았지만, 너무 가고 싶은 회사이기에 미리 임원 면접까지 준비해두고 싶다는 마음에 멘토님께 질문을 드리게 되었습니다.




1. 직무 면접에서 사용한 자기소개나 경험을 임원 면접에서도 그대로 사용해도 괜찮을까요? 아니면 새롭게 구성해야 할까요?


2. 임원 면접은 직무 중심이라기보다는 이력서, 자소서, 인성, 가치관 등을 더 중심으로 준비하는 게 맞을까요?


3. 직무 면접 때는 비교적 편안한 분위기여서 최대한 웃고 밝은 모습을 보이려고 했는데, 임원 면접에서는 조금 더 진중한 태도를 선호하실지 고민이 됩니다. 기존처럼 밝게 해도 괜찮을까요?


J사에 꼭 가고 싶다는 마음이 크다 보니, 처음 경험하는 임원 면접 준비가 낯설고 어렵게 느껴집니다. 업무로 많이 바쁘시겠지만, 조언 주신다면 정말 큰 도움이 될 것 같습니다. 감사합니다.","서류는 취업의 첫 관문이자, 가장 넘기 힘든 벽이라고 생각하는데요. 그 어려운 과정을 통과하셨다니 진심으로 축하드립니다.


면접이라는 건 본래 사람과 사람 간의 대화이기 때문에, 준비도 중요하지만 당일의 컨디션이나 분위기에 따라 결과가 많이 갈리기도 합니다. 그렇기에 지금처럼 미리 준비해두는 태도는 분명 좋은 결과로 이어질 거라 생각합니다.


각 질문에 대한 제 생각을 아래에 정리해 드릴게요.


1. 직무면접에서 했던 자기소개나 답변들을 그대로 사용해도 괜찮을까요?
네, 거의 그대로 사용하셔도 무방합니다. 보통 임원 면접에서는 지원자에 대한 상세한 사전 정보를 가지고 들어가는 경우는 많지 않습니다. 임원분들께는 간단한 이력이나 자소서 요약 정도만 공유되는 게 일반적이에요.


따라서 이전 면접에서 했던 내용이라도, 면접 당일 임원분들에게는 처음 듣는 이야기일 수 있으니 기존에 준비한 답변을 기본으로 하되, 전달력을 높이는 방식으로 조금만 다듬어 가시면 좋겠습니다.




2. 임원 면접은 어떤 방향으로 준비하는 게 좋을까요?
이건 사실 누가 면접관으로 들어오느냐에 따라 케이스 바이 케이스입니다. 그렇지만 보통 직무 관련된 역량은 1차에서 어느 정도 검증이 끝났기 때문에, 임원 면접에서는
 ‘왜 우리 회사인가’, ‘어떤 경험이 J사와 맞닿아 있는가’ 같은 이야기에 더 무게가 실리는 편입니다.


예를 들어,
-단순히 “식품업계가 좋아서”가 아닌, 왜 여러 기업 중에서도 J사인지
-회사의 방향성과 어떻게 연결된 경험을 했는지
-어떤 가치를 가지고 일해왔고, 그 가치가 이 회사의 문화와 어떻게 맞물리는지


이런 부분을 좀 더 강조해 인성과 경험을 10%쯤 더 비중 있게 준비하시는 걸 추천드립니다.


3. 직무 면접 때는 밝게 했는데, 임원 면접에서는 좀 더 진중한 분위기가 나을까요?
분위기 역시 정답은 없습니다. 하지만 개인적으로는 너무 경직되기보다는 밝고 에너지 있는 모습이 더 좋다고 생각합니다.


특히 신입 지원자에게 기대하는 부분은 ‘새로운 관점’, ‘조직에 생기를 불어넣을 수 있는 힘’입니다. 긴장해서 굳어 있는 모습보다는, 자신감 있게 웃으며 대화에 임하는 자세가 오히려 더 좋은 인상을 줄 수 있습니다. 물론 진중함과 경쾌함의 밸런스를 잘 맞추는 게 핵심이겠죠. 태도는 밝게, 말의 무게감은 놓치지 않는 방향으로 조율해보시면 좋겠습니다. 2차 면접에서도 좋은 결과 있으시길 진심으로 응원합니다!
",
137,마케팅/md,"스타트업 취업, 이 회사 다녀도 될까요?",md 30-27,"올해 2월 졸업 예정인 취준생입니다. 인턴 경험 없이 첫 취업을 준비하다가 8~12인 규모의 스타트업에서 마케터로 최종 합격을 받았습니다. 막상 합격하고 나니 입사를 결정하기 전에 고민되는 부분들이 있어서 이렇게 질문을 드리게 되었습니다.


먼저, 근무 조건이 고민입니다. 출퇴근 시간은 편도 1시간 30분 정도이고, 업무시간은 사실상 10 to 10으로 기정사실화된 분위기입니다. 연봉은 포괄임금으로 3,000만 원 이하일 것으로 예상됩니다. 자취를 하더라도 체력적으로 취준 병행은 어려울 것 같고, 이렇게 되면 다른 기회도 잡기 힘들지 않을까 걱정이 됩니다.


회사 분위기나 문화도 조금 걸리는 부분이 있습니다. 식사 제공 외에 특별한 복지는 없고, 스톡옵션을 강조하면서 “회사를 위해가 아니라 나를 위해 일하는 것이니 높은 강도는 당연하다”는 CEO님의 태도가 인상적이었습니다. 면접 과정에서도 다소 거친 표현을 쓰시는 등, 전반적으로 CEO의 가치관에 공감하기 어려운 부분이 있었습니다.




사업 전망과 경험 축적에 대한 고민도 큽니다. 올해 안으로 유료 서비스를 도입할 계획이라고는 하지만, 구체적인 일정은 미정이고 지금까지도 마케팅 비용이 거의 들지 않는 바이럴, 이벤트 중심의 마케팅만 해왔다고 들었습니다. 이 회사에서 2~3년 일했을 때 어떤 실질적인 포트폴리오를 만들 수 있을지에 대한 설명도 부족해서 감을 잡기가 어렵습니다.


물론 제가 인턴 경험도 없고 경력이 부족하다 보니, “일단 어떤 일이든 시작하자”는 마음으로 들어가는 게 맞을까 고민하기도 합니다. 하지만 지금 상황에서는 고노동 대비 직무적으로나 인성적으로 배우는 것이 얼마나 있을까 하는 걱정이 계속됩니다.


주변에 마케터 현업자분들이 없어 혹시 제가 너무 좁은 시야로 고민하는 건 아닌가 싶어 조언을 구하고 싶습니다. 바쁘시겠지만 현실적인 의견을 주신다면 정말 큰 도움이 될 것 같습니다. 긴 글 읽어주셔서 감사합니다!","첫 커리어의 시작점을 고민하시는 시기인 만큼, 지금 드는 여러 걱정들이 충분히 공감됩니다. 말씀 주신 내용을 바탕으로 조금 더 현실적인 관점에서 조언을 드리겠습니다.


1. 경력 공백이 걱정되더라도, 아무 회사에 들어가는 건 더 위험할 수 있습니다.
물론 첫 커리어를 시작하는 입장에서는 ‘일단 들어가서 시작하자’는 마음이 드는 게 당연합니다. 인턴 경험이 없는 상황이라 더더욱 조급할 수 있고요. 하지만 중요한 건 내가 시간과 에너지를 투자하는 만큼 커리어 자산이 쌓여야 한다는 점입니다.

만약 업무 강도는 센데 배우는 게 적고 업무 범위도 한정적이라면, 시간이 지나도 이직 시 강점으로 내세울 게 부족할 수 있습니다. 또한 만약 들어간 뒤 얼마 못 가 퇴사하게 된다면, 이후 이직 과정에서 짧은 재직 기간이 또 다른 부담 요인이 될 수 있습니다.


2. 현재 제시된 근무 환경과 문화는 솔직히 '위험 신호'가 많습니다.
-10 to 10 고강도 근무
-출퇴근만 하루 4시간 소요, 자취해도 워라밸 확보 어려움
-연봉 3천 미만, 복지 거의 없음
-마케팅 실무 구조와 포트폴리오에 대한 불투명성


이 외에도 특히 CEO의 태도가 가장 우려되는 지점으로 보입니다. 저도 중견 스타트업에서 일하고 있지만, 스톡옵션이 진짜 가치 있으려면 정말 극소수 기업처럼 유니콘 급으로 커야 합니다. (예: 카카오, 토스, 배민 수준) 그렇지 않은 스타트업의 스톡옵션은 사실상 가치 없는 백지수표에 가까운 경우가 대부분입니다.


그리고 ‘회사를 위해 일하는 게 아니라 나를 위해 일하는 것이다, 그래서 강한 업무 강도는 당연하다’는 식의 CEO 마인드는 사실상 조직의 성장을 함께 만들어가려는 기본적인 회사 운영 마인드와 거리가 있습니다. 신입에게 과도한 책임과 성과를 기대하는 문화가 자리 잡혀 있을 수도 있어요.




3. 마케터로 첫 커리어를 시작할 때, 꼭 점검해보셔야 할 3가지 기준입니다.
내가 담당할 업무가 명확히 정의되어 있는가?
 → 구체적인 업무 범위, 성과 기준이 잡혀있는지 확인하세요.
배울 수 있는 동료나 리더가 있는가?
 → 피드백과 코칭이 있어야 신입은 빠르게 성장할 수 있습니다.
기본적인 워라밸과 복지가 확보되어 있는가?
 → 몸과 마음이 너무 소모되면 실무 능력 습득도 어려워집니다.


4. 결론적으로 말씀드리면
물론 비전 있는 스타트업의 초기 멤버로 성장하는 경우도 있긴 합니다. 하지만 그 가능성은 현실적으로 매우 낮고, 지금 주어진 조건들을 보면 특히 CEO의 경영 철학과 실질적인 성장 경로의 부재가 가장 큰 리스크로 보입니다. 제대로 된 피드백 체계 없이 주먹구구식으로 진행될 가능성도 높고, 결국 이 또한 커리어 측면에서 회의감을 키울 수 있습니다.


조금 돌아가더라도, 내가 왜 이 일을 하고, 어떤 경험을 쌓고, 어떻게 성장할 수 있는지를 설명할 수 있는 회사에서 시작하는 것이 장기적으로 훨씬 나은 선택이 될 것이라 생각합니다.


",
136,마케팅/md,"CRM 인턴 지원, 비전공자인 저도 할 수 있을까요?",md 30-26,"CRM 분야에 관심을 가지고 공부해온 비전공자입니다.


CRM 아카데미를 통해 SQL을 활용해본 경험이 있고, 가상 이커머스 및 소비자 데이터를 분석하여 인사이트를 도출하는 프로젝트를 진행한 바 있습니다. 이후 학교에서 데이터 애널리틱스 관련 수업을 추가로 수강하며 Python, Tableau를 활용한 데이터 분석 경험도 넓혀가고 있습니다.




곧 졸업을 앞두고 CRM 인턴십에 지원하려고 하는데, 제가 가진 이러한 경험들을 이력서나 자기소개서에 어떻게 녹여낼 수 있을지 조언을 받고 싶습니다.

대부분 데이터를 다루시는 분들은 실제 마케팅 실적 개선 경험까지 연결시켜서 합격하는 경우가 많아 보이는데, 저는 공공 데이터를 기반으로 분석했던 경험만 있어서 이 부분을 어떻게 어필해야 경쟁력을 가질 수 있을지 고민이 됩니다.


또한, 실제 CRM 인턴으로서 맡게 되는 업무에는 어떤 것들이 있는지, 그리고 제가 이전에 진행했던 마케팅 기획 경험(다만 실제 실행으로까지 이어지지는 않았습니다)도 어필하는 데 도움이 될지 현실적인 조언을 부탁드립니다!

","CRM 직무에 관심을 갖고 진지하게 준비하고 계신 모습이 인상 깊습니다. 비전공자의 입장에서 데이터 기반 마케팅에 도전한다는 것이 결코 쉬운 일이 아니지만, 지금까지의 경험을 보면 충분히 경쟁력 있는 방향으로 잘 준비해오셨다는 생각이 듭니다.


“비전공자”라는 점은 약점이 아닙니다 요즘 CRM 실무에서 중요한 것은 학과보다도 데이터를 이해하고, 고객을 분석하며, 커뮤니케이션을 실행하는 능력입니다.


멘티님은 이미
-CRM 아카데미에서 SQL과 데이터 분석을 배우셨고,
-학교 수업을 통해 Python과 Tableau를 활용한 분석 경험도 쌓아오셨습니다.


이런 경험들은 ‘현업이 원하는 기본기’를 잘 갖춘 지원자라고 볼 수 있습니다. 많은 분들이 “실제 마케팅 성과까지 연결된 경험이 없다”는 점을 고민하곤 합니다. 하지만 인턴십은 ‘완성된 실무자’를 뽑는 자리가 아니에요.


포인트는 ‘실제 실무처럼 고민하고 설계해봤는가’입니다. 예를 들어, 이커머스 및 소비자 데이터를 기반으로 고객 세그먼트를 나누고, 그에 맞는 인사이트를 도출해본 경험은, 단순히 공공 데이터를 사용했더라도 실무에서 요구하는 문제 해결력으로 충분히 평가받을 수 있습니다. 이런 경험을 “SQL로 데이터를 추출하고, 분석을 통해 마케팅 인사이트를 도출했다”는 식으로 실무 용어로 바꿔서 설명하는 것이 중요합니다.





<자기소개서에 담으면 좋은 구조는 이렇게 제안드립니다>
1)CRM에 관심을 갖게 된 계기 / (데이터 분석 프로젝트 → 고객관리의 중요성 인식)
2)기술과 경험 기반의 역량 소개
3)SQL, Python, Tableau 사용 경험


분석 프로젝트에서의 구체적인 역할
1.배우고 싶은 점과 성장 포부
2.캠페인 성과 분석 및 자동화 툴 경험 확대
3.고객의 라이프사이클을 이해하고 실질적인 성과로 연결하는 CRM 마케터가 되고 싶다는 목표


“실행된 적 없는 기획”이라고 해도, 목표 설정 – 타겟 세분화 – 채널 전략 – 메시지 설계의 구조를 갖추고 있다면 훌륭한 자산입니다. 면접에서 “이 기획이 실제로 실행되었더라면 어떤 결과를 기대했나요?”, “어떤 데이터를 기반으로 기획했나요?”라는 질문이 나올 수 있어요. 그에 대한 논리적인 설명이 가능하다면 충분한 실전 감각이 있는 사람으로 평가받을 수 있습니다.


<실무에서 CRM 인턴이 하게 되는 일은 대체로 다음과 같습니다>
-고객 데이터 추출/분석 (SQL/Excel)
-마케팅 캠페인 기획 보조 (리텐션/리마인드 메시지 등)
-캠페인 성과 리포트 작성
-툴 사용 보조 (ex. Salesforce, Braze, Google Analytics)
이 중에서 멘티님은 데이터 툴 사용 경험을 일부 보유하고 있으니, 실무적 용어로 표현을 정리하는 것만으로도 큰 차이를 만들 수 있습니다.


멘티님의 여정은 이미 잘 출발하고 있다고 생각합니다. 부족함보다는 어떻게 보여주느냐와 무엇을 강조하느냐가 중요합니다. 비전공자라는 배경은 오히려 다양한 시각을 줄 수 있고, 그 안에서 데이터를 활용해 고객을 이해하려 했던 시도들은 충분히 강점이 됩니다. 좋은 결과 있으시길 진심으로 응원합니다!",
135,마케팅/md,"엔터테인먼트 마케팅, 어떤 식으로 취준해야 할까요?",md 30-25,"안녕하세요, 멘토님. 평소에 콘텐츠와 대중문화에 관심이 많아서, 엔터테인먼트 업계의 마케팅 직무로 진로를 정하고 싶다는 생각을 오래 전부터 해왔습니다.




특히 앨범이나 공연, 콘텐츠가 대중에게 전달되는 과정과 마케팅 전략이 어떻게 세워지는지를 보면 늘 흥미롭고, 언젠가는 저도 그런 일에 직접 참여해보고 싶다는 마음이 커졌습니다.


하지만 막상 준비를 시작하려니 엔터 업계 마케팅이 구체적으로 어떤 일을 하는지, 무엇부터 준비해야 할지 잘 모르겠습니다. 광고홍보나 마케팅 관련 과목도 수강하고 있고, 학교 내 콘텐츠 관련 동아리 활동도 해보고 있지만, 이게 실제 현업에 도움이 되는 준비인지 확신이 들지 않아요.


혹시 엔터 마케팅 직무를 목표로 한다면, 어떤 역량을 갖추는 게 중요하고, 어떤 경험들을 쌓아두면 좋은지, 또 지금 시점에서 어떻게 방향을 잡고 준비를 해나가야 할지 조언을 주시면 정말 큰 도움이 될 것 같습니다.


현업의 생생한 이야기와 함께 현실적인 방향성을 듣고 싶어서 이렇게 질문드립니다. 바쁘시겠지만 답변 주신다면 감사한 마음으로 열심히 참고하겠습니다.
","마케팅 직무는 역할 범위가 넓어 엔터사 내에서도 구체적으로 어떤 포지션을 목표로 할지 명확히 하는 게 중요합니다.





먼저 주요 엔터사별 마케팅 직무 채용 공고를 살펴보시고, 필요한 역량과 경험을 파악한 뒤 취업 전략을 세우시는 걸 추천드립니다. 멘티님께서 직무 경험을 통해 쌓은 관점과 노하우를 증명할 자료로 준비하고, 지원하는 엔터사에 맞는 콘텐츠에 멘티님의 아이디어를 더하시면 좋습니다.


엔터 산업은 콘텐츠 소비 트렌드와 팬덤이 빠르게 변하는 감성 중심 시장입니다. 마케팅은 브랜드 경험을 설계하고 팬과 소통을 유도하는 전방위적 커뮤니케이션 역할을 합니다. 멘티님이 엔터 산업과 시장에 대해 어떤 관심과 관점을 가지고, 기획력과 커뮤니케이션 역량을 어떻게 발휘했는지, 또 이를 실제 성과로 연결했는지, 그리고 지원 기업의 니즈와 얼마나 부합하는지가 관건입니다.


<엔터 마케팅 취업 준비 로드맵>구분준비 사항세부 내용1순서기업/채용 공고 분석 → 요구 역량/직무 경험 파악 → 나와 연결, 가장 적용 가능한 직무 선택 → 직무 경험, 프로젝트 실행 → 포트폴리오 및 사전 제출 자료 준비2관점엔터 산업과 해당 기업에 대한 관심과 지원 이유, 콘텐츠에 대한 인사이트, 마케팅 관련 시장조사·분석·전략 기획, 대중 및 소비자 커뮤니케이션 경험과 배운 점, 타깃 기업에 맞춘 기획 아이디어3역량국내외 트렌드 및 엔터 시장 분석, 소비자 이해력(왜 특정 콘텐츠를 좋아하는가), 커뮤니케이션 실행력 (SNS 운영, 콘텐츠 제작, 팬 이벤트 기획 등 실무 경험)4증명 자료작업물, 성과 기록, 실제 지원 기업에서 요구하는 기획안 (면접 전 제출 자료로 미리 준비)5기타엔터사 업무 환경 및 높은 업무량 감수, 그럼에도 불구하고 지원하는 이유와 극복 방안 답변 정리


마케터로서 뾰족한 인사이트를 갖기 위해서는 트렌드를 민감하게 읽고 많이 실행해보는 경험이 필수입니다. 질문이 다소 간단해서 취업 준비 첫 단계에 맞춰 뼈대를 잡아드렸는데요, 멘티님께서 준비하면서 좀 더 구체적인 질문이 생기면 언제든 찾아주세요. 감사합니다.",
134,마케팅/md,"시작하는 마케팅 취준, 무엇부터 시작해야 할까요?",md 30-24,"최근 한 프로젝트 수업에서 팀원들과 브랜드 캠페인을 기획해본 경험을 계기로 마케팅이라는 분야에 관심이 생겼습니다. 소비자 입장에서 무심코 지나쳤던 광고나 프로모션 하나하나가 치밀한 전략과 데이터 기반 분석을 통해 만들어진다는 걸 알게 되면서, 이 일을 더 깊이 알아보고 싶다는 생각이 들었습니다.



하지만 워낙 넓고 다양한 분야라서 막상 ‘마케팅을 해보고 싶다’는 마음은 있지만, 구체적으로 어떤 분야를 먼저 접해봐야 할지 잘 모르겠습니다. 디지털 마케팅, 브랜드 마케팅, 퍼포먼스, CRM 등등 용어들도 낯설고, 무엇보다 어떤 경험부터 쌓아나가야 이 분야에 발을 들일 수 있을지 막막한 상황이에요.


아직 인턴 경험도 없고, 마케팅 관련 자격증이나 프로젝트도 본격적으로 해본 적은 없지만, 진지하게 관심을 갖고 방향을 잡아가고 싶습니다.


현업에 계신 멘토님이라면 마케팅 입문자로서 어떤 것부터 시작하면 좋을지, 어떤 경험이나 공부가 도움이 될지 조언을 듣고 싶습니다. 답변 주시면 진로를 설정하는 데 정말 큰 힘이 될 것 같습니다. 감사합니다!","진로 고민을 시작한 지금이 정말 좋은 타이밍이에요. 서비스경영학과 2학년이시라면, 마케팅 분야에 관심을 가지기에 아주 좋은 시기에 진로 준비를 시작하신 겁니다. 전공과의 연관성도 높고, 지금부터 방향을 잘 잡아나가신다면 다양한 분야에서 경쟁력을 갖추실 수 있어요.


1. “내가 팔고 싶은 것”부터 정해보세요
단순히 “마케팅을 하고 싶다”는 마음에서 한 걸음 더 나아가 보세요. 내가 관심 있는 브랜드, 산업, 상품군은 무엇인지 먼저 고민해보는 게 시작입니다. 예를 들어 화장품, 식음료, IT 서비스, 패션, 금융 등 어떤 분야가 끌리는지 떠올려보세요. 이걸 명확히 하면 이후에 기업 분석이나 콘텐츠 분석, 공모전 참가 등 모든 활동이 훨씬 집중력 있게 흘러갑니다.


2. 기초는 “이론+트렌드”, 실전은 “작은 프로젝트”부터
① 이론
-마케팅 기본 프레임워크: 4P, STP, 브랜드 포지셔닝은 꼭 정리해보세요.
-소비자 행동론도 가능하다면 함께 공부해보시길 추천드려요.


② 트렌드 감각 기르기
-트렌드 코리아, 캐릿, Z세대 소비 트렌드 리포트 등을 꾸준히 읽어보세요.
-SNS에서 기업 채널을 보면서 “왜 이 콘텐츠를 만들었을까?”를 생각해보는 것도 훈련입니다.


③ 실전 경험
-교내/외 마케팅 공모전, 대학생 연합 광고동아리 등에서 경험을 쌓아보세요.
-SNS 콘텐츠 운영, 퍼포먼스 광고 실습, 블로그 운영도 좋은 연습이 됩니다.
-실습한 결과물은 Notion이나 PPT로 포트폴리오화해두면 나중에 큰 자산이 돼요.




3. 마케팅도 결국은 ‘데이터’를 해석하는 일이에요
콘텐츠 기획력뿐 아니라, 성과 분석 능력도 중요합니다. 기초적인 툴 사용 경험이 있으면 확실히 차별화돼요.
-Google Analytics(GA4), Meta Ads Manager 같은 툴은 꼭 한 번씩 만져보세요.
-SQL이나 Excel도 기본 필터링, 정렬, 피벗 정도는 다룰 수 있도록 연습해보시길 추천합니다.


4. 인턴, 현업 탐색은 빠르면 빠를수록 좋아요
방학을 활용해서 브랜드 마케팅 인턴에 도전해보거나, 현직자 인터뷰나 멘토링 프로그램을 통해 실무자의 이야기를 들어보는 것도 큰 도움이 됩니다. 또는 SNS/유튜브 크리에이터의 마케팅을 돕는 서포터즈 활동도 좋은 경험이 됩니다.


5. 경험은 ‘스토리’로 연결하세요
마케팅은 결과만 보는 직무가 아닙니다. 어떤 과정을 통해 어떤 고민을 했고, 어떤 결과를 만들었는지가 중요해요.
면접에서는 이런 질문을 받게 됩니다.
-“왜 마케팅을 하고 싶나요?”
-“지금까지 그걸 위해 어떤 걸 해보셨나요?”


이 질문에 본인의 관심 → 공부 → 경험이 자연스럽게 연결된다면 진정성 있는 사람, 준비된 사람이라는 인상을 줄 수 있습니다.


끝으로, 호기심이 진로로 이어지는 이 시기를 즐기세요. 지금은 마케팅이 뭔지 조금씩 알아가고, 흥미를 느끼는 단계입니다.  아직 인턴이나 실무 경험이 없어도 괜찮아요. 지금처럼 차근차근 준비해가면 충분히 멋진 커리어를 만들 수 있습니다.


마케팅은 정말 다양한 배경의 사람들이 모이는 분야예요. 본인만의 강점을 잘 키워가길 바랍니다. 응원할게요!",
133,마케팅/md,"프랜차이즈 본사 취업, 이 정도 경험으로 승부를 볼 수 있을까요?",md 30-23,"외식산업과에서 전공 수업을 들으며 이론적인 지식뿐 아니라 실무적인 프로젝트도 많이 경험해왔습니다. 그중에서도 특히 기억에 남는 건 파스타 창업 프로젝트였는데요. 팀원들과 함께 브랜드 콘셉트를 기획하고, 메뉴를 개발한 뒤 실제로 시식 행사까지 진행해보는 경험이었습니다.




이런 경험들이 앞으로 외식 프랜차이즈 본사 취업에 어떤 방식으로 도움이 될 수 있을지 궁금합니다. 실제 실무에서는 어떤 요소를 높이 평가하는지도 알고 싶어요.


또한, 저는 현재 메뉴개발 직무와 마케팅 직무 중 어떤 쪽이 저에게 더 맞을지 고민하고 있습니다. 두 직무의 실제 업무 내용은 어떻게 다른지, 그리고 신입에게 어떤 역량을 요구하는지도 알고 싶습니다.


진로를 결정하는 데 도움이 될 수 있도록 조언 부탁드립니다!
","스티브 잡스는 스탠퍼드 졸업 연설에서 “connecting the dots”라는 표현을 사용했습니다. 인생에 쓸모없는 경험은 없으며, 당시에는 그저 점에 불과했던 사건들이 훗날 서로 연결되어 의미 있는 결과를 만들어낸다는 이야기였죠.


프랜차이즈 본사의 채용 공고(JD)를 보면 해당 직무에서 어떤 업무를 하는지 나와 있을 겁니다. 멘티님이 학과에서 배운 내용 중 분명 그와 관련된 것이 있을 거예요. 그리고 파스타 창업 프로젝트에서의 경험 역시 그 ‘점’ 중 하나일 수 있겠죠.


같은 학과를 나왔다고 해도, 누구나 자기소개서에 쓰는 이야기는 다릅니다. 멘티님이 어떤 배움을 얻었고, 어떤 고민을 했으며, 무엇을 느꼈는지는 멘티님만의 고유한 경험입니다. 바로 그 점에서 차별화가 시작됩니다.


제가 외식 업계 종사자는 아니지만, 상식적인 수준에서 메뉴개발과 마케팅 직무의 차이를 정리해보자면 이렇습니다. 메뉴개발 직무는 마케팅 기획의 일부로 볼 수도 있습니다. 기업에서는 단순히 맛있는 메뉴를 만드는 데 그치지 않고, 소비자가 좋아할 만하고, 브랜드 이미지와 잘 어울리며, 제조나 운영 측면에서도 실현 가능한 메뉴를 만드는 것이 중요합니다. 이 과정은 마케팅 부서와 개발 부서가 함께 고민하죠.


반면, 일반 마케팅 직무는 이미 개발된 제품이나 서비스를 어떻게 알릴 것인지, 어떤 가격과 프로모션으로 판매할 것인지, 어떤 유통 채널을 활용할 것인지 등을 계획하고 실행하는 역할을 합니다.




멘티님이 파스타 창업 프로젝트에서
-새로운 파스타 메뉴를 기획하고, 원가나 조리 프로세스를 고려해 개발해본 경험,
-그 파스타를 어떻게 홍보하고 어떤 방식으로 판매할지 고민했던 경험이 있으시다면, 두 직무의 성격을 모두 일부 경험해보신 셈입니다.

이제 스스로에게 물어보세요.
 ‘파스타를 직접 개발하고 레시피를 조율하는 과정’이 더 흥미로웠는지,  ‘개발한 파스타를 어떻게 브랜드화하고 고객에게 알릴지 고민하는 과정’이 더 흥미로웠는지. 답은 멘티님 안에 있고, 그 선택에 따라 필요한 준비를 하나하나 채워가면 됩니다. 아직은 충분히 준비할 시간도 있고, 경험을 쌓을 기회도 많으니까요.


진로를 고민하고 계신 이 시기, 경험 하나하나가 의미 있는 ‘점’으로 남아 미래를 연결해 줄 거라 믿습니다. 힘내시고, 언제든 고민이 생기면 또 찾아주세요.
",
132,마케팅/md,"마케팅 취업을 위한 광고 경험, 이건 어떨까요?",md 30-22,"안녕하세요, 멘토님. 광고 집행과 유관 데이터 분석 경험을 쌓기 위해 메타(Instagram/Facebook) 광고 집행을 준비하고 있습니다.


마케팅 직무에 지원할 때, 광고 집행 경험은 거의 필수적으로 JD에 포함되거나 우대사항으로 적혀 있어 3개월 내 취업을 목표로 한 현재, 이번 기회를 통해 꼭 경험을 쌓고 싶습니다. 


신생 계정이라 타깃층도 아직 많지 않고, 어떤 콘텐츠에 수요가 있을지도 명확하지 않아서 초기에는 테스트성 광고를 집행해 데이터를 확보하는 데 집중하려고 합니다. 이와 관련해 몇 가지 궁금한 점이 있어 조언을 부탁드리고자 합니다.



<1. KPI 설정 기준에 대한 고민>저장 수, CVR(팔로워 전환율), CPR과 같은 지표를 주요 목표로 삼고 싶은데, 이러한 KPI는 어떤 기준으로 설정해야 실무적으로 유의미할까요?


예를 들어 CVR은 평균적으로 2% 정도로 예측하고 목표를 설정해보려 하는데, 혹시 참고할 수 있는 산업 평균값이나 실무 기준이 있을지, 아니면 테스트 후 자체 기준을 세우는 것이 더 나은지 궁금합니다. 광고 기간은 7일 정도로 계획 중이고, 실무와 유사한 환경을 최대한 구현해보려 합니다.


<2. 실무에서의 광고 집행과 연결성>광고를 집행하면서 가장 고민되는 점은, 이런 초기 실험이 실제로 실무에서 의미 있는 성과로 받아들여질 수 있을지입니다. 단순히 ""광고를 돌려봤다""는 경험을 넘어서, 데이터 기반의 인사이트를 도출하고 싶습니다.


또, 실제 실무에서도 AE(광고기획자)나 퍼포먼스 마케터가 아니더라도 브랜드 SNS를 맡는 경우, 이런 방식의 광고 집행을 자율적으로 운영하거나 테스트해보는 경우가 많은지도 궁금합니다. 특히 매거진 형태의 계정이다 보니, 콘텐츠 주제가 하나의 브랜드처럼 명확하지 않아 광고 메시지와 타깃을 명확히 잡기 어려운 점도 고민 중입니다.


다음 주에는 실제로 광고를 집행할 계획이라, 멘토님의 조언이 큰 도움이 될 것 같습니다. 답변 가능하신 부분만이라도 조언 부탁드립니다. 감사합니다!","먼저, 직접 광고를 집행해보며 단순 경험을 넘어 인사이트까지 얻고자 하시는 시도가 정말 인상 깊습니다. 진지하게 준비하시는 만큼, 실무적인 관점에서 어떤 방식이 더 전략적인지 중심을 잡아드리고자 합니다.


<1. 광고보다는 콘텐츠 실험이 실무에 더 가깝습니다>
현재 계정처럼 팔로워가 적고 반응이 많지 않은 상태에서는 소액 광고를 집행해도 ‘왜 반응이 없었는지’를 판단하기 어려운 상황이 생깁니다. 실무에서는 테스트 광고도 적어도 2주 이상의 기간과 충분한 예산을 전제로 하고, 수백~수천만 원 단위로 집행하기도 합니다. 이와 비교하면 단기·저비용 광고 테스트는 데이터 해석에 한계가 있을 수밖에 없습니다.


실제로 광고 대행사 AE의 주된 업무는 미디어 집행보다는 콘텐츠 기획과 전략 설계입니다. 즉, “이 콘텐츠가 누구에게, 어떤 메시지를 전달할 것인가”를 설계하는 일이 더 중요합니다. 지금 계정이 가진 아이디어는 충분히 좋기 때문에, 콘텐츠를 더 정교하게 실험하고 운영해보는 것이 실무 감각을 키우는 데 효과적입니다.


<2. 작게라도 A/B 테스트를 시도해보세요>
광고 대신 콘텐츠 실험을 통해 직접 데이터를 만들고 분석하는 방법도 충분히 실무적입니다. 아래와 같은 방식으로 시도해보시면 좋습니다:
-하나의 콘텐츠를 만들고, 썸네일 또는 문구를 각각 다르게 설정해 3가지 버전으로 업로드
-각 버전별 저장 수, 팔로워 전환률, 공유 수 등 기본 지표 비교
-인사이트를 바탕으로 어떤 요소가 작용했는지 짧은 리포트 형태로 정리


이런 실험은 실제 대행사에서도 자주 활용되는 방식이며, 광고 예산 없이도 정량적인 비교가 가능합니다. 오히려 광고보다는 이런 실험과 리포트 작성이 더 실무적일 수 있습니다.





<3. 계정 방향성과 타깃 정의도 고민해보세요>
계정이 매거진 형태로 다양한 콘텐츠를 다루는 구조라면, 더더욱 “누가 이 콘텐츠를 보고 있는가”, “어떤 반응을 기대하는가” 를 명확히 정리해볼 필요가 있습니다. 실제 브랜드 계정을 운영할 때도 타깃 설정과 콘텐츠 톤앤매너의 일관성이 중요하게 다뤄집니다.


지금과 같은 상황에서는 팔로워 수보다 콘텐츠의 완성도, 기획의도, 실험 기록이 더 큰 강점이 될 수 있습니다. SNS를 하나의 브랜드처럼 설계하고 운영해본 경험 자체가 훌륭한 포트폴리오가 될 것입니다.


<마무리하며>
소액 광고 자체는 실무 경험으로서 한계가 있지만, 콘텐츠 실험과 전략적 기획을 중심으로 경험을 쌓는다면 충분히 경쟁력 있는 포트폴리오가 될 수 있습니다. 실행 → 분석 → 정리의 흐름을 꾸준히 시도해보세요. 분명히 취업 시 강력한 무기가 될 수 있습니다.


응원합니다. 도움이 되었기를 바랍니다.


",
131,마케팅/md,"카피라이터의 포트폴리오, 무엇이 담겨야 하나요?",md 30-21,"저는 원래 광고와는 전혀 관련 없는 길을 걸어왔지만, 카피라이터라는 직업을 알게 된 이후로 마음이 완전히 바뀌었습니다. 글로 사람의 마음을 움직이고, 생각을 바꾸는 이 직업이 정말 매력적으로 느껴졌고, 제가 살아온 방식이나 관심사와도 잘 맞는다는 생각이 들어 진로를 이쪽으로 정하게 됐습니다.


하지만 아무래도 기초 지식이 부족하다 보니, 어디서부터 어떻게 준비해야 할지 많이 막막한 게 사실이에요. 그중에서도 가장 고민이 되는 건 바로 포트폴리오입니다.



책이나 강의를 찾아봐도 “자기만의 글을 써야 한다”, “개성 있는 글”, “사람의 마음을 끌어야 한다” 같은 말들은 많은데, 정작 어떤 형식으로, 어떤 기준으로 포트폴리오를 만들어야 하는지에 대한 구체적인 안내는 찾기 어렵더라고요.


기본적인 틀이나 예시만 있어도 방향을 잡을 수 있을 것 같은데, 지금 제가 만든 결과물들이 맞게 하고 있는 건지조차 확신이 없습니다.


그래서 여쭙고 싶습니다.카피라이터 포트폴리오는 어떤 기준과 방식으로 만들어야 하는지, 처음 시작하는 입장에서 참고할 수 있는 형식이나 방향이 있다면 조언 부탁드립니다. 감사합니다!
","안녕하세요.카피라이터를 꿈꾸며 포트폴리오 준비에 대해 고민하고 계신 마음, 참 잘 전해졌습니다. 막막한 마음 안고 하나씩 시작해 나가고 계신 모습이 정말 멋집니다.


먼저, 포트폴리오는 나 자신을 세상에 소개하는 첫 번째 광고물이라고 생각하시면 좋습니다. 어떤 형식이어야 한다는 정답은 없지만, 기본적으로는 나를 소개하고, 내가 어떤 과정을 거쳐 이 결과물을 만들었는지 보여주는 것이 중요합니다.





예를 들어, 포트폴리오에는 다음과 같은 내용이 자연스럽게 담기면 좋습니다.
-간단한 자기소개와 이력
-광고를 하기 위해 내가 어떤 준비를 해왔는지 (공모전, 대외활동, 개인 프로젝트 등)
-평소 써온 글이나 작업물 중 나의 ‘창작 노력’이 담긴 것
-결과물이 나오기까지 어떤 생각의 흐름을 따라갔는지


결과물 자체도 중요하지만, 왜 이런 아이디어를 떠올렸고, 어떤 관점에서 접근했는지를 함께 풀어내는 것이 훨씬 인상 깊게 다가옵니다. 


그리고 무엇보다도 중요한 건 전체적인 ‘컨셉’을 정하는 것입니다. 내가 어떤 사람인지, 어떤 광고를 하고 싶은지, 어떤 가치관을 가지고 있는지를 중심에 두고 포트폴리오 전체에 나만의 분위기와 색깔이 흐르도록 만들어보세요.


보통은 PPT 형식으로 작업한 후 PDF로 제출하지만, 꼭 그렇게 해야 하는 건 아닙니다. 저는 예전에 영상으로 만들어본 적도 있고, 정석대로 PPT로 만든 경우도 있었어요. 형식보다 중요한 건 ‘이 사람이 누구인지’, ‘무엇을 고민하고, 어떤 방향으로 나아가고 있는지’를 진심 있게 보여주는 거예요.


카피라이터라는 길은 분명 쉽지 않고, 때로는 ‘운’이 크게 작용하는 일도 있습니다. 하지만 결국 중심을 잘 잡고 나아가는 사람이 오래 갑니다. 막연한 불안보다 나 자신을 믿고, 꾸준히 표현하고 보여주다 보면 어느 순간 ‘나답게’ 만들어진 포트폴리오가 생기게 될 거예요.


지금의 고민도, 망설임도 모두 이 여정에서 아주 소중한 부분입니다. 부디 조급해하지 마시고, 차분히 당신만의 이야기를 만들어가시길 바랍니다. 응원하고 있을게요.
",
130,마케팅/md,"취업까지 생각하는 대학생활, 어떤 걸 해야 할까요?",md 30-20,"취업을 준비하면서 ""자기소개서는 만들어가는 것""이라는 조언을 들었습니다. 막연히 스펙을 쌓기만 할 게 아니라, 쓰고 싶은 자소서 내용에 맞춰 대학 생활을 계획해야 한다는 뜻이었죠. 그 말을 듣고 나니, 제가 그동안 무엇을 위해 달려왔는지 다시 한번 생각하게 되었습니다.




어떤 활동을 해야 하는지, 어떤 경험을 쌓아야 하는지 막막하기만 합니다. 스토리를 만들고 싶어도 어떤 내용이 기업에 어필될지 감이 오지 않아요. 혹시 멘토님께서 보시기에, 대학 생활 중 자기소개서에 작성하면 좋을 만한 활동이나 경험들을 추천해주실 수 있나요?","멘티님, 취업을 위해 대학 생활을 미리 계획하는 모습이 정말 대단합니다. 많은 학생들이 3학년이 되어서야 부랴부랴 준비하는데, 지금부터 차근차근 계획을 세운다면 분명 원하는 곳에 취업할 수 있을 거예요.


자기소개서는 결국 '나는 어떤 사람이고, 어떤 역량을 가졌는가'를 보여주는 글입니다. 거창한 경험만이 중요한 게 아니라, 사소한 경험이라도 그 안에서 무엇을 배우고 성장했는지를 명확히 보여주는 것이 핵심이죠. 물리치료학과라는 전공의 특성을 살리면서도, 어떤 직무든 도움이 되는 보편적인 역량을 키울 수 있는 활동들을 구체적으로 말씀드릴게요.


<1. 지식 습득을 넘어 '실행력'을 보여주는 활동>
많은 학생들이 자기소개서에 '열심히 공부했습니다'라고 쓰지만, 기업은 '그래서 뭘 할 수 있는 사람인가'를 궁금해합니다. 지식을 실제로 적용해 본 경험이 중요해요.


-교내 프로젝트/공모전 참여: 물리치료학과라면 의공학, 재활, 헬스케어 분야에 특화된 공모전이나 학술 프로젝트가 있을 거예요. 꼭 수상하지 않아도 괜찮습니다. '환자의 재활을 돕는 보조 기구 아이디어' 같은 주제로 팀원들과 함께 기획하고, 실제 모형까지 만들어보는 경험은 문제 해결 능력과 협업 능력을 동시에 보여줄 수 있습니다.


-관심 분야 서포터즈/봉사 활동: 보건소나 복지관에서 어르신 재활을 돕는 봉사를 해 보세요. '환자의 불편함을 개선하기 위해 어떤 솔루션을 제안하고 실행했는지'에 초점을 맞추면, 직무에 대한 관심뿐만 아니라 고객 중심적 사고를 어필하는 좋은 소재가 됩니다.





<2. '함께' 성장하는 '협업' 경험>
회사에서는 혼자 일하는 경우가 거의 없습니다. 다양한 사람들과 원활하게 소통하고 협력하는 능력이 필수적이죠.


- 팀 프로젝트나 동아리 활동에서 '역할' 맡기: 단순히 '조원들과 협력했다'가 아니라, '갈등 상황에서 의견을 조율하기 위해 내가 어떤 노력을 했는지'를 구체적으로 작성하세요. 팀원 간 역할 분담이 모호했을 때 먼저 나서서 각자의 강점에 맞는 역할을 제안하고, 프로젝트 일정을 관리했던 경험 등을 어필할 수 있습니다.


- 학생회나 학과 소모임 활동: 학과 행사나 모임에서 총무, 기획팀 등 특정 역할을 맡아보세요. 예산을 효율적으로 관리하거나, 새로운 행사를 기획해서 참여율을 높이는 등 주도적으로 문제를 해결한 경험은 조직에 대한 기여 의지와 책임감을 보여주는 좋은 사례가 됩니다.


<3. 전공 외의 '다양성'을 보여주는 활동>
물리치료학과라는 전공 외에 자신만의 특별한 강점을 어필하는 것도 좋은 전략입니다.


-언어 또는 제2외국어 스터디: 외국인 환자나 해외 진출 등 다양한 상황에서 언어 능력이 중요해지고 있습니다. 단순히 토익 점수만 올리는 것이 아니라, 영어 스터디 모임을 만들어 꾸준히 소통하며 실력을 향상시킨 과정을 보여주는 것도 좋습니다.


아직 1학년이니, 조급해하지 않아도 괜찮습니다. 지금부터라도 사소한 경험 하나하나를 소중하게 여기고, '이 경험에서 나는 뭘 배웠지?'라는 질문을 던지며 정리하는 습관을 들이세요. 이 경험들이 쌓여서 훗날 당신만의 특별한 자기소개서가 될 것입니다. 파이팅!
",
129,마케팅/md,"이직 불안, 멘토님은 어떻게 관리하셨나요?",md 30-19,"안녕하세요, 멘토님. 패션 기업에서 근무하다 최근 퇴사 후 중고 신입으로 이직을 준비하고 있는 27살입니다. 경력 단절과 '물경력'이라는 생각에 자신감이 많이 떨어지고 조급한 마음이 큽니다.


지난 경력을 정리하며 상품 기획, 시장 분석, 협업 제품 출시, 매출 성장 등의 경험과 성과를 찾긴 했지만, 대기업에 지원하기에는 부족해 보이고 어떻게 논리적으로 어필해야 할지 막막합니다.


또한, 패션 기업에만 재직하다 보니 백화점, 면세점 같은 유통 기업에도 함께 지원하려 하는데, 유통 트렌드나 자소서에 '입사 후 기여하고 싶은 점'을 어떻게 써야 할지 조언을 구하고 싶습니다.


이렇게 고민하다 보니 자신감이 낮아지는 것이 가장 큰 문제인 것 같습니다. 얼른 입사해야 한다는 압박감도 크고요. 멘토님께서는 준비 기간 동안 어떻게 멘탈 관리를 하고 공백기를 자소서에 녹여내셨는지 궁금합니다.


바쁘신 와중에 제 질문을 읽어주셔서 감사합니다.","패션 MD, 유통업계로의 중고 신입 준비로 마음이 복잡하시겠군요. 의상디자인 전공부터 시작해 상품 기획, 디자인 인턴, 온라인 MD까지 다양한 경험을 쌓아오신 점은 결코 '물경력'이 아닙니다. 오히려 다양한 관점을 가진 인재라는 강력한 무기가 될 수 있습니다. 저 역시 IT, 유통, 제조업을 모두 경험하며 비슷한 고민을 했기에, 그 막막함과 조급함을 누구보다 잘 이해합니다. 질문해주신 내용을 바탕으로 솔직하고 현실적인 조언을 드릴게요.


<경험, 경력에 대한 어필 포인트 찾는 법>
짧고 다양한 경험에 자신감이 떨어지셨다고요. 하지만 이 짧은 경험들을 점이 아닌 선으로 연결하는 스토리텔링이 중요합니다. 상품 기획부터 디자인, 온라인 MD까지의 경험은 패션 상품이 기획되고 소비자에게 전달되는 전체 과정을 깊이 이해하고 있다는 것을 의미해요.


상품을 기준으로 스토리텔링하기: 자기소개서에 각각의 경험을 나열하는 대신, 하나의 상품이 탄생하고 시장에서 성공하기까지의 과정을 중심으로 스토리를 만들어보세요. 예를 들어, ""상품 기획 인턴으로 특정 트렌드를 분석했고, 디자인 인턴으로 그 아이디어를 시각화했으며, 온라인 MD로서 그 상품의 매출을 성장시켰다""는 식으로 연결하는 겁니다.


STAR 기법으로 구체화하기: 모든 경험은 Situation(상황)-Task(과제)-Action(행동)-Result(결과) 기법으로 정리해 보세요. 저 역시 이 기법을 활용해 좋은 결과를 얻었습니다.
S (상황): ""경쟁사 대비 낮은 매출로 어려움을 겪는 상황이었습니다.""
T (과제): ""온라인 채널 매출을 20% 성장시켜야 하는 과제를 맡았습니다.""
A (행동): ""고객 구매 데이터를 분석해 2030 세대에게 인기 있는 특정 상품의 상세 페이지를 재구성하고, 인스타그램 인플루언서와 협업 마케팅을 진행했습니다.""
R (결과): ""그 결과, 해당 상품의 온라인 매출을 3개월 만에 35% 성장시킬 수 있었습니다.""
이렇게 정리하면 '물경력'이 아니라, 성과를 만들어낼 수 있는 역량 있는 경력으로 탈바꿈합니다.




<유통 기업 트렌드와 입사 후 기여 방안>
패션 기업에서 유통 기업으로의 이직은 단순히 직무를 바꾸는 것이 아니라, '상품'에서 '고객 경험'으로 초점을 바꾸는 것입니다.


유통 트렌드 분석: 백화점이나 면세점은 이제 단순히 물건을 파는 곳이 아니에요. '경험'을 파는 공간으로 변화하고 있습니다. 백화점은 팝업 스토어나 F&B를 강화해 고객 체류 시간을 늘리고, 면세점은 온라인 라이브 방송을 통해 잠재 고객을 확보하는 등 다양한 시도를 하고 있죠.


나만의 '고객 경험' 제안하기: 이직 후 기여 방안은 단순히 ""매출을 올리겠습니다""가 아니라, '어떻게' 매출을 올릴지에 대한 구체적인 아이디어를 제시하는 것이 좋습니다. 온라인 MD 경험을 살려 ""온라인몰 고객 데이터를 분석해 젊은 고객층을 위한 '럭셔리 팝업 스토어'를 기획하고 싶습니다. 이를 통해 온라인 채널 유입을 늘리고 오프라인 매장 방문으로까지 유도하겠습니다""와 같이 구체적인 계획을 제시해 보세요. 유통 기업은 채널의 특성을 이해하고 새로운 고객 경험을 창출할 수 있는 인재를 원합니다.


<취준 기간 멘탈 관리와 공백기 설명>
저 역시 취업 준비 기간에 수많은 서류 탈락과 면접의 고배를 마셨습니다. 나이와 공백기에 대한 압박은 중고 신입이라면 누구나 느끼는 감정이에요.


공백기, '성장의 시간'으로 정의하기: 공백기를 단순히 '쉬는 시간'으로 생각하지 마세요. '다음 커리어를 위한 준비와 성장의 시간'으로 정의하고, 그 기간 동안 무엇을 했는지 구체적으로 설명하는 것이 중요합니다. 예를 들어, ""경험을 되돌아보며 패션 MD뿐 아니라 유통 전반에 대한 이해도를 높이기 위해 유통관리사 자격증을 공부하고, 다양한 유통 채널의 트렌드를 분석했습니다""와 같이 말하면, 조급해서 쉬고 있는 사람이 아니라 다음을 위해 철저히 준비하는 사람이라는 인상을 줄 수 있습니다.


멘탈 관리: 자신감을 잃지 않는 것이 가장 중요해요. 저는 매일 아침 거울을 보며 ""나는 유일무이한 경험을 가진 사람이다. 이 경험을 필요로 하는 회사는 반드시 있다""고 스스로 되뇌었습니다. 또, 취업 준비를 '나만의 프로젝트'로 생각하고, 하루하루 작은 목표(이력서 1개 작성, 자소서 1개 수정 등)를 달성하며 성취감을 느끼는 것도 좋은 방법입니다. 긍정적인 생각과 꾸준한 실행력은 결국 좋은 결과를 가져올 거예요.
",
128,마케팅/md,"마케팅 직무, 정말 현직도 이렇게 막막한가요?",md 30-18,"안녕하세요, 멘토님. 저는 8학기 수료 후 2026년 2월 졸업 예정인 25세 여학생입니다. 그동안 대외 활동으로 쌓은 콘텐츠 제작 및 SNS 운영 경험을 바탕으로 홍보/마케팅 분야 인턴으로 근무했습니다. 동시에 창업학회 활동과 공모전 참여를 통해 다양한 경험을 쌓았습니다.



그런데 오히려 이러한 활동을 하면서 PR·마케팅 직무가 저와 잘 맞지 않는다는 생각이 들었습니다. 제가 이렇게 느낀 이유에는 다음과 같은 세 가지가 있습니다.


1.모호함과 압박: 인턴 과정에서 사업 컨셉 기획, 홍보물 제작, 인플루언서 발굴 등을 경험했는데, 정해진 답이 없어 '무조건 잘해야 한다'는 부담감을 크게 느꼈습니다. 스스로 창의적인 사람이라고 생각했지만, 오히려 루틴한 업무를 더 편안하게 잘해내는 것 같아 혼란스럽습니다.


2.반복되는 업무: 인턴과 학회를 병행하며 콘텐츠를 계속해서 만들어야 했는데, 반복되는 작업에 '지겹다'는 감정을 느끼면서 콘텐츠 마케팅은 하고 싶지 않다고 생각했습니다.


3.아이데이션의 어려움: 공모전에서 팀원들과 아이데이션을 할 때, 시장 및 소비자 분석을 철저히 했음에도 불구하고 창의적이면서 논리적인 마케팅 방안을 도출하는 데 어려움을 겪었습니다.


이러한 회의감에 계속 고민하고 있습니다. 정규직으로 취업하면 인턴 때와는 다를까요? 아니면 제가 느낀 이 모호함과 압박감이 이 직무의 본질일까요? 경험이 풍부한 멘토님의 고견을 듣고 싶습니다.","멘티님이 보내주신 글을 보며, 그동안 얼마나 진지하게 자신과 직무에 대해 고민했는지 잘 느껴집니다. 결론부터 말씀드리면, 멘티님이 느끼신 막연함과 부담감은 직무의 본질일 수도 있지만, 동시에 어떤 회사와 산업에서 일하느냐에 따라 크게 달라질 수 있습니다.


<마케팅 업무의 스펙트럼, 정규직이 되면 달라지는 것들>
멘티님이 인턴으로 경험한 크리에이티브 기획, 콘텐츠 제작, 인플루언서 발굴 등의 업무는 주로 광고 대행사나 소규모 B2C 스타트업에서 활발하게 이루어지는 일입니다. 이러한 환경은 끊임없이 새로운 아이디어를 내고 트렌드를 쫓아야 하기에, 멘티님이 느끼셨던 것처럼 '정해진 답이 없는' 모호함과 압박이 클 수밖에 없습니다. 


하지만 모든 마케팅이 그런 것은 아닙니다. 만약 다음과 같은 방향을 고려한다면, 멘티님이 선호하는 정형화된 루틴 업무를 찾을 가능성이 높습니다.
-산업군 전환: B2B(기업 간 거래) 산업의 경우, 불특정 다수에게 어필하는 B2C 마케팅과 달리 소수의 전문 고객사를 대상으로 합니다. 때문에 '창의성'보다는 논리적인 데이터 분석, 효율적인 리드(잠재 고객) 확보, 관계 구축에 초점을 맞춘 마케팅을 주로 합니다.
-회사 규모 전환: 대규모 대기업이나 금융권과 같은 보수적인 조직에서는 마케팅 활동이 명확한 가이드라인과 절차에 따라 진행되는 경우가 많습니다.
-세부 직무 전환: 퍼포먼스 마케팅 분야는 데이터와 숫자를 기반으로 합니다. A/B 테스트, ROAS(광고 투자 대비 수익률) 분석, 키워드 최적화 등 논리적이고 정량적인 업무가 중심이 되어 멘티님이 선호하는 루틴한 업무에 더 가깝습니다.



<다음 스텝, 다양한 현직자에게 질문해 보세요>
멘티님이 현재 느끼는 혼란은 매우 중요한 진로 탐색의 과정입니다. 이 시기에 특정 직무의 한 면만 보고 판단하기보다는, 다양한 산업군의 현직자를 만나보는 것을 강력하게 추천합니다.


학교 혹은 지역 지자체에서 진행하는 현직자 강연 및 멘토링 세션을 찾아보세요. 이 기회를 통해 IT, 금융, 제조업 등 다양한 산업의 마케팅 현직자에게 그들의 일과, 팀 문화, 의사결정 방식에 대해 직접 질문해 보세요. 영업/마케팅 직군은 각 산업의 특성을 강하게 반영하므로, 직접적인 경험담이 큰 도움이 될 것입니다.


멘티님의 고민은 결코 헛된 것이 아닙니다. 자신의 적성을 명확히 이해하고 있다는 증거이기도 하니까요. 이 점을 잘 활용하여 원하는 산업과 직무를 찾아가길 진심으로 응원하겠습니다.",
127,마케팅/md,마케팅과 홍보의 차이 여러분 정말 제대로 알고 계신가요?,md 30-17,"저는 평소 기업의 홍보 업무에 큰 관심을 가지고 있습니다. 막연하게 기업의 좋은 소식이나 이미지를 외부에 알리는 일이라고만 생각해왔는데, 마케팅과 홍보가 어떻게 다른지 궁금해졌습니다.


겉으로 보기에는 두 직무 모두 기업을 알리는 일을 하는 것 같은데, 지향하는 목표나 실제 업무 방식에서 어떤 차이가 있는지 궁금합니다. 특히, 기업의 성공적인 브랜드 이미지 구축을 위해서는 마케팅과 홍보가 각각 어떤 역할을 하며, 두 부서는 어떤 방식으로 협업하는지 멘토님의 고견을 듣고 싶습니다.


바쁘신 와중에 제 질문을 읽어주셔서 감사합니다","홍보와 마케팅은 언뜻 비슷해 보이지만, 사실 지향하는 목표와 활동 방식에서 분명한 차이가 있습니다. 핵심 개념을 쉽게 설명해 드릴게요.


<브랜드 인지 vs. 매출 증대>
홍보(Public Relations)는 기업의 존재와 브랜드를 대중에게 '인지'시키고 친숙하게 만드는 행위입니다. 당장의 매출보다는 장기적인 기업 평판과 신뢰를 쌓는 데 중점을 둡니다.


예를 들어, '마음이 합니다'라는 슬로건을 통해 진심을 다하는 따뜻한 보험사라는 이미지를 심어주는 활동은 홍보 담당자들이 하는 브랜드 커뮤니케이션에 속합니다. 이는 소비자의 마음속에 긍정적인 브랜드 이미지를 구축하는 데 목적이 있습니다.


마케팅(Marketing)은 기업의 본업과 관련된 영업 증진 및 매출 증대를 위한 활동입니다. 특정 상품이나 서비스를 소비자에게 판매하는 것에 초점을 맞춥니다. 예를 들어, 회사에서 특정 보험 상품을 집중적으로 판매하기로 결정했다면, 고객들에게 이 상품이 왜 필요한지 설득하고 상품의 특장점을 알리는 활동은 마케팅적인 접근이라고 볼 수 있습니다.




<기업마다 다른 역할 구분>
이러한 구분 개념은 기업의 규모나 문화에 따라 조금씩 다르게 적용되기도 합니다. 어떤 회사에서는 홍보팀이 마케팅팀의 하위 개념이 되기도 하고, 반대로 마케팅팀이 홍보팀의 역할을 일부 수행하는 경우도 있습니다. 중요한 것은 두 직무 모두 기업의 목표 달성을 위해 상호 보완적인 역할을 한다는 점입니다.


답변이 궁금증 해결에 도움이 되었기를 바랍니다.
",
126,마케팅/md,"마케터, 특정 콘텐츠들에 민감해야 할까요?",md 30-16,"멘토님. 지난번 조언 덕분에 마케팅 직무에 대해 더 깊이 고민하고 있습니다. 몇 가지 궁금한 점이 있어 다시 연락드립니다.



1.산업군 선택과 대행사 경험의 관계 챗지피티에 질문해본 바로는 대행사가 여러 분야의 마케팅을 동시에 담당한다고 해서, 저는 대행사에 들어가면 다양한 산업군을 경험할 수 있겠다고 생각했습니다. 그런데 멘토님께서는 산업군을 고르라고 조언해 주셔서, 무엇이 맞는지 대행사의 역할과 산업군 전문성에 대해 자세한 설명을 들어보고 싶습니다.


2.드라마/연예/유튜브에 관심이 없으면 마케팅이 어려울까요? 마케팅을 하려면 유행에 민감해야 한다고 생각하는데, 저는 드라마, 영화, 연예인, 유튜브 등을 즐겨 보지 않는 편이라 이 부분이 걱정됩니다. 대신 인스타그램을 활발히 이용하며 일러스트 작가들의 밈 활용 콘텐츠 등을 통해 유행을 파악하는 편입니다. 특정 미디어(드라마/연예계/유튜브)에 크게 관심이 없으면 마케팅 직무를 수행하기 힘들지 궁금합니다.


3.마스코트 활용 콘텐츠 기획자로 성장하고 싶습니다. 요즘 공기업, 지자체, 사기업들이 마스코트를 활용한 SNS 채널을 활발하게 운영하는 것을 보고 이 분야에 흥미를 느꼈습니다. 추후 마스코트 활용 콘텐츠 제작 쪽으로 진출하고 싶은데, 이 분야의 전문성을 갖추기 위해 어떻게 준비하면 좋을지 조언을 구하고 싶습니다.


바쁘신 와중에 제 질문을 읽어주셔서 감사합니다.","멘티님의 질문과 고민은 마케팅 직무의 핵심을 꿰뚫고 있습니다. 특히 자신의 장단점을 솔직하게 분석하고 대안을 찾는 모습이 훌륭합니다. 질문에 대한 구체적이고 현실적인 답변을 드릴게요.


<1. 대행사 vs. 인하우스: 경력의 깊이와 넓이>
멘티님이 이해하신 대로, 대행사에 입사하면 여러 산업군의 프로젝트를 동시에 경험할 수 있습니다. 패션, 뷰티, IT, 금융 등 다양한 브랜드를 맡아보면서 본인의 흥미와 적성이 어느 산업군에 맞는지를 폭넓게 탐색할 수 있는 장점이 있습니다. 이는 경력의 '넓이'를 확장하는 데 유리합니다.


반면, 제가 산업군을 미리 고려하라고 말씀드린 이유는 인하우스 지원을 염두에 둘 때입니다. 인하우스 마케터는 특정 기업 안에서 한 산업군을 깊이 있게 다루게 되는데, 이때 해당 산업에 대한 이해도가 강력한 무기가 됩니다. 대행사 경험을 통해 본인에게 맞는 산업군을 찾았다면, 이후 인하우스로 이직할 때 해당 산업의 전문성을 효과적으로 어필할 수 있습니다.


<2. 마케팅과 트렌드: 소비자의 마음을 읽어내는 힘>
두 번째 질문은 마케팅에 대한 매우 건설적인 의문입니다. 마케팅을 하려면 유행에 민감해야 하는 것은 맞습니다. 하지만 유행을 좁게 '연예인'이나 '드라마'에 한정해서 생각할 필요는 없습니다.


마케팅의 본질은 하나의 크리에이티브에 있지 않고, 제품(Product), 가격(Price), 유통(Place), 프로모션(Promotion)을 아우르는 '마케팅 4P' 전체를 어떻게 전략적으로 설계하고 운영하느냐에 있습니다. 연예인이나 유튜브에 관심이 크지 않아도, 사람들이 어디에 주목하고 어떤 '밈(Meme)'에 반응하는지를 객관적으로 관찰하고 해석할 수 있다면 충분히 강점을 살릴 수 있습니다.


멘티님이 인스타그램에서 일러스트 작가들의 밈 활용 사례를 눈여겨본 것은 소비자 반응과 문화적 코드를 읽어내는 훌륭한 훈련입니다. 트렌드를 '향유'하는 것보다 트렌드를 '분석'하는 능력이 마케터에게는 더 중요합니다.




<3. 마스코트 활용 콘텐츠 기획자로 가는 길>
마스코트 활용 마케팅에 관심을 두신 것은 최근 기업과 공공기관의 친밀도 강화 트렌드와 정확히 맞닿아 있습니다. 이 분야로의 전문성을 갖추기 위해 다음과 같은 단계를 추천합니다.


1.성공/실패 사례 철저 분석: 현재 운영 중인 공공기관, 지자체, 사기업의 마스코트 채널들을 최소 10개 이상 팔로우하고 벤치마킹하세요. 어떤 마스코트가 어떤 톤앤매너로 소통하는지, 팔로워들이 어떤 콘텐츠(영상, 이미지, 텍스트)에 반응하는지를 분석해 보세요.


2.직접 프로젝트 실행: 분석을 바탕으로 가상의 마스코트를 설정하거나, 기존 마스코트 중 하나를 선택하여 콘텐츠 기획 프로젝트를 진행해 보세요. '타겟 연령층이 가장 좋아하는 밈을 활용한 마케팅 방안', '위기 시 마스코트 활용 커뮤니케이션 가이드' 등 구체적인 기획안을 작성하고, 일부 콘텐츠를 직접 제작하여 포트폴리오로 만드세요.


정리하자면, 마케팅은 '내가 대중문화를 얼마나 즐기는가'보다 '소비자의 관심이 어디로 향하는지 읽어내는 힘'이 더 중요합니다. 대행사 경험을 통해 산업군을 폭넓게 탐색해 보시고, 본인이 강점을 발휘할 수 있는 지점을 찾아가는 과정을 추천드립니다.",
125,마케팅/md,"세 곳 동시 합격, 어떤 마케팅 회사에 입사하는 게 좋을까요?",md 30-15,"안녕하세요, 멘토님. 세 곳의 회사에서 최종 합격 통보를 받으신 것을 진심으로 축하드립니다. 커리어의 중요한 기로에서 현명한 선택을 위해 조언을 구하고 싶습니다.



제가 합격한 세 회사의 직무와 주요 정보는 다음과 같습니다.
A사: 기획직 (면접 시 영업에 가깝다고 전달받음)
B사: 퍼포먼스 마케터 (전문적인 인바운드 영업 병행)
C사: AE (면접 시 영업직에 가깝다고 전달받음)


제 최종 목표는 제일기획(또는 그와 같은 국내 최고 수준의 종합 광고 대행사)입니다.


B사는 주 업무가 퍼포먼스 마케터이지만 인바운드 영업이 병행된다는 점, 그리고 A사와 C사는 직무 이름과 달리 실제 업무가 영업에 가깝다는 점에서 어떤 회사를 선택해야 목표에 더 빨리 도달할 수 있을지 혼란스럽습니다.


멘토님께서 보시기에 세 회사 중 제일기획과 같은 종합 광고 대행사(AE, 전략기획 등) 진출에 가장 유리한 디딤돌이 될 수 있는 회사는 어디인지, 그리고 이직을 위해 필요한 커리어 전략이 무엇인지 조언해 주시면 감사하겠습니다.
","우선 세 곳 모두에서 좋은 결과를 얻으신 점 진심으로 축하드립니다. 여러 회사의 합격 통보를 동시에 받는다는 건, 멘티님께서 이미 충분한 경쟁력을 갖추고 있다는 뜻입니다. 정말 수고 많으셨습니다. 다만, 오픈된 공간에서 특정 회사를 직접적으로 평가하는 것은 조심스러운 부분이 있어, 대신 '최종 목표 달성을 위한 커리어 방향 설정'의 관점에서 조언을 드리겠습니다.


1. 목표 설정의 명확화: 회사보다 '직무'가 먼저입니다.
멘티님께서 최종 목표를 제일기획이라고 하셨는데, 이때는 회사 이름보다 그 안에서 어떤 세부 직무로 성장하고 싶은가를 먼저 명확히 하는 것이 중요합니다.


제일기획 안에도 '기획(AE)', '전략(AP)', '제작(카피라이터, 아트디렉터 등)'처럼 역할이 매우 다양하고 세분화되어 있습니다. 즉, ""제일기획에 들어가겠다""보다 ""제일기획에서 어떤 포지션으로 성장하고 싶다""가 명확해야, 지금 합격하신 세 곳(A사, B사, C사) 중 어느 곳을 선택할지 그 방향에 맞춰 판단할 수 있습니다.


2. '실무 경험'을 기준으로 선택하세요.
멘티님은 A사, B사, C사 모두 직무명과 실제 업무 성격(영업 비중)의 괴리에 대해 우려하셨습니다. 따라서 원하시는 세부 직무와 가장 맞닿아 있는 '실제 업무 경험'을 쌓을 수 있는 곳으로 선택하시길 바랍니다.


-기획/전략 포지션 희망 시: 캠페인 제안, 마케팅 브리프 작성, 클라이언트 커뮤니케이션을 다뤄볼 수 있는 경험(AE 성격)이 더 적합할 것입니다.
-퍼포먼스/데이터 포지션 희망 시: 실제 매체 운영 경험, 데이터 분석을 통한 캠페인 최적화 경험을 쌓을 수 있는 곳이 더 적합할 것입니다.


'영업'이라는 요소가 끼어 있더라도, 그 영업을 통해 어떤 데이터를 얻고, 어떤 전략을 제안할 수 있는지를 경험할 수 있다면 이는 커리어 성장에 도움이 됩니다.





3. 장기적인 관점: 실력과 경험의 축적
제일기획은 국내 탑티어 광고 대행사로서 실력과 경험 모두를 요구하는 곳입니다. 가는 길이 쉽지는 않을 것입니다만, 방향성을 확실히 잡고 실무 경험을 쌓아 나간다면, 언젠가 충분히 도달할 수 있는 목표라고 생각합니다. (저 역시 여러 곳에서 경험을 쌓고 10년 차 때 TBWA에 경력직으로 입사했습니다.)


당장의 직무명보다는 3년 뒤 이직을 위한 포트폴리오에 어떤 성과와 프로젝트를 채울 수 있을지를 중심으로 고민해 보시길 바랍니다. 앞으로의 커리어 여정이 제일기획으로 향하는 단단한 발판이 되길 바랍니다. 화이팅입니다.",
124,마케팅/md,"패션 분야, 저는 어떤 직무를 택하는 게 좋을까요?",md 30-14,"안녕하세요, 멘토님. 경영학과 4학년에 재학 중인 23세 학생입니다. 경영학과에 진학했으나, 개인적으로 '꾸미는 일'이나 '정리하는 일'을 좋아하고 '사람들과의 만남'을 즐기는 저의 성향을 발견했습니다. 3학년 때 패션 비즈니스학과를 복수전공하며 패션 분야 진로를 희망하게 되었습니다.


처음에는 디자이너와 소비자 사이의 중간자 역할(패션 MD)을 목표로 하여, 자격증을 취득하고 패션쇼 의상 헬퍼 경험을 쌓았습니다. 하지만 졸업과 취업을 앞두고 '진짜 내가 하고 싶은 일이 맞을까?'라는 고민에 빠졌고, 저의 관심사를 기반으로 다음과 같은 5가지 직무에 흥미가 있음을 확인했습니다.


• 꾸미는 일: 패션 스타일리스트
• 마케팅 분야: 패션 마케터
• 글쓰기/기획: 패션 에디터
• 공간 연출/정리: VMD (Visual Merchandiser)
• 기존 목표: 패션 MD




어떤 직무를 선택해야 할지 고민이 깊습니다. 아직 경험이나 준비된 스펙이 부족하여, 어디서부터 어떻게 취업 준비를 시작해야 할지 막막합니다. 


멘토님께 다음과 같은 조언을 구하고 싶습니다.
1.직무 준비 방향: 현재 관심 있는 5가지 직무(MD, 스타일리스트, 마케터, 에디터, VMD)가 서로 연관되어 있는데, 확실하게 하나를 정하지 않고 통합적으로 준비하는 것이 전략적으로 맞을까요?


2.효율적인 스펙 및 경험 쌓기: 제가 어떤 스펙(자격증, 포트폴리오 등)이나 경험을 갖추는 것이 진로 탐색과 취업에 실질적으로 도움이 될까요?


3.최근 채용 트렌드: 요즘 기업/회사에서는 어떤 인재(역량, 태도)를 채용하거나 선호하는지 현직자로서의 의견이 궁금합니다.


바쁘신 와중에 제 고민에 귀 기울여 주셔서 감사합니다.","진심이 느껴지는 사연 잘 읽었습니다. 아직 22살이시라면 지금의 고민은 너무나 자연스러운 과정이에요. 진로는 ‘하나를 빨리 정하는 것’보다, ‘나한테 맞는 일을 탐색하면서 연결해가는 과정’으로 보시는 편이 좋겠습니다


1. 직무 탐색: 하고 싶은 게 많을 때는 '공통분모'를 찾으세요.
패션 MD, 스타일리스트, 마케터, 에디터, VMD 모두 다 다르게 보이지만 사실 '브랜드의 가치를 시각적, 경험적으로 전달한다'는 공통점이 있습니다. 따라서 지금은 '하나만 정해야 한다’보다, 공통된 역량을 키우는 통합 준비가 좋습니다.


예를 들어, 시장과 트렌드를 관찰하는 습관, 브랜드의 메시지를 시각적으로 표현하는 감각, 사람을 설득하는 커뮤니케이션 능력 이 세 가지는 어떤 직무를 하더라도 밑바탕이 됩니다. 방향은 나중에 더 구체화해도 괜찮습니다.


2. 취업 준비: 스펙보다는 이유가 있는 '경험'을 쌓으세요.
지금 시점에서 자격증보다는 직접 보고, 듣고, 정리해보는 경험이 더 중요합니다. 패션 브랜드의 매장이나 팝업스토어를 관찰하고, 인상 깊은 점을 리포트로 정리해보거나, SNS 콘텐츠 기획, 룩북 제작, 플리마켓 운영 같은 실무형 활동을 하는 것도 좋습니다. 아직 학생이시니까 교내 프로젝트나 공모전에서 ‘소비자 관찰, 기획, 실행’의 과정을 체험해보는 것과 같은 어떤 '활동'들이 진짜 경쟁력이 됩니다. 자격증은 보조 수단일 뿐이고, 경험이 곧 포트폴리오가 됩니다.


3. 기업 선호 인재상: '방향을 아는 사람'
저희 회사를 포함해서 많은 기업이 선호하는 인재는 ‘방향을 아는 사람’이에요. 요즘 기업은 스펙보다 자기 이해도와 태도를 봅니다. ‘내가 왜 이 일을 하고 싶은지’, ‘이 경험에서 무엇을 배웠는지’, ‘앞으로 어떤 관점으로 일하고 싶은지’ 이 세 가지를 명확하게 설명할 수 있는 사람이 눈에 띕니다.


마지막으로 꼭 말씀드리고 싶은 건, 지금의 고민은 늦음이 아니라 시작의 증거라는 점이에요. 이미 좋아하는 일을 발견했고, 탐색의 폭이 넓다는 건 큰 자산입니다. 지금부터는 ‘좋아하는 일’을 하나씩 ‘잘하는 일’로 만들어가면 됩니다. 궁금하신 점이 있으시면 언제든지 질문해주세요. 언젠가 함께 일할 날을 기대하며 응원하겠습니다 :)
",
123,마케팅/md,"마케팅 트렌드, 현직자는 어떻게 관찰하고 감각을 유지하나요?",md 30-13,"대학교 2학년생으로, 마케팅원론을 부전공으로 수강하며 마케팅 분야에 대한 관심을 키우고 있습니다. 마케팅은 탄탄한 이론도 중요하지만, 매번 변화하는 소비자의 니즈를 맞춰가는 유연하고 민감한 능력이 핵심이라는 것을 깨닫고 있습니다.


특히 4학년이 되어 본격적으로 취업을 준비하기 전에, 현직자처럼 트렌드를 더 잘 읽고 빠르게 반응할 수 있는 감각을 미리 키우고 싶습니다. 



멘토님께서는 현업에서 늘 성공적인 마케팅 전략을 구사하시는데, 이처럼 급변하는 시장 트렌드에 민감해지고 감각을 유지할 수 있는 구체적인 방법이 궁금합니다. 마케팅 전문가로서 트렌드를 선점하고 유연성을 기르기 위해 어떤 활동이나 습관을 갖는 것이 효과적인지 조언을 부탁드립니다.


미리 준비해서 경쟁력을 갖추고 싶은 2학년생에게 소중한 가이드라인을 주시면 정말 감사하겠습니다!","멘티님, 안녕하세요. 벌써부터 트렌드에 관심을 가졌다는 것 자체가 이미 좋은 출발이라고 생각합니다. 


본론으로 들어가 저는 마케터에게 트렌드란 단순히 유행을 빠르게 아는 능력이 아니라 '소비자들의 마음과 행동 변화를 민감하게 읽는 감각'이라고 생각해요. 제가 현업에서 느낀 점은 트렌드를 잘 파악하기 위해서는 관찰력과 맥락, 이해력이 가장 중요한 핵심이라는 점입니다! 이 역량을 꾸준히 발전시키기 위한 방법을 3가지로 말씀드릴게요.




<트렌드 감각을 키우는 3가지 방법>
1. 뉴스레터/리포트보다 사람들을 관찰하기
요즘 MZ세대, 알파세대의 트렌드를 알려주는 뉴스레터나 리포트는 많지만, 그보다 더 중요한 건 진짜 사람들이 어떤 생각과 행동을 하고 있는지가 중요해요.


예를 들어, 인스타그램 릴스나 틱톡에서 자주 등장하는 밈이나 밈형 문장을 관찰해보세요. 또한, 댓글을 보면서 사람들이 왜 반응을 하는지, 아니면 어떤 포인트가 공감을 일으켰는지를 파악하는 분석하는 습관을 들이는 연습을 해보면 많은 도움이 될 거라 생각합니다.

2. 트렌드 분석 루틴 만들기
트렌드는 쌓여야 감이 생기는 것 같아요. 매일 뉴스처럼 트렌드 소식을 접하는 루틴을 만들어보세요.


-매일/매주: 14F, 롱블랙 등 트렌드나 마케팅 인사이트에 대한 정보를 접할 수 있는 콘텐츠에 본인을 자주 노출시켜주세요.
-월 1회: 각 매체(ex. 메타 / 나스미디어 등)에서 제공하는 인사이트 리포트 읽기를 습관화하면 좋아요.


'내가 소비자라면 어떻게 반응했을까?' 혹은 '현재 소비자들은 어떻게 반응하고 있을까?'에 대해 관심을 가지고 생각해보면 훨씬 입체적으로 트렌드를 이해할 수 있습니다.


3. 직접 경험해보기
트렌드는 직접 써보고, 만들어볼 때 감이 생기는 것 같아요. 새로 뜨는 앱이 있거나, 쇼핑몰, 브랜드 캠페인이 있다면 직접 참여하면서 UX/UI나 카피를 경험해보고 분석해보는 것도 큰 도움이 될 것 같아요. 그리고 경험으로 쌓은 레퍼런스를 활용해서 스스로 콘텐츠를 만들어보는 것이에요. (예를 들어, '내가 이 브랜드의 담당자라면 어떤 식으로 써볼까?' 하고 연습해보는 거죠.)


이런 작은 경험들이 쌓이면 나중에 마케팅 기획을 할 때, 트렌드를 기반으로 기획하는 감각으로 연결됩니다.


설명하다 보니까 글이 길어졌는데, 트렌드 감각은 꾸준하게 갈고닦는 게 중요하다고 생각해요. 관찰 > 분석 > 체험의 루틴을 만들어서 일상 속에 함께하다 보면 어느 순간부터 분명히 감각이 쌓이기 시작할 거예요!
",
122,마케팅/md,"마케팅 취업, 피그마? 도구는 도구일뿐!",md 30-12,"안녕하세요, 멘토님. 브랜드/콘텐츠 마케팅을 희망하는 2학년 학생으로서, 이번 겨울 방학을 활용해 실질적인 커리어를 시작하고자 합니다. 현재 다음과 같은 고민이 있어 멘토님께 조언을 구하고자 질문드립니다.



1. 스타트업 마케팅 인턴십 준비 및 실무 적응 조언
-현재 마케팅 실무 경험이 학교 수업 하나가 전부인 상황입니다. 이제 막 시작한 스타트업 인턴십에 지원할 때 저의 강점을 어떻게 보여드려야 할지 막막합니다.
-인턴으로 들어가더라도 실제 실무에서 어떤 방식으로 일해야 할지 감이 잘 잡히지 않아 걱정됩니다. 이런 때 어떻게 준비하고 접근하면 좋을지 조언을 듣고 싶습니다.


2. 마케팅 필수 디자인 툴 학습 방법 (피그마)
-지원하고 싶은 회사들의 우대사항을 보니 마케터 직무에서도 '피그마(Figma)'를 요구하는 곳이 많았습니다. 포토샵만 사용할 줄 아는 상태에서 디자인과 마케팅을 함께 해보고 싶은 마음으로 피그마도 배우고 싶습니다.
-주변에서는 장기간의 부트캠프를 추천하기도 하지만, 휴학 없이 방학 동안 학원이나 단기 강의로 배워도 충분할지 여쭤보고 싶습니다.
3. '인턴십 지원'과 '디자인 툴 학습'의 우선순위
인턴십 지원과 디자인 툴 학습 중 어떤 것을 먼저 하는 것이 현명한 선택일지 고민입니다.
-인턴 전에 디자인 툴을 미리 사용할 수 있다면 좋겠지만, 직무 경험을 먼저 쌓는 것도 장점이 있을 것 같습니다. 멘토님께서는 어떤 것을 우선하는 것이 커리어에 더 도움이 된다고 보시는지 조언 부탁드립니다.


멘토님의 경험을 바탕으로 현실적인 조언을 주시면 제 방학 계획을 세우는 데 큰 도움이 될 것입니다.","좋은 질문 주셔서 감사합니다!

브랜드/콘텐츠 마케팅 분야에 관심을 가지고 적극적으로 준비하고 계신 점이 인상 깊습니다. 멘티님의 경험을 보면서, 이미 마케팅과 관련된 다양한 활동을 쌓아오셨다는 것이 느껴졌습니다. 이러한 활동들은 실무에서도 충분히 강점으로 작용할 수 있다고 생각합니다. 대학생 시기에는 실무 경험 자체가 흔치 않기 때문에, 부족하다고 걱정하실 필요는 없습니다. 따라서 중요한 것은 경험을 어떻게 전달하고 보여주느냐의 차이라고 생각합니다.


1. 스타트업 마케팅 인턴 지원 및 실무 적응
초기 스타트업의 인턴 모집은 지원자들의 실무 경험 수준이 크게 차이나지 않는 경우가 많습니다. 그러므로 지금 단계에서 실무 경험이 적다는 점은 너무 걱정하지 않으셔도 됩니다. 특히 전환형 인턴이 아니라면 기업도 인턴에게 큰 전문성을 기대하기보다는 열정, 관심, 성실함을 더 중요하게 봅니다.


멘티님께서는 학회 활동, 홍보조교, 마케팅스쿨 등 이미 다양한 경험을 가지고 계시기에, 많은 지원자에 비해 결코 부족하지 않습니다. 이 경험들에서 배운 점을 중심으로 작은 포트폴리오나 경험 정리 파일을 만들어보시면 좋습니다. 이는 지원 시 “실제 행동으로 배운 사람”이라는 인상을 줄 수 있어 큰 강점이 됩니다.


실무 업무 방식이 걱정된다는 부분은 자연스러운 고민입니다. 하지만 인턴은 기본적으로 배우는 자리이기 때문에, 기업에서도 너무 높은 완성도를 기대하지 않습니다. 처음에는 가르쳐주는 내용을 차근차근 흡수하고, 맡은 일을 성실하게 해내기만 해도 충분합니다.



2. 마케터 직무의 Figma 학습 전략
요즘 콘텐츠 마케터 채용에서도 피그마를 요구하는 경우가 늘고 있는 것은 사실입니다. 하지만 걱정하지 않으셔도 좋은 것이, 피그마는 포토샵보다 진입 장벽이 훨씬 낮고 배우기 쉬운 툴입니다. 4~5시간 정도의 기본 교육만 들어도, 콘텐츠 제작에 필요한 수준 대부분을 다 다룰 수 있습니다.


부트캠프는 보통 UI/UX 디자이너가 목표인 사람들을 위한 장기 프로그램일 가능성이 커서, 콘텐츠 마케터를 목표로 하는 멘티님께는 조금 과한 선택일 수 있습니다. 겨울방학 동안 단기 강의, 유튜브 튜토리얼, 온라인 클래스 정도면 충분히 실무에서 바로 활용할 수 있는 수준까지 도달하실 수 있을 것입니다. 학습과 동시에 피그마를 활용해 포트폴리오를 제작해보시는 것을 추천드립니다!


3. 인턴 경험과 디자인 툴 학습 중 우선순위
두 가지 모두 분명히 도움이 되는 방향이지만, 우선순위는 상황과 일정에 따라 달라질 수 있습니다. 기본적으로 “먼저 해야만 하는 정답”이 있는 문제는 아닙니다.


-인턴 기회가 열려 있다면: 지원을 먼저 하고, 동시에 툴 학습을 병행해도 충분합니다. 스타트업은 빠르게 배우는 태도를 높게 평가합니다.


- 인턴 지원에 조금 여유가 있다면: 방학 동안 피그마 기본기를 익혀두면 업무 적응이 더 편해지고, 포트폴리오를 더 깔끔하게 구성할 수 있습니다.


즉, 정해진 순서보다 주어진 기회와 일정에 맞춰 유연하게 진행하시면 됩니다. 핵심은 툴 자체가 아니라, 이를 활용해 마케팅적 결과물을 보여주는 것입니다.


이미 여러 활동을 통해 기본기를 쌓아오셨고, 관심 있는 분야에 대해 적극적으로 고민하고 계신 만큼 충분히 좋은 인턴 경험을 만들어가실 수 있을 거예요. 현실적으로 어려운 점들이 있더라도, 지금 단계에서는 용기 있게 한 발 내딛는 것 자체가 큰 성장입니다. 멘티님의 겨울방학 도전을 진심으로 응원합니다!

",
121,마케팅/md,"MD 면접, 신상품 아이디어와 소싱 계획? 어떻게 대답해야 할까요?",md 30-11,"멘토님, 안녕하세요! 홈쇼핑 모바일 MD 면접을 준비 중인 취업 준비생입니다. 좋은 기회를 주셔서 감사합니다. 다름이 아니라, PT 면접 주제인 ‘히트할 만한 신상품 아이디어와 소싱 계획’을 준비하던 중, 주제의 기준과 범위 설정에 어려움이 있어 조언을 구하고자 질문드립니다.  카테고리는 식품이며, 이에 대한 멘토님의 고견을 부탁드립니다.




1. '신상품 아이디어'의 범위 설정 질문
PT 주제에서 요구하는 '신상품'의 기준을 어디까지 설정해야 할지 궁금합니다.
-브랜드/제품 단위 신규: 해당 홈쇼핑에 아예 입점된 적 없는 브랜드나 제품을 발굴하여 제시해야 하는 것인지 궁금합니다.
-상품 구성/기획 단위 신규: 기존에 판매하던 브랜드나 제품이라도, 해당 홈쇼핑에서 판매한 적 없는 새로운 상품 구성을 기획하거나 새로운 PB(Private Brand) 상품을 기획하여 제시해도 되는 것인지 궁금합니다.


2. '소싱 계획'의 구체적인 의미 질문
MD 직무에서 말하는 '소싱 계획(Sourcing Plan)'이라는 것은 면접 PT에서 어떤 것들을 의미하는지 구체적인 예시가 궁금합니다. 


단순히 '어떤 경로로 공급받겠다'는 계획인지, 아니면 '어떤 조건(가격, 마진율, 물량 확보 전략 등)으로, 어떤 파트너와 협력하여 상품화할 것인지' 등 수익성을 담보하는 구체적인 계획을 의미하는 것인지 조언 부탁드립니다.","MD 직무의 본질인 '고객 문제 해결'과 '안정적 공급 분석'을 중심으로 접근하는 것이 중요합니다.

<1. 신상품 아이디어의 핵심은 '고객의 Pain Point 해결'>
신상품 아이디어를 제시할 때, 세상에 완전히 없던 제품을 만들어내는 것이 아닙니다. 모든 성공적인 기획은 '고객이 어떤 어려움을 겪고 있는가?'라는 질문에서 시작됩니다. 따라서 PT 내용에는 고객의 Pain Point(고통 지점)를 명확히 구분하고, 어떤 상품이 그 문제를 효과적으로 해결할 수 있는지에 대한 논리적인 단계를 쌓는 과정을 녹여내는 것이 중요합니다.


제안 단계 구성:
-시장 관찰 (Market Observation): 현재 시장 트렌드와 소비자가 기존 제품을 사용하면서 느끼는 불편함을 객관적인 지표로 관찰합니다.
-고객 이해 (Customer Insight): 관찰된 불편함이 실제 고객의 구매 결정에 어떤 영향을 미치는지 심층적으로 이해합니다.
-컨셉 확정 (Concept Definition): 이 문제를 해결하고 경쟁사와 차별화할 수 있는 새로운 상품 구성, 용량, 패키징 등의 컨셉을 확정하여 제시해야 합니다. 이 과정은 기존에 없던 PB 상품을 기획하거나, 새로운 조합으로 시장 수요를 창출하는 것을 모두 포함할 수 있습니다.





<2. MD 직무에서의 '소싱 계획' 정의 및 접근법>
MD 직무에서의 소싱 계획(Sourcing Plan)이란 단순히 물건을 들여오는 것을 넘어, 안정적으로 최고의 품질과 마진을 확보하기 위한 치밀한 분석 과정입니다.


첫째, 시장 수요 파악 및 데이터 분석:
-어떤 상품이 언제(시기), 얼마나(물량) 팔리는지, 소비 패턴은 어떠한지를 데이터로 정밀하게 확인하는 것이 우선입니다. 이 데이터를 통해 예상 발주량과 재고 위험을 관리할 수 있습니다.


둘째, 산지 및 공급업체 검증 및 선정:
-제시할 신상품의 품질 기준을 충족하는지, 가격 경쟁력은 확보되는지, 그리고 예상 물량을 안정적으로 공급할 수 있는 능력을 갖추었는지를 비교하며 최적의 업체를 선정해야 합니다. 단순히 공급 가능 여부를 넘어, 장기적인 협력 관계 구축 및 리스크 관리 방안까지 포함하는 것이 좋습니다.


PT에서 소싱 계획을 밝힐 때는 이 두 가지 기준, 즉 데이터 기반의 수요 예측과 안정성 및 수익성을 고려한 공급처 확보에 중점을 두고 계획을 제시하시면 됩니다.",
120,마케팅/md,"MD, 기획자의 본질을 잊지 마세요",md 30-10,"멘토님, 안녕하세요. MD 직무를 희망하며 실무 경험을 쌓기 위해 교내 프로젝트를 진행 중인 취업 준비생입니다.


현재 진행 중인 프로젝트 주제는 'MD/기획 포트폴리오를 위한 기존 브랜드 신규 프로모션 기획안 제작'이며, MD 직무 동기 2명과 함께 진행할 예정입니다. 포트폴리오 우수 사례들을 참고하여 기존 브랜드의 신규 라인 출시나 신규 프로모션 기획에 초점을 맞추었습니다.


이 프로젝트를 성공적으로 완수하고 실질적인 포트폴리오를 제작하기 위해 멘토님의 조언을 구합니다.




1. 프로젝트 진행 시 유의 사항 및 조언 요청
신규 프로모션 기획안 제작 프로젝트를 진행함에 있어, 저희가 간과하기 쉬운 유의할 점, 주의점, 혹은 실무자로서의 충고가 있다면 자세히 말씀해 주시면 감사하겠습니다. 특히, 기획안이 현실성을 갖추고 실무적인 깊이를 보여주기 위해 어떤 요소를 반드시 포함해야 할까요?


2. 포트폴리오 제작의 실질적인 도움 여부
현재 진행하는 '기존 브랜드 신규 프로모션 기획안 제작' 프로젝트가 저희의 MD/기획 포트폴리오 제작에 과연 실질적인 도움이 될 수 있을지에 대해 솔직한 의견을 주시면 감사하겠습니다. 이 프로젝트를 통해 어떤 역량(예: 데이터 분석, 시장 이해, 수익성 검토 등)이 포트폴리오에서 효과적으로 어필될 수 있을까요?


바쁘신데 다시 한번 귀한 시간 내어주셔서 감사합니다. 좋은 하루 되시길 바랍니다.","좋은 질문 감사합니다. 아직 2학년임에도 불구하고 MD 직무에 대해 진지하게 고민하고, 직접 팀을 꾸려 프로젝트를 기획해보는 과정 자체가 이미 매우 의미 있고 귀중한 경험입니다. 질문하신 두 가지에 대해 실질적인 조언을 드립니다.


<1. 신규 프로모션 기획안 제작 시 유의할 점>
많은 학생 포트폴리오들이 형식은 잘 갖추었지만, 실제 브랜드와 고객을 설득할 수 있는 '기획의 이유'가 빠져 있는 경우가 많습니다. 특히 다음 세 가지 질문을 스스로에게 던져보시길 권합니다.


*왜 이 브랜드인가요?
단지 유명하고 좋아하는 브랜드이기 때문이어서는 안 됩니다. 이 브랜드가 현재 어떤 비즈니스 문제를 겪고 있고, 당신의 프로모션 기획이 그 문제를 해결할 수 있는 논리적인 이유가 있어야 합니다.


*왜 지금 이 프로모션인가요?
계절성, 시장 트렌드, 마켓 변화, 경쟁사의 움직임 등 지금 이 시점에 이 기획을 해야 할 타당한 맥락이 중요합니다. 마케팅이 아닌 '기획'이라는 점에서, 단순히 신선한 아이디어보다도 타당한 이유를 찾는 것이 핵심입니다.


*실행 가능성을 고려했나요?
예산, 리소스, 유통 채널, 타깃 고객의 접점 등을 현실적으로 고려해야 합니다. 실무자는 아무리 멋진 기획이라도 실행이 가능한지를 가장 먼저 따지기 때문입니다. 


기획자의 본질은 문제 정의와 방향 제시입니다. 단지 멋진 아이디어를 내는 사람이 아니라, 데이터 이전의 질문을 잘 던질 수 있는 사람이 진짜 MD가 될 수 있습니다. 기획안을 만들기 전, 이 브랜드가 지금 당장 풀고 싶어할 문제는 무엇일지를 먼저 고민해보세요. 그 질문이 선명할수록 기획안은 훨씬 설득력 있어집니다. (제가 최근 출간한 책 『살아남는 기획자: AI 시대, 상위 1% MD로 가는 생존 전략』을 참고해보시면 좋을 것 같습니다.)



<2. 이 프로젝트가 포트폴리오에 실질적으로 도움이 될까?>
결론부터 말씀드리면, 당연히 도움이 됩니다. 다만, 면접관에게 긍정적인 인상을 남기기 위해 몇 가지 조건을 충족해야 합니다.


*팀원 간 기여도 명확화: 팀으로 작업했더라도, 본인이 기여한 부분 (예: 브랜드 선정 근거 제시, 시장조사 담당, 제품 전략 구상, 가격 및 판촉 기획 등)을 구체적으로 설명할 수 있어야 합니다.  


*실행에 가까운 기획서 제작: 단지 PPT 포맷을 잘 꾸미는 것이 아니라, 실제 브랜드 관계자에게 보여줘도 ""이거 테스트해볼 만한데?""라는 생각이 들 수 있을 만큼 고객과 시장에 밀착된 관점이 필요합니다.


*결과 및 회고 기록: 기획 이후에도 '결과'나 '회고'를 반드시 남기세요. 팀원 간 협업은 어땠는지, 내가 배우거나 놓쳤던 점은 무엇이었는지, 면접에서는 결과보다 과정을 회고하는 시선이 더 신뢰를 줍니다.


<3.강점을 포트폴리오에 녹여내기>
현재 멘티님의 전공, 창업 경험, 디자인 툴 역량, 광고 관련 자격증 등은 상상한 것을 시각적으로 구현하고, 설득력 있게 전달할 수 있는 미래의 기획자라는 큰 경쟁력이 됩니다. 프로젝트를 끝내고 나면, 한 장짜리 요약본 (기획 배경, 타깃, 전략 요약, 내 기여점, 배운 점)을 포트폴리오용으로 따로 정리해보세요. 실무자는 긴 분량의 보고서보다 A4 한 장에 요약된 기획자의 언어를 더 인상 깊게 봅니다.


""기획자는 기술보다 태도, 도구보다 질문을 설계하는 사람이다.""


좋은 포트폴리오란 결과물보다도, 그 과정을 어떻게 고민했고, 어떤 기준으로 선택했고, 어떤 논리를 만들었는가를 남기는 기록입니다. 이번 프로젝트를 그런 관점에서 접근하면, 단순한 과제가 아니라 실제 성장의 전환점이 되는 기획 경험으로 남을 수 있을 것입니다.


진심으로 응원합니다! 궁금한 점이 있다면 언제든 편하게 질문 주세요",
119,마케팅/md,"보험 영업/마케팅, 현직에서는 어떤 데이터를 눈여겨 보나요?",md 30-9,"멘토님, 안녕하세요. 생명 보험 업계의 영업 마케팅 지원 직무에 지원하고자 준비하고 있는 취업 준비생입니다. 금융권에 대한 관심과 함께 데이터 분석 능력을 활용하여 실질적인 비즈니스 성과에 기여하고 싶다는 목표를 가지고 있습니다.


다만, 학부에서 배운 이론적인 데이터 분석 지식과 실제 보험업계 실무에서 요구하는 데이터 역량 사이에 괴리가 있을까 염려됩니다. 면접을 앞두고 직무에 필요한 역량과 현직의 실제 활용 사례에 대해 멘토님의 고견을 여쭙고자 연락드렸습니다.




1. 직무 관련 핵심 역량 질문
-필요한 데이터 역량: 생명 보험 영업/마케팅 지원 직무에서 실제로 가장 필요로 하는 핵심 데이터 역량은 무엇인지 궁금합니다. (예: 통계적 분석 능력, SQL 활용, 시각화 툴 숙련도 등)

-활용 실무 데이터: 현직자 기준으로 볼 때, 실제 업무에서 주로 어떤 종류의 실무 데이터를 활용하며, 그 데이터로 어떤 분석 작업을 진행하시는지 궁금합니다. (예: 고객 행동 패턴, 계약 유지율, 채널별 성과 데이터 등)


2. 면접 어필 및 경험 전략 질문
-면접 어필 역량: 이 직무 면접에서 지원자가 가장 중요하게 어필해야 할 역량은 무엇이며, 데이터 분석 경험을 어떻게 연결하여 설명하면 좋을지 조언 부탁드립니다.

-경험 기반 질문 대응: 보험사 면접에서는 보험 관련 지식보다는 개인의 경험을 묻는 질문이 많다고 들었습니다. 이 경우, 어떤 종류의 경험(예: 목표 달성, 협업, 문제 해결, 불확실성 관리 등)을 구체적으로 어필하는 것이 유리할지 궁금합니다.","멘티님의 질문에 답변드리며, 생명 보험 영업/마케팅 지원 직무에서 성공하기 위한 필수 데이터 역량과 면접 전략을 구체적으로 정리해 드립니다.


1. 직무에 필요한 핵심 데이터 역량과 활용 실무 데이터
생명 보험 영업/마케팅 지원 직무에서는 통계 전문가 수준의 깊은 지식보다는 데이터를 실제 비즈니스 문제 해결에 활용할 수 있는 실용적인 역량이 중요합니다.

가장 기본이 되는 것은 SQL 활용 능력입니다. 수많은 고객 데이터 중에서 필요한 정보를 추출하고 조합하는 능력이 필수적입니다. 또한, 추출된 데이터를 효율적으로 분석하고 상사나 영업 현장에 전달하기 위한 시각화 툴(태블로, 파워 BI 등) 숙련도 역시 높게 평가됩니다. 복잡한 통계 모델링보다는 회귀 분석, 시계열 분석 등 영업 성과나 고객 이탈을 예측하는 데 실질적으로 쓰이는 기초 통계 및 분석 기법에 대한 이해가 중요합니다.

다음으로 주로 활용되는 실무 데이터는 고객 행동 패턴 데이터와 채널별 성과 데이터입니다. 예를 들어, 특정 상품의 계약 고객 유지율(Persistency Rate) 데이터나, 콜센터/대면 채널/온라인 채널별 마케팅 효율성(ROI) 데이터 등을 분석합니다. 이를 통해 어떤 고객층이 이탈할 가능성이 높은지 예측하거나, 가장 효율적인 영업 채널을 파악하여 마케팅 예산을 재분배하는 의사결정을 지원하게 됩니다.



2. 면접에서 어필해야 할 역량과 경험 전략
보험사 면접에서는 지식보다 지원자의 문제 해결 능력과 태도를 중점적으로 평가합니다.

1)면접 어필 핵심 역량: 논리적 사고력과 문제 정의 능력 
단순히 '데이터를 잘 다룬다'가 아니라, '현장의 문제를 데이터로 정의하고, 그 해결책을 논리적으로 제시할 수 있다'는 점을 어필해야 합니다. 가령, ""A상품의 판매 부진""이라는 현상을 ""특정 연령대의 계약 유지율 하락""이라는 데이터 문제로 치환하고, 이를 해결할 방안(예: 맞춤형 유지 관리 캠페인 제안)을 제시하는 방식으로 설명해야 합니다. A보험사의 경우, 데이터 분석 경험을 설명할 때 반드시 '비즈니스 기여도'를 언급하여 데이터 역량이 회사 성과로 이어질 수 있음을 보여주어야 합니다.


2)경험 기반 질문 대응 전략: 목표 달성 및 불확실성 관리
보험은 장기적인 상품이며, 영업은 변동성이 큰 분야이므로 목표 달성 경험과 불확실성 관리 경험이 중요하게 작용합니다. 학업, 인턴, 프로젝트 경험 중 명확한 수치적 목표를 설정하고 예상치 못한 장애물을 극복하며 최종 결과를 이끌어낸 사례를 준비하세요. 특히, 협업을 통해 서로 다른 의견을 조율하고 데이터 기반으로 최종 결정을 이끈 경험을 어필하면, 영업 현장과 내근팀 사이를 조율해야 하는 이 직무의 특성에 대한 이해도를 높게 평가받을 수 있습니다.
",
118,마케팅/md,"MD, 대학생활 어떤 경험을 해보는 게 좋을까요?",md 30-8,"멘토님! 졸업을 앞두고 취업이라는 큰 벽 앞에 서 있는 3학년 대학생입니다. 본격적으로 사회에 나갈 준비를 해야 할 시기인데, 막상 제 이력서를 채울 '직무 경험'이 너무나 부족한 것 같아 불안한 마음에 조언을 구하고자 연락드렸습니다. MD(상품 기획/운영) 직무를 꿈꾸고 있지만, 전문적인 인턴십이나 대외활동 경험이 전혀 없습니다. 




가장 큰 고민은 제가 가진 경험이 편의점 아르바이트뿐이라는 점입니다. MD라면 상품을 소싱하고 시장의 흐름을 읽는 전문성이 필요할 것 같은데, 아르바이트 경험만으로 이 직무에 도전하는 것이 가능할지 의문이 듭니다.


-경험의 재해석: 단순히 물건을 판매하고 진열했던 편의점 아르바이트 경험 속에서도 MD 직무와 연결할 수 있는 포인트가 있을까요?


-우선순위 설정: 졸업 전 남은 기간 동안, 저처럼 경험이 전무한 초년생이 가장 먼저 시작해야 할 활동이나 쌓아야 할 역량(예: 데이터 분석, 트렌드 모니터링, 공모전 등)은 무엇인가요?


주변 친구들은 벌써 직무 관련 포트폴리오를 채워가는 모습을 보며 저만 뒤처진 것 같아 조급함이 큽니다. 이제 막 첫걸음을 떼려는 저에게 실무자로서 현실적인 방향성을 잡아주실 수 있을까요?
아무것도 모르는 초년생이지만, 멘토님의 조언을 발판 삼아 차근차근 준비해보고 싶습니다. 바쁘시겠지만 귀한 시간 내어 답변 주시면 정말 큰 힘이 될 것 같습니다!","MD 직무에 대해 고민이 많으신 멘티님을 위해 온라인 MD의 세계와 현실적인 준비 방향을 정리해 드립니다. 현재 편의점 아르바이트 경험만 있다고 하셨지만, 이를 어떻게 직무 역량으로 연결하고 앞으로 어떤 로드맵을 그려야 할지 현직자의 관점에서 상세히 말씀드리겠습니다.


<1. MD의 정의와 유통 환경의 이해>
MD는 쉽게 말해 상품을 소싱한 뒤, 본인이 속한 유통 채널에서 고객에게 판매하는 전 과정을 책임지는 업무를 수행합니다. MD가 속한 곳이 쿠팡이나 네이버 같은 곳이라면 온라인 MD, 이마트나 백화점 같은 곳이라면 오프라인 MD라고 부릅니다. 최근 채용 시장의 흐름을 보면 오프라인보다는 온라인 유통이 훨씬 더 가파르게 성장하고 있으며, 이에 따라 채용 인원(TO)도 온라인 직군이 압도적으로 많습니다. 따라서 신입으로서 현실적인 취업 성공률을 높이고 싶다면 온라인 MD를 우선적으로 고려해보시는 것을 추천합니다.


<2. 카테고리 설정과 실무 경험의 중요성>
온라인 MD를 준비하기로 하셨다면, 가장 먼저 본인이 주력으로 삼을 '카테고리'를 정해야 합니다. MD는 단순히 물건을 파는 사람이 아니라 특정 분야에 대한 전문가여야 하기 때문입니다. 아르바이트 경험만 있다고 하셨는데, 앞으로는 뷰티, 패션, 식품 등 본인이 관심 있는 카테고리를 설정하고 그와 관련된 경험과 스펙을 쌓는 것이 필수적입니다.


신입 입장에서 가장 강력한 무기는 관련 회사의 인턴 경험이지만, 그것이 어렵다면 해당 카테고리와 관련된 대외활동이나 특화된 아르바이트 경험이라도 쌓아야 합니다. 저 역시 인턴 경험은 없었지만, 대외활동과 아르바이트를 직무 역량과 연결해 취업에 성공했습니다. 단순히 ""열심히 하겠다""는 말보다는 마라톤 완주로 끈기를 증명하거나, 패션 카테고리라면 실제 옷을 세일즈해 본 경험을 제시하는 것이 훨씬 임팩트가 큽니다.





<3. 온라인 MD의 두 가지 경로>
온라인 MD는 크게 두 부류로 나뉩니다. 첫 번째는 쿠팡이나 G마켓 같은 '이커머스 유통사 MD'입니다. 여러 브랜드의 상품을 취급하며 제조사나 벤더와 마진을 협의하고 프로모션을 기획하여 매출을 관리합니다. 상품 셀렉부터 협상력까지 폭넓은 역량을 키울 수 있어 구직자들이 가장 선호하는 곳입니다.


두 번째는 특정 브랜드의 '제조사 자사몰 MD'입니다. 자사 상품 위주로 프로모션을 기획하고 판매하며 매출을 일으키는 역할을 합니다. 대기업 자사몰이 아니라면 매출 규모가 작을 수 있지만, 상품 기획 단계부터 깊이 있게 관여할 수 있다는 장점이 있습니다. 보통 제조사에서 특정 카테고리의 경험을 쌓은 뒤 더 큰 유통 플랫폼으로 이직하는 경우도 많으므로 본인의 상황에 맞는 전략적 선택이 필요합니다.


<4. 현실적인 준비를 위한 마지막 조언>
MD 직무는 특정 자격증 점수보다 ""해당 카테고리에 대한 경험이 충분한가?"" 혹은 ""시장을 읽는 인사이트가 있는가?""를 중점적으로 봅니다. 따라서 어학이나 학점 같은 기본 스펙은 유지하되, 남은 기간 동안 본인이 정한 카테고리에서 깊이 있는 경험을 쌓는 데 집중하시기 바랍니다.


꼭 대기업이 아니더라도 특정 카테고리에서 인지도가 높고 전망이 좋은 중소기업에서 실무를 시작하는 것도 아주 좋은 전략입니다. 그곳에서 얻은 이해도와 인적 네트워크는 추후 더 큰 시장으로 나아가는 훌륭한 발판이 될 것입니다. 지금의 막막함을 카테고리 설정이라는 구체적인 행동으로 옮겨보시길 응원합니다.",
117,마케팅/md,"이커머스 MD로의 이직, 지금부터 준비해야 할 것은?",md 30-7,"몇 달 전 멘토님의 클래스를 통해 많은 도움을 받았던 제자입니다. 당시의 가르침 덕분에 현재 브랜드사에서 신입 MD로 근무하며 한 걸음씩 성장하고 있습니다.

이제 1년이라는 시간이 흐르며 업무에 익숙해져 플랫폼이나 이커머스 MD로의 이직이라는 새로운 목표를 세웠습니다. 주변에서는 브랜드 유통 MD가 이커머스 MD로 이동하는 것이 현실적으로 쉽지 않다는 우려 섞인 조언을 많이 해주시곤 합니다.




막막한 상황이지만 그럼에도 불구하고 제가 꿈꾸는 이커머스 MD가 되기 위해 지금 단계에서 무엇을 더 준비하고 채워나가야 할지 멘토님의 고견을 여쭤보고 싶습니다. 

현직자의 시선에서 바라본 실질적인 조언이 제게는 큰 이정표가 될 것 같습니다. 긴 글 읽어주셔서 감사드리며, 올 한 해 멘토님께도 기분 좋은 소식들만 가득하시길 바랍니다","유통 MD와 플랫폼 MD의 개념을 먼저 명확히 이해해 보세요
우선 혼동하기 쉬운 용어부터 짚어드리고 싶네요. 보통 유통 MD는 백화점이나 오프라인 마트, 그리고 무신사나 네이버 같은 이커머스 플랫폼을 모두 포함하는 개념입니다. 즉, 유통 MD와 플랫폼 MD는 사실상 같은 의미로 쓰입니다. 아마 주변에서 이직이 어렵다고 말씀하신 건 '브랜드사 MD'에서 '유통사(플랫폼) MD'로 넘어가는 과정이 까다롭다는 뜻일 거예요. 이 점을 염두에 두고 다음 전략을 고민해 보시기 바랍니다.


탄탄한 경력 기간이 이직의 가장 강력한 무기가 됩니다
가장 먼저 고려해야 할 것은 경력의 '길이'입니다. 현재 1년 정도의 경력을 쌓으셨다고 했는데, 유통사로의 성공적인 이직을 위해서는 최소 3~4년 이상의 경력이 필요합니다. 특히 신입으로 커리어를 시작하셨다면, 첫 회사에서 이 정도의 시간을 보내며 충분한 숙련도를 쌓아야 비로소 시장에서 경력직으로서의 가치를 인정받을 수 있습니다.





성장하는 카테고리에서의 경험이 기회를 만듭니다
경력직 이직은 기본적으로 기존에 담당했던 카테고리를 기반으로 이루어집니다. 따라서 이직 가능성을 높이려면 현재 담당하시는 분야의 시장 성격이 중요합니다. 예를 들어 신선식품이나 푸드처럼 지속적으로 성장하는 카테고리는 채용 수요(TO) 자체가 많아 유리할 수 있지만, 성장세가 둔화된 분야는 문턱이 더 높을 수 있습니다. 다양한 카테고리를 경험해 보거나, 현재 맡은 분야가 시장에서 어떤 위치에 있는지 파악하는 안목이 필요합니다.


현재 속한 회사의 시장 점유율과 평판 관리에도 힘써보세요
당연한 이야기지만, 현재 계신 회사의 시장 점유율(MS)이 높을수록 이직은 수월해집니다. 특정 영역에서 1~2위를 다투는 브랜드사 출신이라면, 유통사 입장에서는 해당 브랜드와의 매출 성장과 관계 개선을 위해 그곳의 인재를 영입하려는 욕구가 강하기 때문입니다. 또한 유통사 채용은 공고뿐만 아니라 추천 제도도 활발합니다. 카운터 파트너나 거래처와의 관계에서 실력과 태도를 인정받아 평판을 잘 쌓아둔다면, 생각지 못한 추천 이직의 기회가 찾아올 수도 있습니다.


멘티님이 계획하신 매출 경신과 데이터 분석 능력 향상에 더해, 제가 말씀드린 경력 관리와 평판의 측면도 함께 유념하신다면 분명 원하시는 결과를 얻으실 수 있을 거예요. 멘티님의 앞날을 진심으로 응원합니다.",
116,마케팅/md,"마케터와 MD, 어느 쪽에 우선 순위를 둬야 할까요?",md 30-6,"멘토님, 안녕하세요. 외식경영학과 졸업을 앞두고 상품 개발 및 마케팅 PM 직무를 희망하고 있는 예비 지원자입니다. 그동안 외식 산업 내에서 상품 기획, 마케팅 전략 수립, 행사 운영 등 다양한 활동을 전개해 왔습니다.


최근 멘토님의 가이드라인을 접한 후 제가 나아갈 방향에 대해 깊이 고민하게 되었고, 실무적인 조언을 얻고자 상담을 요청하게 되었습니다. 질문에 앞서 저의 경험과 역량을 파악하시는 데 도움이 될 수 있도록 포트폴리오를 함께 첨부해 드립니다.




첫째, 제조사와 유통사 중 저의 역량을 극대화할 수 있는 곳은 어디일까요?
 저는 상품의 본질만큼이나 '셀링 포인트'를 발굴해내는 과정이 중요하다고 생각하기에 두 영역 모두 매력적으로 느껴집니다. 하지만 제조와 유통 각각의 생태계에서 요구하는 핵심 역량에는 분명한 차이가 있을 것 같습니다. 멘토님께서 보시는 두 영역의 결정적인 차이점과 저의 이력이 어디에서 더 빛을 발할 수 있을지 궁금합니다.


둘째, 저의 포트폴리오를 통해 전달되는 저만의 '컨셉'이 명확히 느껴지시나요? 
제삼자의 시선, 특히 전문가의 관점에서 제 포트폴리오를 읽었을 때 어떤 키워드나 이미지가 가장 먼저 떠오르시는지 궁금합니다. 제가 의도한 컨셉이 잘 전달되고 있는지, 혹은 멘토님께서 보시기에 새롭게 정의할 수 있는 저만의 차별화된 컨셉이 있다면 편하게 말씀해 주시면 감사하겠습니다.


셋째, 마케터와 MD 직무 사이에서 우선순위를 어떻게 두어야 할까요? 
외식 상품 업계에서는 마케팅과 MD의 경계가 모호한 경우가 많아 종종 혼란을 겪곤 합니다. 두 직무를 선택하거나 준비할 때 결정적으로 고려해야 할 차이점은 무엇인지, 그리고 제가 가진 경험들을 바탕으로 어느 쪽의 전문성을 더 부각하는 것이 전략적인 선택이 될지 여쭤보고 싶습니다.


설 연휴임에도 불구하고 조급한 마음에 연락을 드리게 되었습니다. 따뜻하고 즐거운 명절 보내시길 바라며, 멘토님의 소중한 인사이트를 기다리고 있겠습니다. 감사합니다.","남들이 쉬는 연휴에도 본인의 미래를 위해 정성스러운 질문과 포트폴리오를 보내준 그 열정을 먼저 칭찬해 드리고 싶네요. 보내주신 내용은 꼼꼼히 잘 읽어봤습니다. 다양한 경험도 훌륭하지만, 무엇보다 본인이 무엇을 알고 싶고 어떤 점이 부족한지 명확하게 정리해 질문하는 태도가 참 인상적이에요. 이런 태도라면 어디서든 환영받는 인재가 될 거라 확신합니다. 질문하신 세 가지 포인트에 대해 제가 제조사와 유통사를 모두 거치며 느낀 점들을 바탕으로 답변해 드릴게요.


제조사와 유통사의 결정적 차이
두 곳 모두 셀링 포인트를 찾는 목적은 같지만 누구를 설득하느냐와 얼마나 깊게 파고드느냐에서 차이가 발생합니다. 제조사 마케터는 하나의 브랜드를 아주 깊게 파고들며 시장 분석을 통해 제품만의 확실한 강점을 만들어내는 것이 핵심입니다.


하지만 아무리 잘 만든 제품도 유통사의 선택을 받지 못하면 고객을 만날 수 없기에 최종 소비자뿐만 아니라 유통사 MD까지 설득해야 하는 난도가 있습니다. 반면 유통사는 무에서 유를 창조하기보다 수많은 제품 중 좋은 것을 가려내는 안목이 중요합니다. 제조사보다 훨씬 넓은 시각으로 시장 전체를 조망할 수 있다는 장점이 있지만 제품의 생산 공정이나 디테일한 부분까지 깊이 있게 파고들기에는 상대적으로 어려움이 따릅니다.





포트폴리오를 통해 읽히는 멘티 님의 컨셉
포트폴리오 곳곳에서 외식 산업과 음식 문화에 대한 멘티 님의 진심 어린 애정을 느낄 수 있었습니다. 특히 인상적이었던 부분은 뛰어난 실행력과 운영 능력인데 제가 보기에 멘티 님의 컨셉은 기획한 것을 현실로 구현해내는 발로 뛰는 기획자로 다가오네요. 여기서 한 가지 팁을 드리자면 단순히 활동을 나열하기보다 본인의 역량을 위주로 한 줄 요약을 더해보세요. 경험 그 자체보다 그 과정에서 어떤 소통 능력을 키웠는지 혹은 현장의 변수에 대처하는 위기 관리 능력을 어떻게 길렀는지 보여준다면 훨씬 매력적인 포트폴리오가 될 것입니다.


마케터와 MD 중 나에게 더 맞는 길
두 직무를 선택할 때 가장 중요한 기준은 본인의 성향이 어디에 더 맞느냐는 점입니다. MD는 상품이라는 확실한 전문 영역이 존재합니다. 예를 들어 라면 MD가 된다면 해당 카테고리 내에서는 누구도 따라올 수 없는 끈질긴 전문가가 될 수 있죠. 하나의 분야를 깊이 있게 파고드는 것을 좋아한다면 MD가 잘 맞을 겁니다. 


반면 마케터는 상품을 넘어 시장과 소비자를 넓게 봅니다. 단순히 물건을 파는 것을 넘어 소비자의 시간을 점유하고 우리 브랜드에 관심을 갖게 만드는 판을 짜는 일에 가깝습니다. 여러 분야를 두루 연결하는 것에 재미를 느낀다면 마케터가 더 적합할 수 있습니다.


기획자로서 가져야 할 가장 큰 무기
사회생활을 시작하며 가장 중요한 능력은 결국 일이 되게 만드는 힘이라는 점을 기억했으면 좋겠네요. 학생 때는 톡톡 튀는 아이디어가 제일 중요해 보이지만 실무에서는 예산 부족이나 촉박한 시간 등 수많은 현실의 벽에 부딪히게 됩니다. 진짜 실력 있는 기획자는 불평하기보다 제한된 조건 속에서도 타협점을 찾아 자신의 생각을 최대한 구현해내는 사람입니다. 온갖 어려움에도 불구하고 결과물을 만들어내는 끈기와 해결 능력이 멘티 님이 앞으로 키워야 할 가장 큰 무기가 될 거예요. 멘티 님은 하나를 깊게 팔 때와 넓은 세상을 연결할 때 중 언제 더 가슴이 뛰었나요? 그 답을 고민해보시면 좋겠네요.


남은 연휴 잘 보내시고 준비하는 과정에서 또 궁금한 점이 생기면 언제든 편하게 질문 남겨주세요. 진심으로 응원하겠습니다.",
115,마케팅/md,"목표는 상품기획/MD, 그런데 전혀 다른 일을 하고 있습니다.",md 30-5,"멘토님, 안녕하세요. 현재 IT 기반의 교육 서비스 기업에서 PO로 재직 중인 1개월 차 신입 사원(인턴 3개월 포함) 멘티입니다. 첫 입사 제안은 콘텐츠 기획이었으나, 인턴 과정 중 역량을 인정받아 PO 직무로 정규직 전환 제안을 받게 되었습니다. 하지만 실제 업무 현장에서 마주한 상황과 제가 지향하는 커리어 사이의 간극이 커 고민 끝에 도움을 청합니다.




1. 현재의 '노코드/직접 개발' 경험이 상품기획/MD 직무에 어떤 자산이 될 수 있을까요? 
저는 향후 식품이나 생활용품 등 제조업 기반의 상품기획 또는 MD 직무로 이직을 희망하고 있습니다. 현재는 개발자가 없는 구조에서 PO로서 직접 노코드 툴이나 코딩을 통해 서비스를 구현하는 데 매몰되어 있는데, 이러한 '기술적 구현' 경험이 제가 목표로 하는 산업군의 기획 직무에서 실무적인 경쟁력으로 환산될 수 있을지 궁금합니다.


2. 물리적·정신적 한계 상황에서 이직 준비를 시작할 수 있는 현실적인 방법은 무엇인가요? 
매일 1~2시간의 야근이 일상화되어 있고 주말에도 업무 관련 학습 과제를 부여받고 있어, 이직 준비를 위한 개인 시간 확보가 불가능에 가까운 상황입니다. 준비 없이 퇴사하는 것에 대한 두려움이 크지만, 현재 환경에서는 포트폴리오 정리조차 쉽지 않습니다. 멘토님께서 보시기에 이러한 상황에서 '퇴사를 결정하는 명확한 기준'은 무엇이어야 하며, 퇴사 전 최소한으로 준비해야 할 체크리스트가 있다면 무엇일까요?


3. 비IT 제조 산업군으로의 직무 전환을 위해 지금 당장 실행해야 할 핵심 과제는 무엇인가요? 
IT 서비스 기획(PO)에서 제조 기반 상품기획(MD)으로 방향을 틀기 위해, 현재 직장에서의 경험 중 어떤 부분을 골라내어 강조해야 할까요? 또한 이직 경험이 전무한 제가 신입 사원으로서 타 산업군에 지원할 때, 중도 퇴사 이력을 어떻게 긍정적인 '직무 탐색의 과정'으로 설득할 수 있을지 조언 부탁드립니다.
업무의 압박 속에서도 제 커리어의 주도권을 되찾고 싶습니다. 멘토님의 진솔하고 날카로운 가이드가 저에게는 절실한 상황입니다. 긴 글 읽어주셔서 진심으로 감사드립니다.","1. 심신 관리와 프로다운 태도
업무에 대한 불만족이 심신에서 드러나고 있는 시기 같습니다. 이에 대한 관리가 우선 필요합니다. 야근으로 인해 평일엔 집에 가서 잠만 자고, 주말에도 일의 연속인 상황이겠지만, 그럼에도 불구하고 그 속에서 온전히 나를 위한 시간을 확보하는 게 좋습니다. 이건 꼭 물리적 시간뿐만이 아니라 심적으로 스스로를 케어하겠다는 의지하에 돌아보고 내다보는 태도가 중요합니다.


출퇴근이나 식사 시간 등에 소모적인 활동 대신 잠깐의 릴렉스를 할 수 있는 게 무엇일지부터 고민해보고 짧게나마 스스로를 충전하는 방법을 찾을 수 있다면 도움이 됩니다. 저는 보통 점심을 빠르게 먹고 혼자서 20분 내외로 산책하면서 오전의 업무를 복기하고 오후나 이번 주의 업무에 대해 차분히 생각해보는 시간을 가졌는데 제법 도움이 되었습니다. 또한 이러한 불만이 외적으로 드러나는 것은 조직문화 관점에서, 퇴사를 할 경우 및 이후에도 그렇게 긍정적이진 않습니다. 월급을 받고 일하는 프로인 만큼 이 부분은 잘 컨트롤하시길 권장드립니다.


2. 재직 중 '조건부 이직' 준비
근본적인 질문에 대한 저의 답은 '이직 준비'를 하시라는 겁니다. 말씀주신 내용만을 두고 봤을 때 ""더 다니셔야죠""라고는 하고 싶지 않습니다. 단, 조건부 이직을 적극 권장드립니다. 현재 직장 경력을 고려할 때 경력직 이직은 절대 불가하고, 빠른 중고신입 이직뿐입니다.


퇴사 후 재입사에만 몰두하면 집중될 것 같지만, 막상 해당 상황에 닥치면 경제적 이슈, 생활 루틴, 사회가 돌아가는 분위기 체감 등의 이유로 재직 중에 이직하는 것이 훨씬 효율적임을 알 수 있습니다. 상반기 공채를 채용하는 기업군이 대거 있을 시기이니, 우선 약 2주 동안 희망하는 업태와 직무를 근간으로 주혜님 스펙에 비추어 상/중/하급으로 지원을 고려해 볼 기업들을 찾아보세요. 그리고 그에 맞게 신입사원 지원 준비를 해나가면서 현재의 직장생활을 병행하면 좋겠습니다. 이렇게 되면 지금보다 더 바쁘겠지만, 이제 나아갈 방향을 명확하게 결정했기에 몸은 힘들어도 마음은 더 편해질 수 있습니다.





3. 현실적인 채용 시장 대응 전략
현재의 채용 시장 동향은 만만치 않습니다. 희망하시는 직무들은 상대적으로 경력직을 선호하는 경향이 큽니다. 채용 담당자 입장에서도 즉시 전력감이 필요하므로 이 추세는 지속될 것입니다. 그렇다면 경력을 어디서 쌓아야 할지에 대한 현실적인 타협안은 다음과 같습니다.


-사내 직무 순환: 직무 순환 제도가 있는 기업을 찾는 것도 좋은 방법입니다. 저 또한 이를 활용해 희망 직무까지 풍부하게 경험했습니다.
-산업군 매칭: 직무는 핏하지 않더라도 제조업 등 희망하는 산업군에서 업무를 수행하는 방법이 있습니다.
-기업 규모 하향: 희망 직무라면 기업 규모를 하향하여 입사 후 2~4년 이후 이직을 염두에 두는 것도 동기부여가 될 수 있습니다.

4. 상품기획 및 MD 직무 역량 강화
상품기획, MD 직무의 경우 해당 산업에 대한 풍부한 이해도와 고객층에 대한 파악이 우선되어야 합니다. 경쟁사 분석은 물론이고 트렌드를 감이 아니라 데이터를 통해 규정하고 의사결정 할 수 있는 사람을 선호합니다. 이를 위해 SNS를 비롯하여 온/오프라인 가리지 않고 소위 핫하다 하는 주제들에 대해서는 외형뿐만 아니라 그 배경이나 시사점같이 딥하게 스터디하면서 날카로운 시각과 분석력을 갖추는 게 중요합니다. 단기적으로는 인턴이 어려우면 아르바이트도 방법이 될 수 있고, 기업 규모를 점차 상향하며 커리어 패스를 하는 것도 방법입니다.",
114,마케팅/md,"콘텐츠 제작 역량과 경험, 어떻게 마케팅 취업에 녹일까요?",md 30-4,"멘토님, 안녕하세요! 2026년 8월 졸업 예정으로, C사 식품사업부문 마케팅 직무를 간절히 꿈꾸고 있는 예비 마케터 멘티입니다. 숏폼 콘텐츠 기획부터 대기업 브랜드 필름 프로젝트, 그리고 데이터 분석 연구까지 폭넓은 경험을 쌓아왔으나, 이를 기업의 관점에서 어떻게 매력적인 '마케팅 역량'으로 어필해야 할지 고민이 되어 도움을 청합니다.




1. 숏폼 콘텐츠의 '조회수 성과'를 마케팅의 '비즈니스 임팩트'로 연결하는 방법은 무엇인가요? 
유튜브 채널을 운영하며 누적 2,500만 뷰를 달성하고, 인스타그램 채널을 한 달 만에 성장시킨 경험이 있습니다. 단순히 '콘텐츠를 잘 만든다'는 어필을 넘어, 식품 산업에서 중요하게 생각하는 팬덤 형성, 브랜드 인지도 확산, 실제 구매 전환의 관점에서 이 성과를 어떻게 전략적으로 설명하면 좋을까요?


2. 데이터 분석 역량(Python, NLP)을 마케팅 실무에서 어떻게 차별화된 강점으로 보여줄 수 있을까요? 
e스포츠 연구를 통해 대규모 데이터 처리와 텍스트 분석(NLP)을 수행한 경험이 있습니다. 마케팅 직무 지원 시, 이러한 데이터 활용 능력이 단순한 '기술적 보유'를 넘어 ‘소비자 인사이트 도출’이나 ‘마케팅 ROI 최적화’에 기여할 수 있다는 점을 면접관에게 확신시키기 위한 팁이 궁금합니다.


3. C사 식품사업부문 마케팅에 최적화된 저만의 '킬러 콘텐츠'는 무엇이 될까요? S전자, B리테일 등 대기업 프로젝트에 참여하며 고객 경험 기반의 메시지 구조를 설계해 본 경험이 있습니다. 여기에 저의 중국어 역량(TSC 7급)과 유학 경험을 결합한다면, 글로벌 시장(특히 K-푸드 열풍이 거센 해외 시장)을 공략하는 C사의 마케팅 직무에서 어떤 구체적인 역할(R&R)을 제안해 볼 수 있을까요?","1. 마케터라는 직무의 다양한 스펙트럼 이해
먼저 '마케터'라는 직무는 사실 굉장히 넓은 범주입니다. 크게 세 가지 영역으로 나누어볼 수 있습니다.


-브랜드 마케터: 브랜드의 방향성과 메시지를 설계하고 소비자 인식을 만들어가는 역할입니다. 전략적 사고와 기획력이 핵심입니다.
-콘텐츠 마케터: 채널별로 소비자와 소통하는 콘텐츠를 기획하고 제작하는 역할입니다. 트렌드 감각과 스토리텔링 능력이 중요합니다.
-퍼포먼스 마케터: 광고 집행, 데이터 분석, ROI 최적화 등 수치 기반으로 성성과를 내는 역할입니다. 분석력과 실행력이 핵심입니다.


이 세 영역은 서로 협업하지만, 실무에서 요구하는 역량과 성향은 꽤 다릅니다. 본인이 어느 쪽에 더 가까운지 고민해 볼 필요가 있습니다.

2. 경험의 나열을 넘어선 '하나의 서사' 구축
보내주신 다섯 가지 경험을 보면, 콘텐츠 마케팅(유튜브 운영, 영상 기획)과 퍼포먼스/리서치 계열(데이터 분석, 학술 연구) 양쪽을 모두 훌륭하게 경험하셨습니다. 각각 의미 있는 활동들이고 스펙으로서도 결코 부족함이 없습니다.


다만 솔직히 말씀드리면, 지금은 경험들이 하나의 방향성을 향해 정렬되어 있다기보다 기회가 생길 때마다 다양하게 도전해온 느낌이 강합니다. 이것이 나쁜 것은 절대 아니지만, 자기소개서나 면접에서 ‘이 사람이 왜 마케터인가’를 설득하려면 그 경험들을 하나의 서사로 묶어내는 작업이 반드시 필요합니다.





3. 마케팅의 본질: 경험의 양보다 '해석의 깊이'
마케터로서 가장 중요한 것은 사실 기획력입니다. 화려한 경험의 수보다 트렌드(소비자의 관심사)를 읽어내고, 그것을 브랜드 메시지와 연결하는 기획력이 핵심입니다.


콘텐츠를 만드는 기술이나 광고를 집행하는 실무는 입사 후에도 배울 수 있습니다. 하지만 ‘왜 이 메시지인가?’, ‘왜 지금 이 소비자에게 이 방식인가?’를 설명할 수 있는 기획 감각은 경험의 양보다 그 경험을 얼마나 깊이 있게 해석했느냐에서 나옵니다.


스스로에게 던져야 할 질문: 유튜브 채널을 운영하면서 재미있었던 건 콘텐츠를 만드는 과정 자체였나요, 아니면 수치가 오르고 전략이 맞아떨어지는 순간이었나요? 이 질문의 답이 콘텐츠 마케터가 맞을지, 브랜드/퍼포먼스 마케터가 맞을지를 알려주는 중요한 실마리가 될 것입니다.


4. C사 식품사업부문을 향한 구체적인 전략
C사 마케팅에 가슴이 뛴다고 하셨는데, 그 열정이 자기소개서에서 진짜로 전달되려면 조금 더 구체적인 답이 필요합니다.


-C사의 어떤 브랜드 혹은 제품이 구체적으로 마음에 드시나요?
-그 브랜드의 최근 마케팅 중 인상 깊었던 캠페인이 있나요?
-C사이기 때문에 하고 싶은 게 있나요, 아니면 식품 마케팅 자체가 좋은 건가요?


이 질문들에 구체적인 답을 갖고 계실수록 진정성이 살아납니다. 채용 담당자들은 ‘우리 브랜드를 진짜 좋아하는구나’와 ‘대기업 마케팅팀이면 어디든 좋은 거구나’를 생각보다 아주 잘 구분해 낸다는 점을 기억하세요.",
113,마케팅/md,"광고 AE, 현실은 이렇게 다릅니다.",md 30-3,"미디어커뮤니케이션을 전공하고 있는 대학생입니다. 3학년이 되면서 진로와 취업 준비를 본격적으로 시작하게 되었고, 자기소개서를 작성하던 중 AE 직무에 대한 구체적인 궁금증이 생겨 이렇게 연락을 드리게 되었습니다.


멘토님께서 광고대행사 AE로 오랜 기간 근무하시며 귀한 경험을 쌓아오신 만큼, 현업의 생생한 조언을 얻고 싶어 아래와 같이 몇 가지 질문을 드립니다.




첫째, AE로 근무하시면서 입사 전에 예상하셨던 모습과 실제 현업에서 가장 달랐던 점은 무엇인가요?


둘째, 신입 AE들이 실무에 진입했을 때 가장 많이 범하는 실수는 무엇이라고 생각하시나요?


셋째, 광고대행사에서 실제 업무를 수행하시면서 가장 중요하다고 느끼게 된 핵심 역량은 무엇인가요?


바쁘신 와중에도 귀한 시간 내어 글 읽어주셔서 감사합니다. 답변 가능한 부분에 대해서만 조언해 주셔도 취업 준비에 큰 도움이 될 것 같습니다. 멘토님의 소중한 답변을 기다리겠습니다. 감사합니다.","AE 직무에 관심을 갖고 준비하고 계신다니 반갑습니다. 17년째 광고대행사 AE로 일하고 있는 선배 입장에서 제 경험을 바탕으로 답변드려보겠습니다.


1. 입사 전 예상과 가장 달랐던 점
입사 전에는 AE가 광고 아이디어를 내고 캠페인을 만드는 역할로만 표면적으로 인지했습니다. 하지만 실제로는 사람과 사람 사이를 연결하고, 문제를 해결하는 역할에 훨씬 가깝습니다. 광고주, 제작팀, 미디어팀, 내부 조직 등 다양한 이해관계자의 의견을 정리하고 최적의 방향으로 이끄는 일이 많습니다. 결국 광고는 아이디어나 전략을 기준으로, 많은 사람들의 협업과 조율을 통해 만들어진다는 점이 가장 달랐습니다.




2. 신입 AE들이 가장 많이 하는 실수
가장 많이 봤던 것은 너무 빨리 자신의 역량을 증명하려고 하면서 조급해지는 것입니다. 신입 때는 “왜 나는 중요한 전략 업무를 못 하지?”, “내 역량을 보여줄 기회가 없는 것 아닐까?”라고 불안해하는 경우가 많습니다.


하지만 사원 시절, 특히 초반 3년 정도는 역량을 보여주는 시간이라기보다 부족한 것을 채우고 업의 구조를 배우는 시간에 가깝다고 생각합니다. 회의록 작성, 일정 관리, 자료 정리, 제작 프로세스 이해 같은 첫 단추가 되는 일들이 나중에 큰 전략을 짜는 기반이 됩니다. 작은 일에서도 배우려는 태도와 애티튜드가 결국 가장 중요한 경쟁력이 됩니다.

3. 실무를 하며 가장 중요하다고 느낀 역량
저는 '자기만의 생각과 논리를 기르는 힘'이 중요하다고 생각합니다. 광고와 마케팅에는 정답이 없기 때문에, 단순히 트렌드를 많이 아는 것보다 “나는 왜 이렇게 생각하는가”를 설명할 수 있어야 합니다. 어떤 캠페인이 왜 통했는지, 소비자가 왜 반응했는지, 브랜드 관점에서 어떤 의미가 있는지 자기만의 논리로 해석하는 습관이 필요합니다. 결국 좋은 AE는 일을 단순히 전달하는 사람이 아니라, 자기 관점으로 문제를 해석하고 해결 방향을 제안할 수 있는 사람이라고 생각합니다.


조금이나마 도움이 되었으면 좋겠습니다. 취업 준비 잘 하시고, 좋은 결과 있으시길 응원하겠습니다! 감사합니다.",
112,마케팅/md,"식품 마케팅, 신입 지원자는 무엇부터 챙겨야 할까요?",md 30-2,"멘토님. 식품 업계 마케팅 직무를 목표로 취업을 준비하고 있는 경영학부 학생입니다. 현업에서 소중한 경험과 인사이트를 쌓아오신 멘토님께 지혜를 구할 수 있는 기회를 갖게 되어 매우 감사드립니다. 평소 식품 마케팅을 준비하며 궁금했던 점들에 대해 몇 가지 여쭤보고자 합니다.




첫째, 신입 지원자 입장에서 어떤 역량을 우선적으로 준비해야 실무에 가장 도움이 될지 고민이 많습니다. 실제 현업에서는 신입 마케터에게 어떤 직무 역량이나 시장을 바라보는 관점을 가장 중요하게 평가하시는지 궁금합니다.


둘째, 식품 업계 마케팅을 준비할수록 단순한 마케팅 이론보다 '시장 트렌드와 제품에 대한 깊이 있는 이해'가 핵심이라는 생각이 들었습니다. 현업에서는 급변하는 식품 트렌드를 어떻게 신속하게 파악하고 실무에 반영하시는지, 학생 처지에서 연습해 볼 수 있는 방법이 있다면 알고 싶습니다.


셋째, 식품 산업은 제품 기획부터 생산, 유통, 최종 판매에 이르기까지 전 과정이 긴밀하게 연결되어 있어 마케터의 커버리지가 매우 넓다고 느꼈습니다. 실제로 식품 업계 마케팅 직무는 어느 단계까지 깊게 관여하며, 그중에서 가장 핵심적으로 수행하는 역할은 무엇인가요?


넷째, 현재 글로벌 경험이 많지 않아 다소 고민이 됩니다. 실제 식품 마케팅 실무에서 해외 시장을 타깃으로 하는 업무 비중이 어느 정도 되는지, 아니면 신입의 경우 국내 시장 중심으로 커리어를 시작하는 경우가 더 일반적인지 궁금합니다.


식품 마케터라는 꿈을 향해 올바른 방향으로 나아갈 수 있도록 멘토님의 소중한 조언과 답변을 부탁드립니다. 바쁘신 와중에 귀한 시간 내어 글 읽어주셔서 감사합니다.","반갑습니다. 먼저 재학 중에 진로를 위해 치열하게 고민하고 있음에 응원의 박수를 보냅니다. 제한된 지면으로 인해 풍부한 답변을 드리는 데 일정 부분 한계가 있겠지만, 질문해 주신 내용에 대해 하나씩 답변해 드리겠습니다.


1. 신입 마케터에게 가장 중요한 역량과 관점
식품 업계, 그리고 마케팅 직무를 희망하는 신입사원은 관련 경험이 우선시되어야 합니다. 구체적으로는 제3자에게 증빙하거나 납득시킬 수 있는 경험들이 좋겠습니다. 예를 들어 인턴을 비롯해 대외활동, 아르바이트 등이 있으며, 관련 산업군에서 스마트스토어 등을 활용해 창업을 해본 경험도 매우 매력적으로 비춰질 수 있습니다.


여기서 주의할 것은순진한 '나열식 경험'이 되어서는 안 되며, 경험의 종류 자체가 무조건 중요한 것도 아닙니다. 단 한 가지 경험 혹은 경력을 쌓았더라도 그 속에서 본인의 기여도는 어떠했는지, 해당 업무를 수행했을 때의 결과가 기존 대비 어떻게 변화(예: 매출이나 인지도 등의 증감)했는지를 데이터, 즉 '수치'로 말할 수 있어야 진정한 아웃풋이라 할 수 있습니다. 이러한 경험을 통해서만 해당 산업군을 바라보는 시각을 갖추고, 면접에서도 진정성 있게 업무를 수행해 왔다고 주장할 수 있습니다.

2. 식품 트렌드를 빠르게 파악하고 체득하는 방법
트렌드를 파악하는 가장 쉽고 빠른 방법은 온라인에서의 동향을 실시간으로 감지하는 것입니다. 유튜브, 인스타그램을 비롯해 틱톡, 엑스(X), 쓰레드(Threads) 등 다양한 SNS에서 유저들의 호응과 반응도를 상시 확인해야 합니다.


이를 위해서는 평소 본인의 SNS 계정 알고리즘을 트렌드 센싱에 맞게 잘 세팅해 두는 노력도 필요합니다. 관심 있는 분야를 집중적으로 탐색하고 서치하여 국내외 피드가 다양하게 올라오도록 환경을 만들면, 소위 제2의 두바이 초콜릿이나 '두쫀쿠' 같은 최신 트렌드를 남들보다 빠르게 인지할 수 있습니다.


오프라인의 경우, '더현대 서울이나 성수동 거리를 눈감고도 지도를 그릴 수 있다' 정도의 수준이 되어야 합니다. Z세대들의 관심사와 이슈를 명확히 파악할 수 있도록 주기적인 시장 조사가 필수적입니다. 해당 타깃 세대들이 실제로 무엇에 열광하고 소비하는지, 책상이 아닌 현장에서 답을 찾고 다음 트렌드를 예측해 보는 작업이 필요합니다.



3. 식품 마케터의 관여 단계와 핵심 역할
마케팅 직무는 양질의 IP와 콜라보레이션을 하거나, 특정 시즌 및 기념일을 타깃으로 하여 상품의 초기 '기획 단계'에서부터 관여하기도 합니다. 반대로 상품 기획자(MD)가 모두 개발해 둔 상품의 출시 직전 단계에 합류하여, 해당 제품을 시장에서 가장 매력적으로 표현하고 포지셔닝하는 '협업의 역할'을 수행하기도 합니다.


다양한 상품에 대한 깊은 이해가 선행되어야만 MD 팀을 비롯한 유관 부서의 요청과 협업에 어려움이 없습니다. 따라서 마케팅 직무라고 해서 '상품(식품) 개발은 내 영역이 아니다'라고 선을 그어서는 절대 안 됩니다.

4. 국내 시장 중심 vs 해외 시장 타깃 비중
해외 타깃 여부는 기업의 성향과 상품에 따라 크게 다릅니다. 예컨대 삼양식품은 오뚜기에 비해 훨씬 강하게 글로벌 시장을 지향하는 구조를 가집니다. 한편, 기업의 의도된 방향성과 다르게 SNS를 통해 외국인들 사이에서 '뚱바라떼(바나나맛우유 라떼) 레시피' 등이 자발적으로 퍼지면서, 빙그레 바나나맛우유처럼 해외 소비자 관련 마케팅 활동에 뒤늦게 탄력을 받는 흥미로운 사례도 존재합니다.


기본적으로 국내 식품 업계가 상품을 기획·개발할 때는 일단 국내 시장을 메인(Main)으로 두고 시작하는 것이 일반적입니다. 해외 쪽은 애초에 담당 사업부도 다르고, 국가별 성분 규제나 표기 사항 등의 법적 이슈가 있어서 국내 상품을 그대로 해외로 가져가 판매할 수 없기 때문에 출발선이 약간 다릅니다.


그럼에도 불구하고 언제, 어디서 국내 상품이 해외 소비자나 글로벌 시장에서 반응이 올지 모르는 시대가 되었습니다. 따라서 기획 단계부터 해외 시장의 가능성까지 고려하는 접근법은 매우 영리한 전략이 될 수 있습니다. 다만, 다시 한번 강조하지만 일단 국내 시장에서 확실하게 성공해야 해외 시장도 고려할 수 있는 법입니다.


멘티님께서 관심 있는 기업, 산업군, 시장 등에 대해 생각을 좀 더 구체화하고, 본인의 일상생활은 물론 관련 경험을 조금씩 깊고 넓게 확대해 나가다 보면 남들과는 다른 날카로운 시각이 생길 것입니다. 자연스럽게 희망하시는 직무에도 한 걸음 더 가까워지리라 믿습니다.


추가적인 질문은 언제든지 환영합니다. 꿈을 향한 여정을 응원합니다. 감사합니다.",
111,마케팅/md,"식품 트렌드, 현직자는 어떻게 발견할까?",md 30-1,"멘토님. 지난번에 주신 조언을 바탕으로 열심히 공부하던 중, 상품 기획 실무 프로세스에 대해 조금 더 깊이 있는 의문이 생겨 다시 한번 지혜를 구하고자 연락드렸습니다.


현재 상품 기획의 주요 단계(시장 분석 → 소비자 인사이트 → 제품 컨셉 → 스펙 도출 → 경쟁사 분석 → 사업 전략 → 출시 전략)가 무엇인지는 이론적으로 이해하고 있습니다. 하지만 이를 토대로 실제 기획을 전개하려 하니, 각 요소가 어떤 '논리적 인과관계'를 가지고 연결되어 도출되는지 그 흐름이 명확히 와닿지 않아 고민입니다.




구체적으로 제가 궁금한 점은 다음과 같습니다.
1.컨셉 도출의 논리: 거시적인 시장 상황과 미시적인 소비자 인사이트(Unmet Needs)를 결합하여, 어떻게 하나의 구체적이고 매력적인 '제품 컨셉'으로 점프업(Jump-up)시키시는지 그 판단 기준이 궁금합니다.
2.컨셉에서 스펙·전략으로의 확장: 정의된 제품 컨셉이 단순히 선언에 그치지 않고, 제품의 구체적인 '기술적 스펙'과 원가·마진을 고려한 '사업 전략', 그리고 최종 '출시(GTM) 전략'까지 유기적으로 이어지는 과정에서 실무자들은 어떤 기준을 가지고 논리를 전개하나요?


즉, 기획서의 항목들을 단순히 나열하는 것을 넘어, ""하나의 기획이 완성되는 실무 관점의 사고 흐름(Thinking Flow)""을 배우고 싶습니다.


혹시 멘토님께서 현업에서 실제로 상품 기획을 풀어나가실 때 사용하시는 순서와 논리 구조를, 이해하기 쉬운 간단한 예시와 함께 설명해 주실 수 있으실까요?


항상 아낌없는 인사이트를 전해 주셔서 감사드리며, 이번 조언 역시 제 기획 역량을 한 단계 성장시키는 큰 가이드가 될 것 같습니다. 답변 기다리겠습니다. 감사합니다! ","안녕하세요, 반갑습니다. 상품 기획에 대해 깊은 애정과 관심을 갖고 고민하는 모습이 무척 인상적입니다. 앞으로도 다양한 경로를 통해 궁금증을 적극적으로 해결하며 성장해 나가기를 바라겠습니다. 응원하는 마음을 담아 질문에 답변해 드립니다.


우선 통상적인 상품 기획 프로세스는 말씀하신 절차로 이해하셔도 무방합니다. 다만 잘 아시다시피 산업군에 따라서, 혹은 우리가 제공하는 것이 유형의 상품이냐 무형의 서비스냐, 식품이냐 비식품이냐 등에 따라 순서가 달라지거나 절차가 생략·추가될 수 있습니다.


예를 들어 PC 게임이나 온·모바일 서비스의 경우, 사용자의 편의성(UX)을 측정하고 UI를 보완하기 위해 소위 '베타테스트'를 많이 진행합니다. 이때의 상품 기획 프로세스는 완벽한 정교함보다는 신속함을 기반으로 한 'N차 수정과 보완의 반복'이 훨씬 더 중요합니다.

1. 식품 MD 관점에서의 트렌드 포착 (1단계)
멘티님은 여러 카테고리 중 특히 식품에 관심을 갖고 계시니, 식품을 예로 들어 설명해 보겠습니다. 최근 수개월 전부터 '말차'가 핫한 트렌드로 자리 잡아 다양한 식품군에 접목되어 출시되고 있습니다. 최근에는 말차 소주까지 등장했을 정도죠.


기획의 출발은 말차에 대한 바이럴이 평소 대비 급증하고 있음을 감지하는 것에서 시작합니다. 각종 SNS에서 말차 관련 콘텐츠나 언급이 늘어나는 현상, 그리고 그 증가의 폭과 속도가 이전과 확연히 다르다는 점을 눈치챈다면 1단계는 성공입니다. 그다면 왜 말차인지, 누가 말차를 주로 소비하고 언급하는지를 파악해야 합니다. 해외에서부터 MZ세대들의 말차라떼 인증샷 릴레이가 시작되었다거나, 말차의 쌉싸름한 맛과 효능에 대해 재평가하는 의견들이 올라오는 등 그 이유와 타깃은 어렵지 않게 찾을 수 있습니다.

2. 현실적인 제조 공정 및 협력사 조율 (2단계)
다음은 식품 MD 입장에서 내가 담당하는 카테고리에 이 말차를 적용할 수 있을지 타진해 봅니다. 예를 들어 제가 라면을 담당하고 있다면 '말차 라면'을 고민해 보겠죠. '국물류의 말차 라면을 만들어 볼까?', '아니면 불닭볶음면처럼 볶음면 베이스로 가야 할까?'


여기서 중요한 점은 이 고민을 혼자 하는 것이 아니라 협력사(제조사)와 함께 풀어가야 한다는 것입니다. MD의 아이디어와 기획 배경을 토대로 협력사에 의견을 구합니다. 이때 단순히 ""어때요?""라고 묻는 것이 아니라, 제조 공정상 실제로 구현이 가능한지부터 체크해야 합니다.


만약 면발을 초록색으로 물들인 '말차면(가칭)'을 만들고 싶다고 가정해 봅시다. 현장과 소통해 보면 현실적으로 실현 가능성이 매우 낮다는 것을 금방 알게 됩니다. 말차 특유의 강한 향과 색상 때문에, 이 말차면을 한 번 생산하고 나면 이후 라인 가동을 일정 시간 전면 중단하고 관련 설비를 모두 세척·정비해야 하기 때문입니다. 그렇지 않으면 다음에 생산하는 일반 라면에 말차 향이나 초록색이 묻어나오는 치명적인 불량이 발생하니까요. 결국 실무적인 대안으로 '스프(양념)에 말차를 활용하는 방법'으로 선회하게 됩니다. 이처럼 협력사와 현실적인 한계를 주고받으며 실현 가능성을 지속적으로 타진해 나갑니다.

3. 프로토타입 검증과 경쟁사 분석 (3단계)
이러한 과정을 거쳐 일단 만들어보기로 방향을 정했다면, 협력사에 정식 샘플 제작을 요청합니다. 하지만 그전에 MD가 스스로 가샘플(프로토타입)을 먼저 만들어볼 수도 있습니다. 시중에 판매하는 라면을 구하고 말차가루를 별도로 준비해, 어느 정도 계량을 해가며 직접 섞어보는 것이죠. 내부 팀원들과 간단히 시식하며 컨셉의 방향성에 대해 피드백을 주고받을 수 있습니다. 연구실에서 전문적으로 만든 것이 아니니 퀄리티 자체보다는 컨셉의 매력도를 검증하는 단계입니다.


위 과정에서 긍정적인 평가나 가능성을 엿보았다면, 다음으로 국내외 유사 상품의 현황을 샅샅이 찾아봅니다. 현재 판매 중인 유사 상품이 있다면 빠르게 구해서 장단점을 분석합니다. 가격부터 칼로리, 주원재료를 확인하며 '우리 쪽에서 만들면 어떤 점이 더 나을지', '그 차별점이 고객에게 매력적으로 어필될지' 판단합니다.


만약 과거에는 존재했으나 현재는 단종된 상품이라면 그 원인을 반드시 파악해야 합니다. 판매가 잘 되었다면 단종될 이유가 없었을 테니, 분명히 실패의 원인이 존재할 것이고 이를 반면교사로 삼아야 하기 때문입니다.



4. 출시 프로세스 및 유관 부서 협업 (4단계)
이 모든 과정을 거칠 즈음 협력사로부터 정식 샘플이 도착할 것이고, 이를 토대로 내부 품평회를 거치게 됩니다. 동시에 시간을 단축하기 위해 패키지 용기 디자인 작업에 착수합니다. 디자인 팀 등 유관 부서에 상품의 핵심 셀링 포인트(USP)를 명확히 공유하고, 최종 디자인이 나와야 하는 데드라인을 설정해 협업을 리드합니다.


자, 이제 디자인과 맛이 어느 정도 잡혔다면 본격적인 출시일을 확정해야 합니다. 앞서 말씀드린 말차 라면 같은 경우는 기존에 존재하지 않던, 상대적으로 완전히 새로운 타입의 상품이므로 무엇보다 '시장 선점 속도'가 중요합니다. 따라서 가급적 빠른 시일(ASAP)을 목표 출시일로 잡고 전체 부서의 타임라인을 핸들링해 주어야 합니다.


이와 함께 마케팅 및 홍보 팀에 정보를 사전에 공유하여 언론 보도 배포 계획을 세우고, SNS 업로드 관련 요청을 위한 미팅을 진행하며 부서별 출시 준비를 마칩니다.


물론 물류를 담당하는 SCM 부서와는 초기 재고가 부족하지 않도록 적정량의 발주를 독려해야 하며, 협력사에는 최종적으로 생산과 납품에 차질이 없는지 두 번, 세 번 지속적으로 체크해야 합니다. 영업 부서에도 신상품 정보를 미리 전달하여 일선 매장에서 원활한 발주와 좋은 진열 자리를 확보할 수 있도록 협업을 요청하죠.

5.함께 고민해 볼 실무적 딜레마
여기까지가 멘티님이 질문해 주신 상품 기획 프로세스가 실무에서 구현되는 구체적인 예시입니다.


실제 현업에서는 상품의 생애주기(Life Cycle)가 급격히 단축되고 있음을 온몸으로 체감하고 있습니다. 이러한 변화에 발맞추어, 최근에는 식품 업계에서도 온·모바일 서비스의 베타테스트 같은 성격으로 상품을 출시하려는 시도가 엿보입니다. 예를 들어 과자 제품 중 '비초비 딸기맛'이나 '황치즈 쿠키' 등이 처음에는 시즌 한정판으로 가볍게 기획되었다가, 소비자들의 폭발적인 반응 덕분에 정규 상품으로 자리 잡은 사례들이 그렇습니다.


제가 MD로 일할 때도 유사한 경험이 많았는데, 이는 리스크(재고 관리 측면)를 최소화하고 급변하는 시장 상황에 유연하게 대응하기 위한 영리한 전략 중 하나입니다.


하지만 그렇다고 해서 무조건 소량 생산, 다품종 구조로만 가는 것이 정답일까요? 규모의 경제를 기반으로 하는 제조 공장의 특성상, 무작정 소량 생산만 고집할 수는 없습니다. 또한, 예상외로 시장 반응이 뜨거운 상황에서 제때 적정 재고를 공급하지 못해 소위 '기회로스(Opportunity Loss)'가 발생한다면 이 또한 너무나 뼈아픈 실책이 됩니다. 참 어렵고도 치열한 영역이죠.


하나의 기획을 완성하는 사고법을 한마디로 요약하자면 '철저한 멀티플레이어가 되는 것'입니다. 어떤 상품 아이디어를 떠올리는 바로 그 순간, 내 머릿속에서 제조사, SCM, 홍보, 마케팅, 영업, 그리고 최종 소비자의 입장이 동시에 작동하며 ""이게 과연 실현 가능할까?""를 입체적으로 따져보는 습관이 필요합니다. 어느 한 부서라도 엇박자가 나면 상품은 제때 시의적절하게 세상에 나올 수 없기 때문입니다.


상품 기획 프로세스를 조금 더 깊이 있게 학습하고 싶다면, 멘티님이 실제로 가상의 상품을 직접 기획해 보는 연습을 해보시길 권합니다. 포트폴리오를 짜듯 기획서를 지속적으로 디벨롭해 보세요. 그러다가 추후에 실제로 시장에 유사한 콘셉트의 상품이 출시된다면, 멘티님의 시각과 인사이트가 증명된 것으로 보아도 좋지 않을까요? 그런 순간이 온다면 엄청난 성취감을 느끼실 수 있을 겁니다. 진심으로 응원하겠습니다.


추가적인 질문은 언제든지 환영합니다. 고맙습니다.

",
110,"IT 개발, 데이터","게임 클라이언트 개발자 공부, 기본은 이렇습니다.",IT30-30,"컴퓨터공학과를 전공 중인 대학교 4학년 학생입니다. 졸업을 앞둔 상태에서 늦게 게임 개발자가 되고자 하는 막연한 꿈을 가지게 되었습니다. 어디서부터 어떻게 무엇을 준비해야 하는지 잘 알지도 못해서 이에 대한 해답을 얻고자 멘토님께 질문을 여쭤보려고 합니다. 진로는 우선 게임 클라이언트 개발자로 정해둔 상태입니다!
1. 게임 클라이언트 개발자가 되려면 무엇을 하는 게 좋은지 궁금합니다.



2. 포트폴리오는 어떤 게임을 만들어 보는 게 좋은지, 어떤 내용을 담는 게 좋을지 궁금합니다.



3. 신입에게 요구하는, 혹은 기대하는 포트폴리오의 수준 및 퀄리티가 어느 정도인지 궁금합니다.



4. 코딩 테스트를 어떤 식으로 대비하는 게 좋은지, 어떻게 공부하는 게 좋을지 궁금합니다.



5. 이력서와 자기소개서가 차지하는 비중이 큰지 궁금합니다. 만약 비중이 크다면 어떤 부분을 중요하게 써야 할지 궁금합니다.



6. 동아리나 기타 활동이 도움이 되는지 궁금합니다. 만약 도움이 된다면 어떤 활동을 하는 게 좋을지 궁금합니다.



현직자 멘토님께 이런 질문을 드릴 기회가 없어서 질문이 너무 많아졌습니다.. 제 꿈을 이루기 위해 열심히 노력하고 싶습니다. 귀한 시간 내주셔서 정말 감사합니다!
","안녕하세요. 졸업을 앞둔 상태에서 커리어의 고민은 누구에게나 나타나는 과정이 아닐까 싶습니다. 컴퓨터공학을 전공하고 프로그래머로 커리어를 쌓으려는 학생들에게 IT 분야는 너무나 넓고 무엇을 선택해야 할지 전혀 감이 잡히지 않을리라 생각해요. IT 분야는 그만큼 넓고 세부적으로 나눌 수 있습니다. 게임 개발자(클라이언트 프로그래머)는 학부 시절에 배운 전공을 토대로 그래픽 테크놀로지와 다양한 시스템을 개발하는 직업입니다.


1. 게임 클라이언트 개발자가 되려면 무엇을 하는게 좋은지 궁금합니다.
클라이언트 프로그래머가 되려면 가장 기본 바탕은 프로그래밍 역량을 키워야 합니다. 학부 커리큘럼에 반드시 포함되는 프로그래밍 언어가 기초가 됩니다. 우선 C언어를 배우며 절차 지향의 개념을 익히고, 그 다음으로 객체 지향 프로그래밍을 배웁니다. 객체 지향 언어에는 Python, JAVA, C++, C#과 같은 언어가 존재합니다. 어떤 언어를 배웠는지 모르겠지만, 클라이언트 개발자는 C++, C#을 주로 사용합니다. 두 가지 언어는 상용화 엔진과 매핑되어 있습니다.


유니티 엔진은 보통 C#으로 개발하며, EpicGames의 언리얼 엔진은 C++ (물론 블루프린트도 사용하지만..)을 주 언어로 사용하여 개발합니다. 자신이 어떤 언어에 강점을 가지고 있는지 파악한 후에 해당 연계된 게임 엔진을 다뤄보면 됩니다.


프로그래머는 클라이언트, 서버라는 직군과 상관없이 구현에 우선 초점을 두어야 합니다. 구현하려면 언어의 기본적인 문법을 활용하고, 시스템의 구성에 최대한의 효율을 보장해야 합니다. 시스템을 구현하는 과정에서 자료구조와 알고리즘은 자연스럽게 뒤따라옵니다. 배열과 리스트의 자료구조를 어떤 상황에서 써야 하는지 알아야 한다는 뜻입니다. (4번 질문인 코딩 테스트와 연결됩니다.)


이렇게 프로그래밍 언어를 습득하면서 선형대수학, 이산수학도 공부할 필요가 있습니다. 벡터 연산, 행렬의 곱셈 정도는 자세히 물어보는 지식은 아니지만 알아두면 여러모로 도움이 됩니다.


게임은 1인 개발자가 아닌 이상 거의 대부분 네트워크 기반입니다. Socket 통신, TCP/IP, UDP과 같은 개념을 익혀둘 필요가 있습니다. 아마도 학부 커리큘럼에 네트워크 통신과 같은 과목이 있다면 꼭 수업을 들어야 합니다. 클라이언트의 주요 영역은 아니지만 네트워크와",
109,"IT 개발, 데이터","PM 취업, 경험 제대로 정리해 보셨나요? (추천 도서)",IT30-29,"PM이 되기 위해 노력 중인 취준생입니다. 어떤 부분이 부족하고 앞으로 어떻게 준비하면 좋을지 여쭙고 싶어 이렇게 잇다에 글을 남겨요.

저는 개발자를 꿈꾸다 PM 직무를 알게 되어 진로를 바꿨습니다. 루트가 이렇다 보니 백엔드, 프런트엔드 기획 / 개발 프로젝트 경험이 5개 정도 있고, 인공지능 전공이라 데이터 분석 경험도 있으며 SQLD 자격증도 보유한 상태입니다.



그런데 제가 주로 웹 개발을 해서 앱 개발 경험이 없고, 인턴도 한 번도 안 해본 상태라 인턴을 지원하는 중인데 계속 서류부터 떨어지네요.



앱 개발 경험이 없어서 그런 걸까요? 부트 캠프를 지원해서 PM의 역량을 제가 따로 공부해야 할까요? 아니면 포트폴리오나 자소서는 어떤 식으로 작성하면 좋을지 여쭙고 싶습니다!



긴 글 읽어주셔서 감사드리고 답 주신다면 정말 정말 감사드리겠습니다!

","
질문 주신 글에 많은 고민이 담겨있는 것이 느껴집니다. 저의 취준생 시절도 생각나 한편으로는 마음이 먹먹해지네요.


서류 합격이 되지 않는 이유는 저도 무엇 때문에 이렇다.라고 확답을 드릴 수가 없습니다. 다만 저의 입장에서 답을 드려볼게요. PM 직무에서 가장 중요한 것은 ""프로젝트 경험""입니다. 백엔드/프런트엔드 기획 개발 프로젝트의 경험은 멘티님의 강점이라고 볼 수 있습니다.


사실 저는 자격증 하나 없었고, 학교 전공 또한 산업디자인 학과였고, 인턴 경험도 제품 디자인 인턴이라 앱/웹 서비스 기획 쪽과는 조금 거리가 있었거든요. 하지만 학생 때 직무 경험 중에 ""모바일 게임""을 만들어서 실제 앱 시장에 배포한 적이 있었고 거기서 ""디자이너 겸 기획자"" 역할을 수행했었습니다. 


이때 경험을 바탕으로 프로젝트를 왜 해야 하는지? 그 과정에서 어떤 어려움이 있었는지? 해결 방법은 무엇이었는지?(Build) 그리고 실제 시장에서 고객 반응은 어땠는지(Measure), 그를 통해 얻은 것은 무엇인지(Learn) 단계의 반복을 논리적으로 설명할 수 있었고 이걸 포트폴리오, 자소서에 잘 녹여냈던 것 같아요.


포트폴리오나 자소서에 진행하신 개발 프로젝트가 실제로 시장에 배포되어서 얻은 인사이트가 있을까요? 이를 통해 얻은 소중한 경험과 느낀 점 그리고 어떤 점을 더 발전시켜야 하는지가 잘 녹아 있어야 PM 직무의 한 사이클을 다 경험했다고 볼 수 있어요.



©ThisisEngineering


아시다시피 신입이 바로 PM 직무를 하기는 어렵습니다. PM 업무 역량 중에 특히 중요한 부분이 프로젝트의 진행과정에서 협업하는 유관 부서, 이해관계자와의 커뮤니케이션인데요. 개발 경험이 있다면, 개발자와 협업 시 커뮤니케이션 측면에서도 굉장한 강점이 있습니다. 데이터 분석 경험과 SQLD 자격증도 PM의 주요 역량 중 하나인 ""과제(문제) 정의"" 시 많은 도움이 될 것 같아요.


더불어 PM 직무 이해도를 높이기 위해 아래와 같은 도서를 읽어보는 것을 추천드립니다! (실제 우아한 형제들 PM 구성원분들이 추천해",
108,"IT 개발, 데이터","개발 PM, 이런 경험과 스펙이면 충분할까요?",IT30-28,"2025 상반기 공채에 신입 개발 PM으로 지원 예정인 취준생입니다. 게임 개발 프로젝트를 개발 PM으로서 두 번 진행한 적이 있으며, 현재 포트폴리오와 자소서도 어느 정도 준비된 상태입니다. 내년 상반기까지 어떤 걸 추가로 더 하면 좋을지 고민한 끝에 세 가지를 추려 냈습니다.



혹시 아래 세 가지 플랜 중에 우선순위를 정해주시거나 덧붙여 주실 조언이 있을까요? 멘토님의 조언이 절실합니다.

1. 개발 경험: 국비지원 부트 캠프 or 유니티 강의 듣기

코딩이 필요하진 않은 직무지만, 개발 용어 같은 건 알고 있어야 한다고 생각했습니다. 개발 PM에게는 부트 캠프에서 팀 프로젝트를 하고 게임을 직접 개발하는 것까지는 굳이 필요하진 않나요? 개발자는 아니니, 어느 정도의 개발 지식을 갖추고 있어야 하는지 감이 안 잡혀서 질문드립니다.



2. 영어 자격증: 토익 스피킹 취득

영어가 친숙해 학생들을 가르치는 내신은 자신 있지만, 회화가 부족합니다. 해외 PM으로는 지원할 계획이 없지만, 제 전공에 맞게 경쟁력을 키우려면 영어 능력을 어필할 수 있는 무언가가 필요하다고 생각했습니다. 그래서 영어 관련 자격증을 따야 하나 고민 중입니다. 영어 회화 능력을 기업에서 어디까지 필요로 하는지 궁금합니다. 비즈니스 영어 회화 쪽을 공부하면 될까요?



3. 게임 취업 스터디

지방에 살고 있어서 모임을 찾기도 어렵고 비대면 스터디는 구하기가 어렵다는 아쉬움이 있네요.



4. 그 외에 추천하는 경험이나 경력이 있나요?

신입 개발 PM에 대한 정보가 부족하여, 궁금한 점을 쓰다 보니 내용이 조금 길어졌습니다. 멘토님의 답변 기다리겠습니다. 감사합니다.","안녕하세요. 현업에서 필요로 하는 개발 PM의 역량은 개발부서에서 다양한 직군의 개발 프로세스를 통합하여 개발에 차질이 없도록 운영하는 능력입니다. 이러한 특성을 잘 이해하고 개발 프로세스를 먼저 명확하게 개발 과정에 적용해 봐야 합니다.


개발 스튜디오의 개발 진행은 거의 다음과 같은 흐름으로 진행합니다. 프로젝트의 리더(디렉터 혹은 프로듀서)가 분기별로 어떤 항목을 구현할지 계획합니다. 게임의 방향성을 책임지는 디렉터는 각종 시스템이 프로젝트에 필요한지를 기획 리더와 논의를 통해 결정합니다. (디렉터 아이디어 회의)


기획 리더는 기획 팀원에게 업무를 배분하고, 각 업무를 할당받은 기획자는 시스템의 초안을 작성합니다. 초안을 토대로 기획팀 내부에서 회의를 진행하여 지금까지 개발한 내용에 어울리는지를 확인합니다. (기획 업무 배정 및 기획서 작성 후 미팅)


기획서의 내용이 타당하다면 필요에 따라 그래픽 직군과 프로그래머 직군을 조합하여 개발 회의를 진행합니다. 개발에 필요한 시스템이 구축되어 있는 상태에서 확장성을 고려한다면 프로그래머 직군보다는 그래픽 직군과 회의를 진행합니다. 예를 들어 스킬, 아이템 시스템은 구축되어 있다면 스킬과 아이템의 양산 작업에 프로그래머는 필요 없을 수 있습니다. (개발 협업 미팅)


개발 협업 미팅을 완료하고, 그래픽과 프로그래머의 여러 개발 피드백을 토대로 기획서를 일부 수정할 수 있습니다. 이렇게 개발 부서와 미팅을 마치고 난 후에 본격적으로 개발 일정을 산정하고 시스템의 구현이 언제 마무리되는지 확인합니다. (최종 기획안으로 개발)


개발 PM은 초기 기획서 작성부터 일정 관리를 합니다. 예를 들어 아이템 강화 시스템 개발이라는 항목이 있다면 어떤 기획자에게 업무가 할당되는지 참고하여 일정을 관리합니다. 기획자의 초안 작성이 완료된 후 회의가 진행되면 그래픽 직군과 프로그래머의 직군의 일정을 등록합니다. 최종 기획안으로 개발 단계에 진입하면 구성원 각자의 업무가 할당되는 셈입니다. 프로그래머의 구현 일정이 확정되면 기획 직군의 일정은 완료 상태가 되어야겠지요.


순환 구조로 도식화하면 다음과 같습니다. 디렉터 아이디어 회의 - 기획 초안 문서 작성 - 기획 문서 확정 - 개발 직군 회의 - 그래픽, 프로",
107,"IT 개발, 데이터",데이터 사이언티스트가 되려면 어떤 경험을 쌓아야 할까요?,IT30-27,"4학년 취준생입니다. 최근 멘토님의 잇다 특강 정말 감명 깊게 들었습니다. 저도 관련 학과 학생으로서 저도 멘토님처럼 커리어를 쌓고 데이터 사이언티스트로써 팀리더를 꿈꾸고 있는데요.
현재는 학생으로서 본교 수업 수강과 함께 산학협력단에서 주관하는 빅데이터 양성과정에 참여하고 있습니다. 멘토님처럼 IT 서비스팀의 리더로 취업을 하려면 지금부터 어떤 경험을 찾아다녀야 할까요?","안녕하세요. 일단 강의를 잘 들어주셔서 감사합니다. 질문에 대해서 답변을 드리자면 다음과 같습니다.


1) 문제 해결 경험이 중요합니다.
IT 서비스 관련 직무에서 일하시면서 회사가 주는 문제 외에 크기와 상관없이 다양한 문제를 꾸준히 해결해 보시는 게 중요합니다


2) 다양한 관점을 이해해야 합니다.
단순히 문제를 해결하기보다는, 다양한 관점에서 문제를 해결해 보는 것이 중요합니다. 이를 통해서 문제를 단순하게 푸는 것부터 시작해서 아주 복잡하게 풀어보는 경험까지 다양하게 꼬리에 꼬리를 물면서 문제를 푸는 것입니다.


실생활에서 예를 들어 보면 “배고픔”이라는 문제를 해결하는 방법은 다양합니다. 단순하게는 물을 마시는 것부터 시작해서, 직접 요리를 하는 복잡한 방식도 있습니다. 문제를 이렇게 다양한 관점에서 풀어본 지원자를 회사 입장에서는 더욱더 매력적인 지원자로 해석하죠.



©Towfiqu barbhuiya


3) 마지막으로 커뮤니케이션 스킬을 키우세요.
비전문가에게도 IT에 대 대해서 이야기할 수 있어야 합니다. 리더는 모두를 아우르는 능력이 있어야 하며, 당연히 커뮤니케이션 스킬이 좋아야 합니다.


이 셋 다 모두 어렵죠? 하지만 이 셋을 모두 갖출 수 있을 때 리더로 성장할 수 있습니다. 질문이 굉장히 단순하면서도 어려운지라, 우선 제 경험에 비추어볼 때 중요한 것들을 말씀드렸습니다. 아무쪼록 도움 되길 바랍니다. 감사합니다.",
106,"IT 개발, 데이터","게임 개발 PM, 개발 프로세스를 경험하셔야 합니다",IT30-26,"내년 상반기 공채에 지원 예정인 신입 개발 PM 취준생입니다. 지난번에 답변해 주신 내용을 통해 내년 상반기 공채까지 방향성을 잡을 수 있게 되었습니다. 답변 주신 내용을 보고 추가적인 질문이 생겨 글 남깁니다! 이번에 질문드릴 내용은 아래 세 가지입니다.

1. 게임 개발 프로세스

개발 프로세스에 대해 심도 있게 공부하는 걸 추천하셨는데, 이미 게임 개발 프로젝트를 두 번 하며 어떤 과정으로 출시까지 이어지는지는 대략적으로 알고 있습니다. 그 외에 현실적으로 취준생 입장에서 개발 프로세스를 어떤 방법으로 공부할 수 있을까요?



2. 엑셀 (OA)

구글 스프레드시트, 마이크로소프트 오피스, 엑셀 등을 추가로 공부해야 하나 고민 중입니다. 알아보니 OA 자격증도 있던데, 자격증까지는 굳이 취득하지 않아도 괜찮을까요?



현직자 멘토님께 질문드립니다! 멘토님의 지난번 답변이 도움이 되어, 한 번 더 질문드리게 되었습니다. 답변 기다리겠습니다. 감사합니다.","
1. 게임 개발 프로세스
- 게임 개발 프로젝트를 두 번 진행해서 대략적으로 알고 있다고 하셨는데요. 개발 프로젝트의 규모가 실제 현업에서 진행하는 프로젝트와 상이할 것으로 생각합니다.


일반적으로 규모가 작은 프로젝트인 퍼즐이나 아케이드와 유사한 장르의 게임 개발 스튜디오에서는 개발 PM의 역할을 거의 각 팀장급의 관리자들이 합니다. 개발 PM이라고 명확한 직군이 존재하는 스튜디오나 회사는 규모가 조금 큰 조직일 가능성이 높습니다.


MMORPG, MORPG와 같이 30명이 넘는 개발자들이 모여서 진행하는 프로젝트를 진행할 경우 어떤 방식을 차용하여 프로세스를 정립하고 개발을 체계적으로 관리할지가 주요 쟁점입니다.


우선 어떤 툴을 사용하여 개발 프로세스를 관리했는지 모르겠지만, 현업에서는 레드마인(Redmine)과 JIRA라는 툴을 사용하여 개발 진행사항을 파악합니다. 두 가지 툴을 사용해 본 경험이 없다면 툴을 사용해 보셔야 합니다.


툴의 학습과 더불어 CS(컴퓨터 공학) 지식을 습득하면 좋습니다. 개발 프로세스는 소프트웨어 공학과 밀접한 연관성이 있습니다. 프로젝트를 시작하면서 발생하는 어떤 개발 방법론이 적합한지 설정하고, 그 이론을 바탕으로 계획을 수립합니다. 규모가 점차 커지는 스튜디오라면 이에 적합한 개발 방법론을 업데이트하는 형태로 진행합니다. 소프트웨어 공학은 제품의 시작부터 유지 보수 단계까지 발생하는 수많은 문제점을 효율적으로 해결하는 이론이 담겨있습니다. '공학'이라는 단어가 들어가면 보통 효율을 이야기한다고 보시면 됩니다.


요약해 보자면 개발 프로세스 관리 툴과 소프트웨어 공학을 병행하며 공부해 보면 어떨까 합니다. 아마도.. 레드 마인과 JIRA는 책보다는 인터넷의 여러 정보를 취합해서 학습하게 될 것이고, 소프트웨어 공학은 도서를 구입하여 공부하는 방향을 추천합니다. (도서는 직접 대형 서점에 가셔서 '소프트웨어 공학'과 관련된 책을 조금씩 살펴보시고, 읽기 어려운 내용보다는 자신의 읽기 수준에 가장 적합하다고 생각하는 책을 고르면 됩니다)



©Nikita Kachanovsky


2. 엑셀(OA)
레드마인과 JIRA에서도 여러 통계를 확인하는 비주얼이 제공되지만 각 스튜디오에서 요구하는 데이터는 별도의 엑셀과 PPT로 작성하게 될 겁니다. 자격증은 아니더라도 엑셀에서 제공하는 여러 함수를 알고 있다면 문서 작성에 조금 더 유리합니다.


참고로 자격증을 취득하든 그렇지 않든 OA의 능력이 얼마나 되는지 알 수 있도록 포트폴리오를 만들어 제출하면 됩니다. 자격증은 말 그대로 얼마나 사용할 수 있는지 미리 검증하는 시스템입니다. 자격증이 없다고 하더라도 OA의 역량이 드러나는 문서를 포트폴리오로 만들어 두었다면 충분히 자격증의 역할을 할 수 있습니다.


-말씀 주신 넥슨 넥토리얼 채용 공고를 살펴보았는데요. 채용 연계형 인턴십이고, 개발 PM은 마비노기 스튜디오뿐이긴 하지만 지원해 보는 것도 나쁘지 않아 보입니다. 지원서를 보며 여러 질문 내용에 답변해 보는 것도 본인을 알아가는 훌륭한 과정이라고 생각합니다. 이력서가 통과되면 직무 테스트가 존재하는데 어떤 유형의 과제가 주어지는지 보는 것도 좋은 경험이 되리라 생각합니다.

",
105,"IT 개발, 데이터","개발 직군, 다른 직무부터 시작해도 될까요?",IT30-25,"멘토님:) 저는 직무를 제대로 선택하지 못해서 이리저리 팔랑팔랑 흔들리고 있는 취준생입니다.


저는 AI 앱 서비스를 운영하는 스타트업에서 운영팀으로 제안이 들어와서 입사 예정입니다! 개발 직군에 관심이 많아서 회사 다니면서 공부를 해 도전해 보려고 하는데 공부 방법과 기간이 궁금합니다!



그리고 전공이 아니어도 채용에 어려움이 없는지 또한 궁금합니다.

","멘티님, 산다는 게 참 어려운 결정의 연속인 것 같습니다. 당연하게도 제가 뭔가 해답을 제시해 드리기는 어렵겠지만 제 경우의 경험을 말씀드려보자면, 저는 고등학교는 문과를 졸업했어요. 대학교는 초등교육과를 전공했고 첫 직장은 초등학교 교사였답니다. 지금은 보시다시피 완전히 전공과 무관하게 취업했고 어느덧 교사였던 기간보다 개발자로 일한 기간이 훨씬 기네요.


저는 독학으로 개발 공부를 시작했었어요. 교직에 있으면서 남는 시간에 개발 서적 따라 해보면서 시작했죠. 개발 트렌드는 사실 워낙 빠르게 변화하는지라 그때 공부했던 책은 당연히 도움이 전혀 안될 것 같아 추천드리지는 않겠습니다만 아주 기본적인 책이었어요.



©Lewis Kang'ethe Ngugi


파이썬으로 게임 만들기라든지, 파이썬으로 수학 알고리즘 풀기 그런 내용으로요. 당시에는 무료로 제공되던 온라인 클래스도 들었고요. (coursera나 codecademy) 혼자 공부했던 기간은 약 1년 정도, 주중에 남는 시간 하루 1-2시간 정도, 주말에는 3시간 정도 투자했습니다. 그 뒤에 부트 캠프를 갔습니다. 미국 샌프란에 있는 곳이었고 졸업 후 채용을 도와주는 부트 캠프였는데, 3개월 과정이었고 마치고 나서 취업까지 약 5개월 정도 걸렸습니다.


당시 5개월이면 느린 편이었어요, 매주 최소 25개 회사에 이력서를 내면서 지낸 기간이라 이력서 낸 회사 400곳을 넘기고 나서는 개수도 안 셌으니까요. 솔직하게 말씀드릴게요. 채용, 당연하게도 정말 어렵습니다. 비전공이면 더욱 어렵죠 아무래도 기본 지식이 전공자에 비해 부족하니까요. 그리고 개발 직군에 여성이면 더 어려운 부분도 없지 않고요.


하지만. 그럼에도 불구하고, 일단 첫 취업만 어떻게든 하고 나면 두 번째부터는 개발 실력을 평가하지, 전공 비전공을 크게 따지지 않습니다. 스펙이나 학력 같은 게 중요하지도 않고요. 개인적으로는 직무에 아주 만족하고 있습니다.


회사 다니시면서 천천히 어떤 느낌인지 공부해 보시고 결정해 보시면 될 것 같습니다. 더 궁금한 게 있으시면 언제든 질문 주세요. 파이팅!

",
104,"IT 개발, 데이터","백엔드 개발자, 대학원 진학 어떻게 생각하세요?",IT30-24,"학사를 취득하고 진로를 백엔드로 설정하고 작년 10월부터 백엔드 부트 캠프에서 5개월간 공부와 프로젝트를 진행하였습니다.


나름 저는 개인적으로는 만족할 만한 결과물을 갖고 수료를 했지만 막상 취업 준비를 하려고 보니 이걸로는 안되겠다는 생각이 들었습니다. 프로젝트 경험이 3개 정도이다 보니 너무 적은가? 하는 생각도 들었고요. 또, 개인적으로는 학력이 학은 제 학사가 전부이다 보니까 대학원에 대한 고민도 안 할 수는 없었습니다.



주변에 진로를 두고 조언을 구해보니



1. 대학원 진학

2. 그냥 현 상태로 개인 프로젝트 추가, 자격증 취득 후 취업 도전으로 갈렸습니다.



1번은 현재의 지식수준이 취업할 수 있는 수준인가에 대한 고민과 학은제로도 정말 괜찮나 하는 고민에서 비롯되었고 2번은 아무래도 나이가 20대 후반이라 현실적으로 이게 맞지 않을까라는 생각이 들었습니다.



먼 미래에 사업을 할 생각도 있어서 관련해서 찾아보니 사업 지원에 있어서 학력이 중요하다는 내용을 읽기도 해서 더 고민이 되는 것 같습니다.



취업과 미래를 위해 학력을 좀 더 끌어올리는 것이 맞을지 현 상태로 취업 준비를 해도 될지 고민이 많이 되는데 혹시 조언을 부탁드려도 될까요? 긴 글 읽어주셔서 감사합니다.","날씨가 점점 추워지네요. 취업시장의 바람이 잦아드는 11월이 지나가면 취업과 진로로 고민이 많아집니다. 특히 취업에서 좋은 결과를 얻지 못한 상황에서 자신의 부족한 점을 돌아보고 현실적인 대안을 찾는 것은 좋은 방향이라고 생각합니다.


멘티님은 단기적으로는 취업을, 장기적으로는 사업을 생각하고 계시는군요! 취업을 해서 기업 입장에서 돈을 벌어오는 직원으로 일하는 것과 창업자의 입장에서 사업을 통해 돈을 벌 수 있는 방법을 찾아 계속 이윤을 창출해야 하는 것은 여러 가지 측면에서 매우 다른 부분이라고 생각합니다. 대학원 진학이라는 부분을 사업과 취업 두 가지 측면에서 생각해 볼 필요가 있을 거 같아요.


먼저 취업을 목적으로 진학을 생각하는 것은 고민해야 하는 부분이 있다고 생각합니다. 하시고자 하는 직무가 백엔드 개발자라면 대학원 진학이 필수인가에 대해서 저는 의구심을 갖고 있습니다. 대학원 진학에 가장 큰 이점은 어떤 세분화된 분야에서의 깊이 있는 지식을 배울 수 있다는 점이라고 생각합니다.


하지만 신입 개발자에게 요구되는 것은 아주 좁은 분야에서의 깊은 지식보다는 실무에서 활용되는 비교적 넓은 부분의 기술적 역량과 이를 뒷받침하는 실무적 지식 역량입니다. 따라서 신입 개발자에게 요구되는 것을 대학원 진학을 통해 얻을 수 있을지에 대해서는 고민이 필요합니다.


물론 일부 기업에서 R&D 영역에서의 엔지니어는 석사 이상의 경험이 필요하겠지만 대다수의 실무 SW 엔지니어에게는 요구하지 않기 때문에 (제 개인적인 의견을 전제로) 대학원 진학은 취업을 위해서는 고민을 해보실 필요가 있다고 생각합니다.


하지만 창업을 해서 회사 대표로 경쟁의 한복판에 서게 되면 조금 다를 수 있습니다. 창업 아이템에 대한 인사이트를 비롯한 다양한 부분에서 깊이 있는 경험과 지식이 필요할 수 있기 때문입니다. 하지만 창업 자체를 조금 먼 미래로 잡는다면 당장 대학원 진학을 고민하기보다는 향후 회사를 다니면서 대학원 과정을 병행한다거나 (저도 회사와 병행했기도 했지만) 기업에서 지원받아 진학하는 방법도 있기 때문에 (물론 많은 기업들이 진학을 지원해 주진 않습니다.) 진학에 대해서는 지금보다는 나중에 해봄 직하지않을까생각합니다.


정리하자면 취업에 있어서 학력은 크게 중요한 요소는 아닙니다. 물론 일부 대기업을 포함한 기업에서 학교의 명성 등을 따지기도 하지만 절대적으로 소수의 기업만이 그렇습니다. 취업을 목표로 한다면 진학보다는 취업에 집중하시는 게 여러 가지 측면에서 좋다고 생각합니다. 어차피 신입사원으로 부딪히는 거라면 진학을 통해 최소 2년 이상의 시간적 경제적 비용 지출하기보다는 조금이라도 실무에 발을 담그는 게 단기적으로는 더 가성비 있는 게 아닐까라고 생각합니다.


다만 올 한 해는 취업시장이 많이 냉각되어 있습니다. 내년 또한 온기가 불어올 가능성이 높지는 않다고 합니다. 이런 소식은 분명 안타까운 소식이겠지만, 신입 개발자 채용이 제로가 아닌 이상 어떤 기업들은 신입 개발자를 채용할 것이고 그 기업들에서 멘티님의 경쟁력을 인정받아 채용되도록 노력을 기울이시면 분명 원하시는 결과를 얻으실 것이라고 생각합니다.



©AltumCode


진행했던 프로젝트 개수가 적다 라면 조금 늘려보는 것도 좋겠지만, 양적인 부분보다는 하나의 프로젝트라도 기술적으로 다양하고 구현을 위해 많은 고민을 해본 흔적이 있는 질적으로 좋은 프로젝트가 더 좋습니다. 이런 프로젝트가 하나만 있더라도 분명 기업들은 알아줄 것입니다. (물론 기업들에게 멘티님의 고민과 경험을 잘 드러내는 것이 중요하고 그 또한 많은 준비가 필요한 부분입니다.)


따라서 너무 조급함을 갖지 않고, 멘티님의 객관적인 현재 역량 상황을 점검하고 지원하고자 하는 기업에 대한 탐색을 통해 다른 경쟁자들보다 멘티님이 더 경쟁력인 부분을 찾아 부족한 점은 보완하고 강점은 드러내는 방법을 고민해 보시는 시간을 갖는 것도 좋다고 생각합니다.


마지막으로 앞에서 이야기했지만 쉽지 않은 채용 시장이지만 긍정적으로 꾸준한 노력을 기울이신다면 분명 좋은 결과로 이어질 것이라고 생각하며 멘티님의 고민과 도전에 응원을 보내드리겠습니다. 연말 따뜻하게 보내시고 감기 조심하세요!

",
103,"IT 개발, 데이터","목표는 백엔드 개발, 4학년 1학기 어떻게 보내야 할까요?",IT30-23,"안녕하세요, 멘토님! 작년에 멘토링을 듣고, 코딩 테스트 관련 질문도 남겼었는데, 그때 받은 조언이 큰 도움이 되었습니다. 그래서 이번에도 다시 한번 질문을 드리게 되었습니다.



저는 현재 4학년 1학기로, 백엔드(Spring) 직무를 목표로 취업을 준비하고 있습니다. 요즘 취업 시장이 어렵다는 이야기를 많이 들어서 걱정이 되는데요. 지금 제 상태에서 어떤 부분에 더 집중해야 할지 조언해 주실 수 있을까요? 특히, 팀 프로젝트를 단순히 한 번 더 하는 것이 도움이 될지 고민입니다.

1. CS(Computer Science) 공부
-자료구조, 알고리즘, 데이터베이스 개념은 어느 정도 알고 있지만, 정리가 제대로 되어 있지 않음
-운영체제, 네트워크 등 기초 지식 부족


2. 기술 및 프로젝트 경험
-개인 프로젝트: 3개 진행했으나, 퀄리티가 낮고 직무와 기술이 명확하게 연결되지 않음
-팀 프로젝트(1개월): 1개 진행했으나, 사용자가 많아졌을 때를 고려하지 못함 (보안, JWT 인증, AI 파인튜닝 등 역할 수행)


3. 코딩 테스트 준비
-현재 알고리즘 실력은 백준 골드 5 수준이지만, 실전 코딩 테스트 경험 없음
-자신감 부족


4. 자격증, 자기소개서, 포트폴리오, 면접 준비
-아직 준비 시작하지 않음


멘토님께서 보시기에, 지금 저에게 가장 필요한 것은 무엇일까요? 조언 부탁드립니다! ","반갑습니다! 질문을 보니 신중하게 고민하며 준비하고 계신 것 같아 인상적입니다. 하나씩 답변 드리겠습니다.


1. CS(Computer Science) 공부, 어떻게 하면 좋을까요?
운영체제(OS)와 네트워크는 신입 개발자 면접에서 자주 질문되는 핵심 주제입니다. 학교 수업이나 외부 강의를 활용해 체계적으로 공부하시고, 4학년 2학기에는 면접 대비용으로 주요 질문들을 정리하며 복습하시면 좋을 것 같습니다.


자료구조와 알고리즘은 코딩 테스트 준비 과정에서 자연스럽게 학습할 수 있고, 데이터베이스 개념은 프로젝트를 진행하면서 익힐 수 있습니다. 하지만 운영체제와 네트워크는 별도로 시간을 내어 학습하는 것이 중요합니다.


2. 프로젝트 경험, 어떻게 보완할까요?
현재 진행하셨던 프로젝트들을 보면, 개인 프로젝트는 백엔드 직무와 직접적인 연관성이 부족하고, 팀 프로젝트는 사용자 증가에 따른 고려가 충분하지 않았던 것 같습니다.


프로젝트 경험을 보완하려면, 새로운 팀 프로젝트를 진행하든 개인 프로젝트를 하든 아직 경험해보지 않은 기능을 개발하는 것을 추천드립니다. 예를 들어, 회원가입 기능을 이미 개발해본 경험이 있다면, 다음 프로젝트에서는 인증·인가, 결제 시스템, 대용량 트래픽을 고려한 API 개발 등의 영역을 탐색해보면 좋겠죠. 혹시 제가 프로젝트 상황을 잘못 이해했다면 추가 설명 부탁드립니다. 그에 맞춰 다시 답변 드릴게요! 😊



©Kevin Ku


3. 코딩 테스트 준비, 어디까지 해야 할까요?
코딩 테스트가 있는 기업을 목표로 한다면, 백준 골드 1 수준의 문제를 풀 수 있는 실력을 갖추는 것이 이상적입니다. 자신감 부족은 결국 연습량에 비례합니다. 매일 꾸준히 문제를 풀며 문제 풀이에 익숙해지는 습관을 들이는 것이 중요합니다.


4. 자격증·자소서·포트폴리오·면접 준비는 언제 시작할까요?
아직 본격적인 취업 시즌이 아니므로 지금은 신경 쓰지 않으셔도 됩니다. 지금은 CS 공부, 알고리즘, Java & Spring 학습, 그리고 이를 활용한 프로젝트 경험 쌓기에 집중하는 것이 가장 중요합니다.


이 과정을 충실히 진행하다 보면, 자연스럽게 자소서와 포트폴리오에 쓸 수 있는 내용이 많아지고, 면접에서도 자신 있게 이야기할 수 있는 기반이 마련될 것입니다. 하반기 취업 시장에 들어서기 전까지 기술적인 역량을 키우는 데 집중하는 것이 가장 효과적인 전략이 될 것입니다.


지금처럼 꾸준히 고민하며 준비해 나간다면, 좋은 결과가 있을 거라 확신합니다. 응원하겠습니다! 💪





멘토님 하나하나 자세하게 답변해주셔서 감사하고 영광입니다. 조언해주신 내용을 바탕으로 이번 학기도 열심히 보내보려고 합니다. 다시한번 감사드립니다!!

",
102,"IT 개발, 데이터","취업을 위한 개발자 프로젝트, CRUD 이상으로 중요한 건?",IT30-22,"안녕하세요, 소프트웨어학과 3학년에 재학 중이며 백엔드 개발자를 목표로 하고 있습니다. 이번 방학 동안 동아리에서 협업 프로젝트를 진행하면서 짧은 시간이었지만 많은 것을 배울 수 있었습니다. 하지만 프로젝트를 진행하면서 비즈니스 로직이 단순 CRUD에 머물러 있다는 생각이 들었습니다.



그래서 멘토님께 몇 가지 질문을 드리고 싶습니다.

1.실제 서비스 개발에서는 단순 CRUD를 넘어 어떤 요소들을 고려해야 할까요?



2.이를 실전에서 경험하려면 어떤 방식으로 접근하는 것이 좋을까요? (예: 개인 프로젝트 진행, 현재 프로젝트 확장 등)



3.동아리 협업 프로젝트는 1개월 단위로 진행되며, 일회성으로 끝나는 경우가 많습니다. 깊이 있는 프로젝트를 만들기 어려운 환경인데, 새로운 프로젝트에 다시 참여하는 것이 좋을까요? 아니면 기존 프로젝트를 발전시키는 것이 더 나을까요?



긴 질문 읽어주셔서 감사합니다! 바쁘시겠지만 답변해주시면 앞으로의 방향을 설정하는 데 큰 도움이 될 것 같습니다. 😊





*CRUD: Create(생성), Read(조회), Update(수정), Delete(삭제)**의 약자로, 데이터베이스를 다루는 기본적인 기능","반갑습니다! 방학 동안 협업 프로젝트를 경험하며 많은 것을 배웠고, 앞으로의 방향에 대해 고민이 많으신 것 같습니다. 질문해주신 내용을 중심으로 답변드릴게요.




1 & 2. 실제 서비스 개발에서 고려해야 할 요소와 경험하는 방법

📌 일정 및 Task 관리
개발에서 중요한 요소 중 하나는 일정 관리와 업무(Task) 관리입니다.
개인 프로젝트나 협업 프로젝트를 진행할 때, 단순히 기능을 개발하는 것뿐만 아니라 초기 기획 단계에서 Task를 정의하고, 일정 계획을 세우는 연습이 필요합니다.
👉 어떻게 경험해볼 수 있을까요?
-새로운 프로젝트를 시작할 때, 먼저 도메인 설계와 기능 목록을 정의해보세요.
-기능별로 Task를 나누고, 개발 예상 시간을 설정한 후 실제 진행하면서 비교해보세요.
-일정이 맞지 않는 이유를 분석하고, 추후 프로젝트에 반영하는 과정이 중요합니다.
이 과정이 익숙해지면 개발 효율성과 협업 능력을 키울 수 있습니다.




📌 대규모 트래픽과 미들웨어 활용
서비스 규모가 커질수록 단순 CRUD만으로는 부족합니다. 데이터가 많아지고 사용자가 늘어나면 트래픽 관리와 성능 최적화가 필수적이죠.
👉 어떤 요소를 고려해야 할까요?
-캐싱(Cache): Redis와 같은 기술을 활용해 데이터 조회 성능을 향상
-비동기 메시지 처리: Kafka 등을 사용해 트래픽 부하를 줄이고, 이벤트 기반 아키텍처 적용
-트랜잭션 관리: 동시 요청이 많을 때 데이터 정합성을 유지하는 방법 고민
👉 실제로 경험하려면?
-Redis나 Kafka 같은 미들웨어를 직접 세팅해보고 간단한 기능을 구현해보세요.
-왜 이런 기술을 사용하는지 고민하면서, 서비스 규모에 따라 적용할 방법을 찾아보세요.




📌 모니터링 및 로깅
서비스 개발은 단순히 기능을 구현하는 것에서 끝나지 않습니다. 실제 운영 환경에서는 에러 로그 관리, 성능 모니터링, 트래픽 분석이 필수입니다.
👉 고려해야 할 점
-로깅 시스템 구축: 로그를 파일로만 남기는 것이 아니라, Kibana 같은 도구를 활용해 가시적으로 관리
-트레이싱: MSA(Microservices Architecture) 환경에서는 요청이 여러 개의 서비스로 나뉘기 때문에, 한 요청이 어떻게 처리되는지 추적하는 기능이 필요
👉 어떻게 경험할 수 있을까요?
-단순 CRUD API를 만들 때도 로그를 남기고, 분석하는 습관을 가져보세요.
-ELK 스택(Elasticsearch, Logstash, Kibana)이나 Prometheus 같은 도구를 활용해보는 것도 좋은 경험이 될 수 있습니다.





©Morgan Richardson


3. 새로운 프로젝트 vs 기존 프로젝트 심화
동아리에서 새로운 프로젝트를 시작하는 것과 기존 프로젝트를 더 발전시키는 것, 어떤 것이 더 나을지 고민되실 것 같아요.
👉 기존 프로젝트를 발전시키는 경우
-리팩토링 경험을 쌓을 수 있음 (코드를 개선하는 과정에서 설계 역량 향상)
-운영 경험을 배울 수 있음 (실제 서비스가 지속적으로 유지보수되는 과정 이해)
-위에서 언급한 트래픽 관리, 로깅, 최적화 작업을 적용할 기회
👉 새로운 프로젝트를 진행하는 경우
-새로운 도메인과 기술을 경험할 수 있음
-프로젝트 초기 설계부터 다시 고민하는 연습 가능
-API 설계, 데이터베이스 구조 설계, CI/CD 구축 등의 경험을 추가적으로 쌓을 수 있음


단순히 프로젝트 개수를 늘리는 것은 추천하지 않습니다. 비슷한 도메인에서 같은 CRUD 기능을 반복하는 것은 큰 도움이 되지 않습니다. 하지만 기존 프로젝트에 아쉬운 점이 있어 개선하고 싶다면, 같은 도메인을 유지하면서 더 깊이 있는 작업을 해보는 것도 좋은 선택입니다.


무엇보다 중요한 것은 **""내가 어떤 경험을 더 쌓고 싶은가?""**에 따라 방향을 정하는 것입니다.




💡 마무리하며
개발 역량은 단순히 프로젝트 하나를 끝낸다고 해서 급격히 향상되지 않습니다. 목표를 명확히 설정하고, 꾸준히 개선해 나가는 과정이 필요합니다. 프로젝트를 진행할 때, 단순히 기능을 구현하는 것이 아니라 ""이 기능을 더 나은 방식으로 개발할 수 없을까?"" 라는 고민을 지속적으로 해보세요. 어려운 점이나 더 궁금한 점이 있다면 언제든 질문 주세요. 함께 고민해보면 좋을 것 같아요! 😊





멘토님 제가 고민하는 부분에 대해 자세히 답변해주셔서 정말 감사드립니다. 말씀해주신 부분들에 대해서 고민하고 적용해보도록 노력하겠습니다. 다시한번 감사드립니다!

",
101,"IT 개발, 데이터","부트캠프vs국비학원, 현직은 어떻게 생각할까?",IT30-21,"멘토님, 안녕하세요! 멘토님 조언도 듣고, 저 혼자 자바도 조금 공부해봤는데요. 우선 백엔드로 진입해도 괜찮겠다는 생각이 들었습니다.

부트캠프 vs 국비학원, 어떤 선택이 좋을까요?
비전공자 입장에서 부트캠프와 국비학원을 놓고 저울질 하고 있습니다. 부트캠프는 커리큘럼이 탄탄한 곳이 많지만 몇백만 원의 비용이 부담되더라고요. 그래도 기왕 배우는 거면 좋은 커리큘럼을 선택하는 게 낫지 않을까? 하는 생각이 듭니다.


그런데 주변에서는 다른 의견도 있었습니다.
 - “비전공자가 몇 달 학원 다니고 바로 취업하는 건 욕심이다.”
 - “처음에는 국비 학원에서 배우고, 이후 싸피(삼성 청년 SW 아카데미) 같은 곳에서 제대로 배워라. 길게 보면 그게 더 낫다.”

제 생각은 이렇습니다.
저는 일단 취업을 우선으로 준비하는 게 맞다고 생각합니다.
 - 싸피 같은 대기업 부트캠프는 지원했다가 떨어질 수도 있고,
 - 혹은 회사 다니다가 기회가 생기면 도전할 수도 있으니까요.


처음부터 최대한 제대로 배워서 빠르게 취업하는 게 좋지 않을까? 하는 고민이 듭니다. 멘토님과 제 상황이 조금 다를 수도 있겠지만, 멘토님이라면 어떤 선택을 하실지 의견이 궁금합니다! 질문 받아주셔서 감사합니다. 따뜻한 3월 되세요!","요즘은 부트캠프와 국비학원이 잘 갖춰져 있어서 고민이 많으실 것 같습니다. 하지만 어떤 선택을 하든 결정은 결국 본인의 판단과 각오에 달려 있다고 생각합니다.


어떤 학습 방법이든 ‘본인의 노력’이 가장 중요합니다
많은 후배들과 동료들에게도 항상 강조하는 부분인데요. 학습 방법 자체에는 절대적으로 우월한 것이 없습니다. 중요한 건 어떤 방법을 선택하든 스스로 열심히 노력하는 것입니다. 아무리 좋은 강의와 강사, 탄탄한 커리큘럼이 제공된다고 해도 직접 코드를 작성해보지 않거나, 직접 설계를 해보지 않으면, 결국 제대로 된 실력으로 이어지기 어렵습니다. 또한 배운 내용을 프로젝트에 적용하고, 다양한 방식으로 접근해 보면서 문제에 부딪히는 경험이 필수적입니다. 그래야만 진짜 실력으로 성장할 수 있습니다.



©Joshua Reddekopp


학습 방법 추천
말씀하신 방법들 중에서는 국비학원이 상대적으로 괜찮은 선택이라고 생각합니다. 국비학원도 잘 알아보면 좋은 곳들이 많고, 부족한 부분은 온라인 강의나 도서를 활용해서 보완하면 충분히 성장할 수 있습니다. 그리고 기회가 된다면, 싸피 같은 프로그램도 함께 도전해보는 것도 좋습니다.


요즘은 학습 방법이 정말 다양하고, 각자의 방식에 맞는 학습법이 다를 수 있습니다. 무엇보다 중요한 것은 꾸준히 노력하며 적용하는 것이라고 생각해요. 추가로 궁금한 점이 있다면 언제든 편하게 문의 주세요! 😊

",
100,"IT 개발, 데이터",게임 데이터 분석가 이걸 기억하세요.,IT30-20,"RPG 데이터 분석가 면접을 앞두고 있는 취업준비생입니다. 아직 게임 데이터 분석 경험이 부족해, 직접 현직자 멘토님께 조언을 구하고 싶어 이렇게 질문을 드립니다.

저는 어릴 때부터 A사의 게임들을 즐겨왔고, 그러한 애정을 바탕으로 A사에 지원하게 되었습니다. 지금까지 주로 고객 데이터 분석을 중심으로 프로젝트를 진행했지만, 게임 데이터 분석 경험은 없습니다. 그래서 면접을 앞둔 지금, 이런 경험이 부족한 지원자도 어떻게 강점을 어필할 수 있을지 고민이 되어 질문을 드리게 되었습니다.



특히, 라이브 게임 데이터 분석가가 실제로 어떤 업무를 수행하는지 자세히 알고 싶습니다.


👉 어떤 분석 업무를 주로 진행하는지? 그리고 가장 중요하게 다루는 핵심 지표는 무엇인지?
👉 개발 및 기획팀과의 협업은 어떻게 이루어지는지? 분석 주제는 어떤 방식으로 선정되는지?
👉 A사에서 데이터 분석가에게 원하는 역량과 인재상은 무엇인지? 그리고 어떤 유형의 데이터 분석가들이 많이 일하고 계신지?



질문이 너무 많거나 혹시 민감한 부분이 포함되지 않았을까 걱정이 되지만, 게임 데이터 분석가로서 한 걸음 더 나아가고 싶은 마음에서 드리는 질문이니 너그럽게 봐주시면 감사하겠습니다.","게임 데이터 분석가는 어떤 업무를 할까요?
데이터 분석 업무와 중요하게 다루는 지표는 ""어떤 문제를 해결하는가""에 따라 달라집니다. 지원하는 게임에서 최근 어떤 문제가 있었는지, 그리고 그 문제가 어떤 지표에 영향을 미쳤을지를 미리 정리해보는 것이 중요합니다.


예를 들어, 게임 내 버그로 인해 아이템 복사가 발생했다면, 어떤 지표가 영향을 받을까요? 이 버그가 게임 경제에 미치는 장기적인 영향은 무엇이며, 이를 어떻게 논리적으로 설명할 수 있을까요? 또는 복귀 유저를 대상으로 한 이벤트를 진행했다면, 어떤 지표가 변했을까요? 이벤트의 효과는 어떤 방식으로 평가할 수 있을까요?



©8 verthing


개발 및 기획팀과의 협업은 어떻게 이루어질까요?
데이터 분석가는 단순히 데이터를 다루는 역할을 넘어, 조직 내에서 어떤 가치를 제공할 수 있는지 고민하는 것이 중요합니다. 예를 들어, 기획을 하는 과정에서 데이터 분석이 왜 필요할까요? 어떤 기획을 위해, 어떤 데이터를 활용해서 어떤 분석을 수행할 수 있을까요?


게임사가 원하는 데이터 분석가는 어떤 모습일까요?
면접관마다 기준이 다를 수 있지만, 창의적이고 주도적인 사람을 선호하는 경향이 큽니다. 게임 업계는 개인에게 많은 자유가 주어지는 문화가 있기 때문에, 스스로 고민하고 새로운 분석 주제를 발굴할 수 있는 역량이 중요합니다. 위에서 언급한 질문들뿐만 아니라, 입사 후 어떤 분석을 해보고 싶은지에 대해 깊이 고민해보는 것이 좋습니다. 이를 통해 면접에서도 좋은 결과를 얻을 수 있을 거라 생각합니다!


도움이 되셨기를 바라며, 면접 준비 잘 하시길 응원하겠습니다!





데이터 분석가가 생각하는 과정에 대해서 알려주셔서 감사합니다! 면접 준비하는 데도 도움이 많이 되었습니다!

",
99,"IT 개발, 데이터","인공지능, 머신러닝 취업, 이런 루트는 어떨까요?",IT30-19,"멘토님. 안녕하세요.

인공지능/머신러닝 직무를 희망하고 있지만, 어떻게 준비해야 할지 고민이 많아 이렇게 글을 남깁니다. 제가 궁금한 점들은 다음과 같습니다.

첫 번째로, 학부 과정만으로 AI/ML 엔지니어 혹은 MLops 엔지니어 신입으로 취업이 가능할까요?  학위보다는 실무 경험과 포트폴리오가 중요한 직무라는 이야기를 많이 들었는데, 학부 수준에서 어떤 부분을 집중적으로 준비해야 하는지 궁금합니다.



두 번째로, 저는 지금까지 정형 데이터를 중심으로 분석해 왔지만, 앞으로는 비정형 데이터(텍스트, 이미지, PDF 등)를 다루는 역량도 키우고 싶습니다. AI 부트캠프를 수강하는 것을 고려하고 있는데, 이 과정이 실무 역량을 쌓는 데 효과적일지 조언을 듣고 싶습니다.



세 번째로, 외국계 기업이나 해외 취업을 준비할 때 일반적인 사기업 취업과는 다른 방식으로 접근해야 하는 부분이 있는지 궁금합니다. 예를 들어, 채용 과정에서 요구하는 기술 스택이나 면접 방식, 혹은 포트폴리오 구성 방식에 차이가 있는지 알고 싶습니다.



마지막으로, 인공지능 관련 포트폴리오는 어떻게 시작하는 것이 좋을까요? 대회 참가를 통해 포트폴리오를 채우는 것이 효과적인 방법인지, 혹은 개인 프로젝트를 수행하는 것이 더 도움이 될지 고민됩니다.



바쁘신 와중에도 읽어주셔서 감사합니다. 멘토님의 소중한 조언 기다리겠습니다. 😊","안녕하세요! 고민하고 계신 내용에 대해 제 경험과 업계의 일반적인 기준을 바탕으로 답변드리겠습니다.

1. 학부 졸업 후 AI/ML 엔지니어 또는 MLOps 엔지니어로 취업이 가능할까요?
네, 충분히 가능합니다! 저 역시 학부 졸업 후 AI 엔지니어로 커리어를 시작했으며, 실제로 많은 기업에서 학부 졸업자도 AI/ML 직군으로 채용하고 있습니다. 다만, 이 분야는 학위보다는 실무 역량과 포트폴리오가 더 중요한 경우가 많습니다.


신입으로 취업하기 위해서는 다음과 같은 역량을 갖추는 것이 유리합니다.
-기본적인 CS 지식: 선형대수, 확률·통계, 데이터 구조 및 알고리즘, 운영체제 등의 기초 개념
-프로그래밍 능력: Python 필수, 추가적으로 SQL, Shell Script 등을 다룰 수 있으면 좋음
-ML/DL 관련 기술 스택: PyTorch/TensorFlow, Scikit-learn 등
-MLOps 관련 도구: Docker, Kubernetes, MLflow, 클라우드 서비스(AWS/GCP/Azure) 활용 경험
-프로젝트 경험: Kaggle 대회 참여, 인턴십, 연구 프로젝트 등 실제 적용 사례를 담은 포트폴리오
-문제 해결 역량: 단순히 모델을 학습하는 것이 아니라, 비즈니스 문제를 정의하고 해결하는 능력


석사나 박사 학위가 없어도 잘 정리된 프로젝트와 기술 블로그, 코드 공유(GitHub), 오픈소스 기여 등을 통해 실력과 열정을 보여준다면 충분히 취업이 가능합니다.

2. AI 부트캠프를 수강하는 것이 도움이 될까요?
비정형 데이터(텍스트, 이미지, PDF 등)를 다루는 역량은 AI 업계에서 점점 더 중요한 요소가 되고 있습니다. 부트캠프는 이러한 기술을 체계적으로 배우고 실무 감각을 익히는 데 도움이 될 수 있습니다.


부트캠프를 선택할 때는 다음 사항을 고려해보세요.
-커리큘럼이 최신 기술을 반영하고 있는지 (예: 최신 NLP, Computer Vision, MLOps 기술 적용 여부)
-실무 프로젝트 경험이 충분한지 (단순 강의 수강이 아니라 실제 기업에서 활용하는 프로젝트 경험을 제공하는지)
-취업 지원 프로그램이 있는지 (멘토링, 포트폴리오 피드백, 기업 연계 채용 등)
-졸업생들의 취업 사례 (수강 후 실제로 취업에 성공한 사례가 많은지)


U사는 국내에서 AI 분야로 잘 알려진 기업이므로 실무 중심의 교육을 제공할 가능성이 높습니다. 하지만 등록 전에 수강생 후기를 찾아보거나, 직접 문의해보고 커리큘럼을 비교해보는 것도 좋은 방법입니다.



©Jonathan Kemper


3. 외국계 기업 및 해외 취업 준비는 어떻게 해야 할까요?
외국계 기업 및 해외 취업을 준비할 때는 일반적인 국내 기업 취업과는 몇 가지 차이점이 있습니다.
-영어 능력: 기술 면접뿐만 아니라 협업을 위해서도 영어 의사소통 능력이 중요합니다. 특히 코딩 면접에서 본인의 논리를 영어로 설명하는 연습이 필요합니다.
-이력서 및 온라인 프로필 관리: 영문 이력서(Resume)와 함께 GitHub, LinkedIn을 적극적으로 활용해야 합니다. 해외에서는 LinkedIn을 통한 리크루터 연락이 많기 때문에 꾸준히 업데이트하는 것이 좋습니다.
-기술 면접 대비: 해외 기업들은 코딩 테스트(LeetCode, HackerRank 등), 시스템 디자인 인터뷰, 머신러닝 이론 면접을 진행하는 경우가 많습니다.
-네트워킹: 해외 취업에서는 추천(Referral)이 중요한 역할을 합니다. LinkedIn을 통해 현직자를 컨택하거나, AI 관련 국제 컨퍼런스/커뮤니티에 적극 참여하는 것이 도움이 됩니다.
-비자 요건 파악: 국가별 취업 비자 요건을 미리 확인하고, 해외 취업 프로그램을 활용하는 것도 방법입니다.


LinkedIn, AngelList, Stack Overflow Jobs 같은 해외 취업 플랫폼을 적극적으로 활용하는 것도 추천합니다.

4. AI 관련 포트폴리오는 어떻게 시작하는 것이 좋을까요?
포트폴리오는 AI/ML 엔지니어 취업에서 가장 중요한 요소 중 하나입니다.


포트폴리오를 준비하는 방법
1.문제 정의부터 솔루션까지 경험할 수 있는 프로젝트 수행
-단순한 모델 개발이 아니라, 실제 문제를 해결하는 프로젝트를 진행해야 합니다.
-예: 감정 분석 AI, 추천 시스템, 이상 탐지 시스템 등


2.Kaggle 대회 참여는 좋은 출발점이지만, 실무형 프로젝트로 발전시키는 것이 중요
-Kaggle은 데이터가 정제되어 있어 실무와 다소 차이가 있습니다.
-대회에서 배운 내용을 실제 기업 환경에 적용하는 방식으로 포트폴리오를 보완하세요.


3.오픈소스 프로젝트 기여
-PyTorch, Hugging Face 등 유명한 오픈소스 프로젝트에 기여하면 인지도를 높일 수 있습니다.
-자신의 GitHub에 정리해두고, 이를 기반으로 네트워킹을 시도해보세요.


4.기술 블로그 운영
-공부한 내용을 블로그에 정리하면 면접에서도 활용할 수 있습니다.
-프로젝트를 진행하면서 얻은 인사이트, 문제 해결 과정 등을 공유하세요.


5.인턴십 또는 프리랜서 경험
-실무 경험이 가장 큰 차별화 요소가 될 수 있습니다.
-단기라도 실제 기업 프로젝트를 경험하면 강한 어필 포인트가 됩니다.


AI/ML 분야는 빠르게 발전하고 있기 때문에, 이론과 실무 경험을 균형 있게 쌓는 것이 중요합니다. 꾸준히 공부하고 실전 경험을 쌓아가다 보면 좋은 기회를 얻을 수 있을 것입니다.
추가로 궁금한 점이 있다면 언제든지 질문 주세요! 😊





멘토님 세심하게 답변해 주셔서 정말 감사합니다! 조언해 주신 내용 바탕으로 최선을 다해 보려고 합니다. 다시 한번 감사드립니다!",
98,"IT 개발, 데이터","보안 취업, 어떤 기술이나 역량이 우선시 되나요?",IT30-18,"멘토님, 안녕하세요. 저는 현재 소프트웨어융합과 수업을 듣고 있으며, 보안 분야에 큰 관심이 있습니다. 보안 전문가로 커리어를 구체화해보고 싶은데, 아래와 같은 점들이 궁금하여 조언을 부탁드립니다.


1.소프트웨어융합과에서 배운 지식을 바탕으로 보안 분야에 진입하려면, 어떤 기술이나 역량을 우선적으로 갖추는 것이 효과적일까요?


2.보안 실무 역량을 키우기 위해 추천하시는 활동이나 프로젝트가 있다면 알려주세요. 예를 들어 해킹 대회, 보안 관련 오픈소스 참여, 인턴십 같은 구체적인 경험들이 궁금합니다.


3.현업에서 가장 중요하게 여기는 보안 핵심 기술이나 지식 영역은 무엇인지 궁금합니다. 예를 들어 네트워크 보안, 암호학, 시스템 보안 등 중에서 어떤 분야에 더 중점을 두는지 조언 부탁드립니다.


4.보안 커리어를 쌓아가면서 마주칠 수 있는 현실적인 어려움이 있다면 어떤 것들이 있었고, 그것을 어떻게 극복해나가셨는지도 듣고 싶습니다.


5.학업과 병행하여 보안 자격증을 취득하는 것이 도움이 될까요? 그렇다면 추천하시는 자격증과 함께, 효율적인 학습 전략도 궁금합니다.


6.마지막으로, 앞으로 AI나 클라우드 같은 신기술이 보안에 미칠 영향은 어떻게 보고 계신지, 그에 맞춰 어떤 준비를 하면 좋을지 조언 부탁드립니다.


감사합니다!
","Q1. 학과에서 배운 지식을 바탕으로 보안 분야에 진입하려면, 어떤 기술과 역량을 먼저 갖춰야 할까요?
보안 분야는 단순한 기술 직무라기보다는, 실제로 발생하는 해킹, 악성코드, 정보 유출 등의 사고와 위협을 이해하고 이에 대응하고 예방하는 데 초점을 둔 직업입니다. 따라서 단순한 IT 지식만으로는 부족하고, 사고의 근원이 되는 공격 방식과 악성 행위들에 대한 깊은 이해가 필요합니다.


이런 기초 위에 보안 관련 법령이나 규제, 가이드라인까지 함께 학습하는 것이 중요합니다. 소프트웨어융합과에서 배운 전반적인 지식을 토대로, 보안 사고 분석 보고서나 정부 기관이 발간한 해설서들을 꾸준히 읽고 이해해보는 것을 추천드립니다. 이런 문서들은 실제 현업에서 보안이 어떻게 적용되고 있는지를 파악하는 데 많은 도움이 됩니다.


Q2. 보안 실무 능력을 키우기 위해 추천할 만한 프로젝트나 경험이 있을까요?
현장에서의 실무 감각을 키우기 위해선 단순한 학습을 넘어 실제 경험을 쌓는 것이 중요합니다. 개인정보보호위원회, KISA(한국인터넷진흥원), 금융보안원 등에서 발간하는 자료를 많이 읽어보시고, 사회적으로 이슈가 되고 있는 보안 사고나 정보 유출 사례를 기반으로 해결 아이디어를 제시하는 프로젝트나 공모전에 참여해보시길 권합니다.


특히 인턴십은 매우 큰 자산이 됩니다. 실제 보안 환경에서 어떤 위협이 발생하는지, 어떻게 대응하고 있는지를 체감하며 배울 수 있기 때문입니다. 만약 해킹 대회나 CTF 같은 활동에도 흥미가 있다면, 실전 감각을 익히는 데 매우 좋은 기회가 될 수 있습니다.


Q3. 보안 분야에서 현업이 중요하게 생각하는 핵심 기술이나 지식 영역은 무엇인가요?
보안 업계는 ‘특출난 기술력’보다는 균형 잡힌 시야와 이해력을 갖춘 인재를 선호합니다. 기본적으로 웹, 네트워크, 서버, DB, 애플리케이션 보안 등 전반에 대한 이해가 바탕이 되어야 하고, 여기에 암호학, 악성코드 분석, 침해사고 대응 등 심화 분야도 함께 공부해나가야 합니다.


또한 클라우드 보안, AI 보안처럼 새롭게 부상하는 분야에도 관심을 갖고 최신 흐름을 따라가는 것이 필요합니다. 이와 동시에 보안은 규제",
97,"IT 개발, 데이터","네트워크 인프라 취업, 대외활동은 어떤 걸 해야 좋을까요?",IT30-17,"저는 네트워크 인프라 직무를 희망하는 학생입니다.



현재까지는 무선설비기사, 정보통신기사, 정보처리기사, 네트워크관리사 2급을 취득했고, 추가로 KT AICE, 빅데이터분석기사, SQLD 자격증을 준비 중입니다. 또한 올해 안에 어학 자격까지 마무리하는 것을 목표로 하고 있어서, 자격증 부분에서는 어느 정도 경쟁력을 갖추었다고 생각합니다.

그런데 막상 대외활동 쪽에서는 어떤 걸 준비해야 할지 잘 감이 잡히지 않아 이렇게 질문을 드리게 되었습니다.



지금까지는 인공지능 관련 아이디어 대회에서 우수상을 받은 경험 외에는 따로 활동한 것이 없습니다. 그래서 네트워크 인프라 직무에 맞는 활동에는 어떤 것들이 있을지, 멘토님 의견이 궁금합니다.



또 한 가지 여쭙고 싶은 건,  학교 연계 중소기업에서 IT 및 네트워크 운용 업무를 맡는 인턴 기회가 있습니다. 업무는 다소 단순할 수 있다고 들었는데요, 이런 현장 경험이 더 좋을지, 아니면 연구시설 인턴으로 들어가 네트워크 관련 연구를 해보는 것이 더 도움이 될지 고민이 됩니다.



직무에 맞는 경험을 쌓기 위해 어떤 선택을 하는 게 더 좋을지 조언해주시면 감사하겠습니다!","자격증을 정말 열심히 준비하셨네요. 인공지능 관련 대회에서 수상하신 경험도 IT 분야 취업에 분명 강점이 될 거라 생각합니다.


제가 네트워크 인프라 직무를 준비할 때 가장 효과적이었던 건 직무 관련 인턴 경험이었습니다. 이 직무는 실제 네트워크 장비를 다뤄보고 망을 직접 구축해보는 현장 경험이 굉장히 중요합니다.


그래서 필드에서 엔지니어로 일해본 경험이 있는 분들이 많이 우대받는 편이에요 또한, 네트워크 분야는 오랜 시간 쌓여온 전통적인 이론과 기술이 여전히 중심을 이루고 있어요. 내용들이 서로 유기적으로 연결되어 있기 때문에, 어느 하나라도 어설프게 이해하고 넘어가면 전체적인 흐름을 놓치기 쉽습니다. 



©Patrick Turner


컴퓨터네트워크, 데이터통신 같은 전공과목, 그리고 OSI 7계층 중 특히 L2/L3에 관한 내용, 주요 프로토콜, TCP/IP 개념을 꼼꼼히 정리해두시면 면접이나 실제 업무에서 큰 도움이 될 겁니다.


지금 고민 중이신 학교 연계 중소기업 인턴과 연구시설 인턴 모두 의미 있는 경험이라고 생각합니다. 가능하다면 시간을 잘 조율해서 두 가지를 모두 경험해보시길 추천드려요. 두 방향 모두 다른 형태의 역량을 키울 수 있어서, 향후 어떤 회사를 가더라도 좋은 자산이 될 겁니다.


제 답변이 도움이 되셨으면 좋겠습니다. 감사합니다.

",
96,"IT 개발, 데이터","개발자 포트폴리오, 기술 블로그, 어떻게 준비해야 할까요?",IT30-16,"안녕하세요. 현재 네카라쿠배당토와 같은 대형 서비스 기업을 목표로 취업을 준비하고 있는 취준생입니다. 특히 프론트엔드 혹은 백엔드 개발자로서 사용자 중심의 프로덕트를 직접 기획하고 개선해나가는 데에 관심이 많습니다.



여름방학 동안에는 사이드 프로젝트를 지속적으로 운영할 계획입니다. 이 프로젝트는 단순한 토이 프로젝트를 넘어 실제 사용자 유입을 목표로 하고 있으며, 커뮤니티 플랫폼(에브리타임 등)을 통해 유저를 직접 모집해 피드백을 받고, 유지보수까지 경험할 예정입니다.

이와 관련해 아래 세 가지 질문을 드리고 싶습니다.


1. 포트폴리오 작성 시 기술적 깊이는 어느 정도가 적절할까요?
현재 포트폴리오 및 이력서 작성에 있어서 ‘문제 해결 중심’의 구성을 지향하고 있는데요. 예를 들어, 팀 프로젝트에서 Riot API 관련 기능을 처음에는 하드코딩 방식으로 구현했었는데, 이 구조가 확장성과 유지보수 측면에서 비효율적이라는 판단을 했습니다.


그래서 제가 직접 HttpInterface + RestClient 패턴을 학습하고, 이를 적용해 전체 API 연동 구조를 리팩토링한 경험이 있습니다 이런 내용을 포트폴리오에 포함시키는 것이 적절한 수준일까요? 신입 개발자로서 어느 정도의 기술적 깊이나 설명 수준이 가장 효과적일지 궁금합니다.


2. 실사용자 기반 서비스 운영 경험이 차별화 요소가 될 수 있을까요?
프로젝트 완성 이후에도 단순히 마무리 짓는 것이 아니라, 유저 피드백을 기반으로 유지보수 및 기능 개선을 반복해볼 계획입니다. 에브리타임, 디스코드 등에서 실제 사용자를 유입하고, 그들이 어떤 니즈를 보이는지, 어떤 오류나 불편을 겪는지 정리한 뒤, 이를 바탕으로 지속적으로 프로젝트를 고도화할 생각입니다. 이러한 실사용자 기반의 경험이 신입 지원자의 차별화된 강점으로 인정받을 수 있는지, 기업들이 어떻게 바라보는지도 알고 싶습니다.


3. 기술 블로그는 어떤 방향으로 운영하는 것이 좋을까요?
현재 개인 기술 블로그를 만들어 
-읽은 기술 서적에 대한 정리 
-구현한 기능에 대한 회고
-개발하며 마주한 이슈 해결 경험 등을 포스팅하고 있습니다.


이러한 콘텐츠가 실제 취업 과정에서 긍정적인 영향을 미치는지, 혹은 포트폴리오의 일환으로 효과를 보려면 어떤 방향성으로 운영하는 것이 좋을지도 조언 부탁드립니다.


제가 준비하고 있는 방향이 대형 서비스 기업들(예: 네이버, 카카오, 당근마켓 등)의 채용에서 실제로 잘 맞는 접근인지, 혹시 더 효과적인 준비 방법이 있다면 함께 조언 부탁드립니다. 긴 글 읽어주셔서 감사합니다. 좋은 하루 되세요!","안녕하세요, 멘티님. 아래 답변은 서버 개발자 기준으로 작성되었음을 참고해주세요.


<1. 포트폴리오 작성 깊이에 대한 고민>
진행 중인 프로젝트에서 경험한 문제 해결 사례는 어떤 내용이든 포트폴리오에 작성하셔도 무방합니다. 중요한 건 기술적인 깊이보다는, 해당 경험을 얼마나 명확하고 논리적으로 설명할 수 있느냐입니다.


저는 개인적으로, 면접에서 꼬리 질문을 3개 이상 받을 정도의 깊이라면 충분하다고 생각합니다. 예를 들어 ""Redis Lua Script를 이용해 동시성 문제를 해결했다""고 하면, 그에 대해 ""왜 Lua Script를 썼는지"", ""다른 대안은 무엇이었는지"", ""실제 적용에서 어떤 이슈가 있었는지"" 등을 설명할 수 있어야 합니다.


그리고 하나 더 팁을 드리자면, 신기술 도입 사례보다 CS 기반의 문제 해결 경험이 더 인상적일 수 있습니다.
 예를 들어 단순히 RestClient를 적용한 경험보다는, 실행 계획을 분석하고 쿼리를 튜닝한 사례처럼 근본적인 이해와 분석이 동반된 경험이 더 강하게 어필됩니다.


<2. 실사용자 기반 서비스 운영 경험의 차별성>
실사용자가 있는 서비스를 운영해본 경험은 큰 차별점이 됩니다. 프로젝트를 여러 개 해본 사람보다, 유저와 직접 소통하며 하나의 서비스를 실제로 운영해본 사람이 더 강한 인상을 줄 수 있습니다. 


실제 유저가 있으면 예상치 못한 에러, 피드백, 유지보수 이슈들이 자연스럽게 발생하고, 이를 해결하는 과정에서 실무와 유사한 경험을 쌓게 됩니다. 다양한 트러블슈팅, 커뮤니케이션, UX 개선 등 실질적인 역량을 증명할 수 있죠. 저도 개인적으로 이력서에는 유저가 있었던 프로젝트 한 개만 기재했습니다. 그게 훨씬 더 강하게 작용했기 때문입니다.



©Jo Szczepanska


<3. 기술 블로그 운영 방향>
기술 블로그 자체가 큰 강점이 되지는 않습니다. 하지만, 면접을 준비할 때 복기 자료로서 굉장히 유용합니다. 저 역시 짧게나마 블로그를 운영했는데, 그 기록들이 면접 준비에 큰 도움이 됐습니다.


다만, 단순 개념 정리보다는 트러블슈팅 중심의 포스팅을 추천드립니다. 블로그나 포트폴리오에 적힌 내용은 면접관이 “이건 잘 안다”고 전제하고 질문할 가능성이 크기 때문에, 자신 있는 내용만 기록하는 걸 추천드려요.


<4. 현재 방향성과 더 효과적인 접근법>
멘티님께서 프로젝트를 운영하며 사용자를 직접 유입하고, 문제를 해결해가는 방향 자체는 아주 훌륭한 접근이라고 생각합니다. 물론, 지금 단계에서 그 경험이 어느 정도의 완성도일지는 알 수 없지만, 분명 좋은 방향이고 실무에서 요구하는 역량과도 잘 맞습니다.


조금 더 효과적으로 접근하고 싶다면, 단순히 문제가 발생한 뒤 해결책을 적용하는 데 그치지 말고, 문제를 예측하고 미리 대비하는 능력을 키워보세요. 예를 들어 시스템 내에서 병목 지점을 사전에 파악하거나, 트래픽 급증 시 대응 방안을 설계하거나, 모니터링 도구를 구축해 로그를 정제하는 등의 시도도 좋은 포인트가 될 수 있습니다.


멘티님의 질문에서 성실함이 느껴졌고, 지금처럼 꾸준히 경험을 쌓고 기록해 나가신다면 분명 좋은 결과가 있을 거라 생각합니다. 혹시 또 도움이 필요하시면 언제든지 편하게 연락 주세요.


항상 응원하겠습니다. 파이팅입니다!",
95,"IT 개발, 데이터","evOps/인프라 운영, 어떤 자격증이 도움이 될까요?",IT30-15,"안녕하세요. 멘토님. 저는 IT와는 관련이 없는 전공을 마치고, 본격적으로 취업을 준비하고 있는 멘티입니다. 비전공자이긴 하지만 IT 인프라 운영, SRE, DevOps와 같은 분야에 매력을 느껴 이쪽으로 커리어를 시작해보고 싶은데요. 다만 관련 경험이 부족하다 보니, 어떤 준비부터 시작해야 할지 막막한 상황이에요.



그래서 몇 가지 궁금한 점을 여쭙고 싶습니다.


1.해당 직무(SRE/DevOps/인프라 운영)에 진입하려면 어떤 자격증이나 스펙이 가장 도움이 될까요? 자격증도 종류가 많다고 들었는데, 비전공자가 실질적으로 취업에 도움을 받을 수 있는 자격증이 궁금합니다.



2.추가로, 해당 분야에 대해 공부를 시작할 때 참고하면 좋을 자료나 추천 경로가 있다면 알려주시면 감사하겠습니다.



아직 시작 단계에 있지만, 방향을 잘 잡고 하나씩 준비해나가고 싶습니다. 조언해주시면 정말 큰 도움이 될 것 같아요. 감사합니다!","안녕하세요, 질문 주셔서 감사합니다. IT 인프라 운영, SRE, DevOps 분야로 취업을 희망하신다고 하셨는데요, 비전공자이시더라도 충분히 도전할 수 있는 분야이며, 단계적으로 준비해 나가신다면 좋은 결과 있으실 거라 생각됩니다. 아래에 필요한 자격증, 준비 방향 등을 정리해드릴게요.


<1. 기본기 다지기 – 기사 자격증 추천>
먼저 정보처리기사 또는 정보보안기사 자격증을 가장 먼저 추천드립니다. IT 분야 전반에서 기본적인 이론과 구조를 다루는 자격증이라, 인프라, 보안, 네트워크, 시스템 분야 모두에 유용하고, 특히 취업 시 이력서에서 눈에 띄는 요소가 됩니다. 다만, 해당 기사 자격증은 응시 자격이 따로 있으므로 반드시 큐넷(Q-net)에서 자격 요건을 확인해 주세요.


만약 기사 자격증 응시 자격이 되지 않는다면, 먼저 기능사 자격증(예: 정보처리기능사) 취득을 통해 기초를 쌓아가시는 것도 좋은 전략입니다. 기능사는 비교적 난이도가 낮고, 접근이 쉬운 편입니다.




<2. 실무 감각 기르기 – 프로젝트 경험 만들기>
교육기관이나 국비과정 등을 수료하셨다면, 배운 내용을 실전에 적용해보는 작은 프로젝트를 직접 경험해 보시는 것을 권장드립니다. 가능하다면 소규모 팀 프로젝트로 구성하여 실제 인프라 환경을 구축하거나 간단한 모니터링, 자동화 시스템을 구현해보는 것도 좋습니다.


이때 중요한 점은 단순히 '했다'가 아니라,
-어떤 역할을 맡았는지
-어떤 기술을 사용했는지
-어떤 문제를 어떻게 해결했는지 등을 포트폴리오 형태로 구체적으로 정리해두는 것입니다. 향후 면접에서 실무 경험에 준하는 이야기로 활용될 수 있어 강한 인상을 줄 수 있어요.


<3. 직무별 자격증 – 인프라/SRE/DevOps에 맞는 선택>
관심 직무가 명확하신 만큼, 해당 분야에 특화된 자격증도 추천드릴 수 있습니다.
-네트워크 분야: CCNA, 네트워크관리사 등
-서버 분야: 리눅스마스터 2급 (현장 활용도가 높음)
-클라우드 분야: AWS Certified Cloud Practitioner → 이후 Associate/Professional 레벨로 확장 가능
-자동화/DevOps: 도커, 쿠버네티스, 젠킨스 등을 실습 위주로 익히는 것이 효과적입니다. 관련 자격도 일부 존재하지만, 실습 경험이 더 어필됩니다.


위 자격증은 단순히 스펙이 되기보다는, 자기주도적으로 관심 분야를 학습하고 있다는 점을 보여줄 수 있는 근거로 작용합니다. 따라서 본인의 방향성과 맞는 것을 선택하시는 게 중요합니다. 비전공자이시다 보니 처음에는 낯설고 부담스러운 점이 많으실 거라 생각됩니다. 하지만 지금처럼 구체적인 목표를 가지고 묻고 배우려는 자세라면 충분히 경쟁력 있는 지원자가 되실 수 있습니다. 


혹시 더 궁금한 내용이나 도움이 필요한 부분이 있다면 언제든지 추가 질문 주세요. 작은 진전이 모이면 분명 좋은 결과로 이어질 거예요. 응원하겠습니다! 

",
94,"IT 개발, 데이터",코딩테스트 어느 정도 수준까지 준비해야 할까요?,IT30-14,"안녕하세요. 3학년에 재학 중이며, IT 관련 학과에서 백엔드 개발을 공부하고 있는 학생입니다. 최근 코딩테스트 준비의 필요성을 절감하고 본격적으로 대비를 시작했는데, 온라인에서 접한 정보들이 조금씩 달라 혼란스러워 이렇게 질문을 드리게 되었습니다.



학년 대비 준비가 늦은 편이고, 학과 커리큘럼상 일부 중요한 CS 과목(알고리즘 포함)이 빠져 있어 더욱 막막하게 느껴지는 상황입니다. 그래서 중요도 높은 영역부터 우선적으로 학습하고자 합니다.

1.학교 알고리즘 강의나 전공 서적에서 다루는 지엽적인 알고리즘들도 코딩테스트나 기술면접에서 출제되는 편인가요? 예를 들어, AVL 트리, 세그먼트 트리, 해싱, 위상 정렬 같은 알고리즘 등을 별도로 공부할 필요가 있는지 궁금합니다.


2.전공 강의나 서적에서는 C/C++로 힙 자료구조를 직접 구현하거나, 다양한 정렬 알고리즘을 내부 동작까지 깊이 다루기도 하는데요. 이런 구현 중심의 내용들도 기술면접에서 질문될 수 있는 주제인지 알고 싶습니다. 즉, 단순히 라이브러리 사용법을 아는 것을 넘어서, 내부 동작이나 직접 구현 능력을 보는 경우도 있는지 궁금합니다.","안녕하세요 :) 질문 주신 내용 하나씩 정리해 답변 드릴게요!


<코딩테스트 준비>
코딩테스트는 백준 기준 골드1 수준까지 문제 풀이 실력을 끌어올리는 것을 목표로 하시면 좋습니다. 세그먼트 트리 같은 고난이도 알고리즘은 대회 수준에서 자주 등장하는 편이고, 일반 기업 코테에서는 많이 나오지 않기 때문에 초반에는 우선순위를 낮춰도 괜찮습니다. 


다만, 힙 자료구조의 경우는 면접에서도 꽤 자주 나오는 주제라, C/C++로 직접 구현할 필요는 없더라도 작동 방식과 각 연산의 시간복잡도 정도는 꼭 이해해두시길 추천드립니다.


※ 참고로 백엔드 직무의 경우, 일부 기업에서는 Java 언어로 코테를 제한하는 곳도 있어요. 저는 C++로 알고리즘을 공부하다가, 실제 취업을 앞둔 마지막 방학 때 Java로 코테 연습을 따로 했던 경험이 있습니다. 사용 언어에 대해서도 미리 살펴보시면 좋아요.





<CS 지식 학습>
CS는 당연히 깊게 공부하면 좋지만, 자바/스프링처럼 실제 업무와 밀접한 기술에 시간을 더 투자하시는 것을 추천드려요. 만약 전공 서적이 부담스럽다면, 면접 기출 질문 위주로 리스트를 정리한 뒤, 하나씩 스스로 답을 만들어보면서 공부하는 방식도 아주 효과적입니다.


더하여 IT 업계에서는 대부분 어학 성적은 ‘지원 자격 충족’ 정도로만 보는 경우가 많습니다. 이미 성적이 좋다면 당연히 장점이 되지만, 일부러 점수만을 위해 시간을 쓰는 것은 효율적이지 않을 수 있어요. 서비스 기반 IT 회사들은 자격증이나 어학을 크게 중요하게 여기진 않지만, 금융 IT 계열은 자격증(SQLD, 정보처리기사, 빅데이터 분석기사 등)이 실제 채용에서 도움이 되니 목표하는 기업 성격에 따라 선택적으로 준비하시면 좋겠습니다.


추가로 궁금한 점이 생기시면 언제든 편하게 질문 주세요. 코딩테스트와 기술 면접 모두 잘 준비하셔서 좋은 결과 있으시길 진심으로 응원합니다!",
93,"IT 개발, 데이터","게임 기획, 포트폴리오 이걸 기억하세요.",IT30-13,"안녕하세요. 저는 QA 직무를 하다가 퇴사 후 진로를 다시 고민하게 되었고, 현재는 게임 기획 직무로 취업을 준비 중인 취준생입니다.



현재 작성 중인 포트폴리오는, 게임의 전투 메뉴 내 컨텐츠와 일일 미션을 통합해 별도의 메뉴로 제공함으로써 유저 편의성을 개선하는 UI 개선 창작 기획서입니다.

그런데 이렇게 작성하는 방향이 맞는지 확신이 들지 않아 고민이 됩니다. 특히 컬럼, 컴포넌트 등 데이터 테이블 작성 부분이 많이 어렵게 느껴집니다.



혹시 가능하시다면 제 기획 포트폴리오에 대한 피드백을 부탁드릴 수 있을까요? 읽어주셔서 감사합니다. 좋은 하루 되세요!","QA 직무를 하시다가 게임 기획으로 전향하며 독학으로 준비 중이시니, 많은 부분이 생소하고 어렵게 느껴지실 것 같아요.


현재 포트폴리오 내용도 살펴보면 UI 개선 중심의 기획서인데, 이전에 QA로 일하셨던 경험 덕분인지 QA와 협업하는 문서 구조와 유사한 형태가 엿보입니다.


<포트폴리오는 ‘전달력’이 핵심입니다>
지금 포트폴리오에서도 내용을 명확히 전달하려는 노력이 보입니다. 다만, 실무 문서와는 달리 포트폴리오는 시각적으로도 매끄럽고 이해하기 쉬운 형식으로 구성하는 것이 중요합니다.


예를 들어, 각 슬라이드마다 상단에는 제목과 간단한 요약, 하단에는 이미지와 설명 텍스트를 배치하는 등 하나의 규격을 정하고 반복적으로 활용해보세요. 읽는 사람 입장에서도 정보가 정리되어 있다는 인상을 받을 수 있습니다.


<기획 의도는 더 입체적으로 풀어주세요>
현재 기획 의도는 문제점–개선 방향–기대 효과로 간단히 정리되어 있는데, 이 구성은 다소 사업기획서에 가까워 보입니다. 게임 기획서라면 ‘왜 이 기획을 하려고 하는가’, ‘어떤 유저 경험을 만들고 싶은가’, ‘그를 위해 어떤 방향성과 기준을 설정했는가’ 등이 더 구체적으로 담겨야 합니다. 기획 의도는 한 장에 압축해서 넣기보다는, 문제 인식 → 기획 목적 → 방향성 → 기대 효과처럼 흐름 있게 여러 장에 걸쳐 구성해보는 것이 더 좋습니다.


<개발 가능성을 고려한 세부 기획이 필요합니다>
현재 문서에는 ‘이런 기능을 만들고 싶다’는 아이디어는 담겨 있지만, 실제 구현에 필요한 개발 요소나 데이터 설계에 대한 설명은 부족한 편입니다.


예를 들어, 특정 메뉴의 카테고리를 제거하고 싶다고 할 때, 단순히 제거 요청만 하는 것이 아니라 해당 기능이 어떤 데이터 테이블의 어떤 필드에 영향을 주는지, 비활성화 처리는 어떻게 할 수 있는지, 순서를 관리하는 Order 값은 어떻게 유지될 것인지까지 함께 고민해야 합니다. 이러한 개발 고려사항이 들어간 기획서는 실무에서 훨씬 신뢰를 얻습니다.





<UI 텍스트와 데이터 테이블을 연결해보세요>
현재 UI 텍스트에 대해 간단한 설명은 있지만, 어떤 테이블에서 어떤 데이터를 어떤 방식으로 불러오는지에 대한 정보는 부족합니다. 예를 들어 퀘스트 명칭이나 보상 정보는 일반적으로 퀘스트 테이블, 보상 테이블 등에서 특정 키값을 기준으로 연결되는데, 이 구조를 이해하고 명시하는 것이 중요합니다.

UI에 보여지는 텍스트가 스트링 테이블에서 가져오는 것인지, 아니면 별도 테이블의 특정 컬럼에서 연동되는 것인지도 구체적으로 설명해 주세요. 이러한 데이터 흐름에 대한 이해는 기획서의 설득력을 높여줍니다.


<기획 범위는 좁고 깊게>
포트폴리오에서 주제를 다룰 때는 한 가지 기능이나 문제점에 집중해서 깊이 있게 기획을 전개하는 편이 더 효과적입니다. 지금은 여러 이슈에 대한 해결안을 하나의 기획서에 풀어내려다 보니 전체적으로 산만해 보일 수 있어요. 


하나의 기능 또는 유저 여정을 중심으로, 유저의 문제 인식부터 시작해서 UI 흐름, 데이터 구조, 개발 방식, 기대 효과까지 한 흐름으로 기획을 이어가 보세요. 깊이 있는 한 편의 설득력 있는 문서가 완성될 수 있습니다.


지금도 충분히 좋은 방향으로 작성해나가고 계시고, 계속해서 개선해 나가시면 분명 완성도 높은 포트폴리오가 될 거예요. 혹시 특정 부분에서 막히는 점이 있으시거나, 기획 의도나 데이터 구조 부분에서 더 구체적인 피드백이 필요하다면 언제든지 질문 주세요. 진심으로 응원합니다!

",
92,"IT 개발, 데이터",비전공자 개발자 '학점'과 '포트폴리오' 무엇이 더 중요할까요?,IT30-12,"비전공자로 백엔드 개발자를 준비 중인 대학생입니다. 취업을 앞두고 ‘학점’과 ‘포트폴리오’ 사이에서 고민 중인데요, 현업자 분의 조언을 듣고 싶어 질문드립니다.



현재 제 학점은 3.1 정도로 높은 편은 아니고, 졸업 전 마지막 학기(4학년 2학기)에 재수강 등을 통해 학점 복구가 가능한 상태입니다. 하지만 그렇게 되면 한 학기에 21학점을 들어야 해서 포트폴리오 제작이나 실무 역량 강화를 위한 프로젝트 경험을 쌓기가 사실상 어려울 것 같습니다.



그렇다 보니 현실적으로 ‘학점에 집중할 것인가’, ‘실력에 집중할 것인가’ 사이에서 갈등하고 있습니다.

Q1. 실무에서 학점 vs 포트폴리오/GitHub 활동 – 어떤 것이 더 중요할까요?
특히 테크 기반 플랫폼 기업에서 백엔드 직무로 지원할 경우, 실제 채용에서는 학점과 실력 중 어떤 요소가 더 중요하게 평가되는지 궁금합니다. 비전공자이고, 학점이 높지 않은 상황에서 실력 중심의 준비로 커버할 수 있을지 고민입니다.


Q2. 지금 이 시점에서 학점 복구에 투자할 시간과 에너지를 실력 강화 쪽으로 돌리는 것이 맞을지 고민됩니다.
단기간 내 학점을 올리는 게 나중에 더 도움이 될지, 아니면 실질적인 프로젝트 경험을 쌓는 것이 취업 성공 가능성을 높일 수 있을지… 현업자의 기준으로 판단하신다면 어떤 쪽에 무게를 두고 결정하실지 조언 부탁드립니다. 긴 글 읽어주셔서 감사합니다","먼저 질문 주셔서 감사합니다.글을 읽으면서, 저도 졸업을 앞두고 비슷한 고민을 했던 기억이 나서 더 공감이 되었습니다. 지금의 상황은 명확한 정답이 있는 문제라기보다는, 어떤 선택을 할 것인지에 대한 문제인 것 같습니다.

학점 vs 실무역량, 실무자는 무엇을 볼까?
질문에서 말씀하신 테크 기반 플랫폼, IT 서비스 스타트업을 기준으로 말씀드리자면, 이런 회사들은 실무자(개발자)가 채용에 직접 참여하는 경우가 많습니다. 그러다 보니 실무에서 얼마나 빠르게 적응할 수 있을지,그리고 함께 일하고 싶은 사람인지가 굉장히 중요하게 작용합니다.


물론 팀마다 기준은 다르고, 어떤 팀은 학점을 참고할 수도 있겠지만, 일반적으로 대기업이나 금융권처럼 학점을 엄격히 보는 분위기는 아닙니다. 다시 말해, 테크 회사에서는 실력 중심으로 평가할 가능성이 높다는 뜻입니다.




지금 남은 시간, 어디에 집중하는 것이 좋을까?
한 학기 동안 학점을 얼마나 올릴 수 있을지는 상황에 따라 다르겠지만, 저라면 실무 역량 강화에 시간을 쓰겠습니다. 특히 컴퓨터공학/CS 기초 지식은 실제 면접에서도 자주 물어보는 부분이고, 이후에 실무에서도 정말 큰 도움이 됩니다. 


저 역시 비전공자 출신으로, 4학년 때 일부러 컴퓨터공학 수업을 추가로 들었는데 면접에서도, 지금 회사에서의 개발 업무에서도 그 때 공부한 내용이 정말 유용했습니다. 혹시 아직 전공 기초 지식(자료구조, 운영체제, 네트워크, DB 등)이 부족하다면 해당 부분을 학점 대신 공부하시는 것도 충분히 의미 있는 선택이 될 수 있습니다.


마지막으로 드리고 싶은 말
주변에서 여러 이야기를 들으며 고민이 많으실 것 같아요. 하지만 지금처럼 실력에 집중하고, 방향성을 갖고 준비하신다면 비전공자라는 배경도 충분히 극복하실 수 있습니다. 어떤 선택을 하시든 후회 없이 남은 학기 보내시고, 스스로 납득할 수 있는 길을 걸어가시길 진심으로 응원합니다. 화이팅입니다!",
91,"IT 개발, 데이터","사수가 없는 중소기업 데이터 분석, 계속해도 될까요?",IT30-11,"지난 2월 컴퓨터공학 전공으로 대학을 졸업하고 취업을 준비하던 중, 곧 한 건설 분야 중소 제조업 기업에 입사할 예정인 23세 여성입니다. 첫 사회생활에 대한 기대와 함께 새로운 업무 환경에 대한 고민이 커져 조언을 구합니다. 제가 입사할 회사는 사원 30명 규모의 중소기업이며, 저는 제조 공정 유지보수 팀에 유일한 컴퓨터공학 전공자로 합류하게 됩니다. 팀원들은 기계공학 등 다른 전공자들뿐이라 저를 이끌어줄 사수나 IT 관련 조언을 구할 동료가 전혀 없는 상황입니다.
제가 맡게 될 업무는 제조 공정 데이터 분석 및 AI를 활용한 예측 리포트 작성입니다. Python과 SQL 경험은 있지만 능숙하지 않고, 데이터 분석이나 AI 관련 실무 경험은 전무합니다. 또한, 제조 공정 지식까지 없어 모든 것을 혼자 배워야 한다는 생각에 큰 부담을 느낍니다. 하지만 이 회사는 집에서 25분 거리, 야근 없는 근무 환경 등 워라밸 측면에서 매우 매력적입니다. 좋은 조건에도 불구하고, 부족한 역량으로 홀로 고군분투하다 결국 회사에 민폐를 끼치거나, 전문성을 키우지 못하고 '물경력'이 될까 두렵습니다.



사수 없는 환경에서 제 역량을 키울 수 있을까요? 그리고 낮은 개발 역량을 극복하려면 어떤 준비가 필요할까요? 이 회사를 선택하는 것이 현명한 결정일지 조언 부탁드립니다.","<신입 개발자의 고민, 관점을 바꾸면 기회가 됩니다>
안녕하세요! 날씨가 덥지만 조금씩 가을로 계절이 이동함을 느끼며 시간과 자연의 힘을 느끼는 요즘입니다. 입사를 앞두고 고민이 많으신 멘티님께, 먼저 새로운 출발을 시작하는 기회를 잡으신 것을 진심으로 축하드립니다.


 새로운 환경에 대한 걱정과 고민은 누구나 겪는 과정이며, 특히 신입사원으로 출발하는 여정은 더욱 많은 생각과 고민을 필요로 하는 것 같습니다. 멘티님께서 상황을 잘 정리해서 알려주신 덕분에 조금 더 깊이 공감하고 이해할 수 있었습니다.


<팀 내 유일한 컴공 전공자? 오히려 기회입니다>
팀 내에 컴퓨터 공학 전공자가 없다는 사실이 무조건 나쁜 상황은 아닙니다. 특히 멘티님께서 맡으실 데이터 분석 분야는 컴퓨터 공학의 전형적인 영역이라고만 보기는 어렵습니다. 오히려 기계공학, 전자공학 등 다양한 전공 지식을 갖춘 팀원들 사이에서 더 많은 다양성을 배우고 이해할 수 있는 장점이 있습니다. 


다양한 관점을 이해하는 경험은 멘티님이 성장하는 데 큰 자산이 될 것입니다. 규모가 작은 회사에서 신입사원에게 더 많은 것을 기대할 수도 있지만, 신입사원에게는 업무 수행을 위한 기초 지식과 배우고자 하는 의지가 가장 중요합니다. 회사도, 그리고 함께 근무하시는 분들도 이 점을 이해하고 있을 테니 너무 큰 부담은 갖지 않으셨으면 좋겠습니다.




<신입사원, 부담은 금물>
회사에 민폐가 될까, 물경력으로 도태될까 하는 걱정은 지금 당장 해결할 수 있는 문제가 아닙니다. 앞으로 상당한 시간이 지난 후에야 알 수 있는 문제이므로, 지금은 긍정적인 마음가짐과 배우고자 하는 의지만 있다면 충분합니다. 멘티님이 가진 부담이 멘티님 본인은 물로 회사에도 도움이 되지 않을 수 있습니다. 하루에 하나씩 배우고 발전시켜 보겠다는 마인드로 접근해 보세요.


좋은 사수가 있다는 것은 분명 큰 행운이지만, 정해진 사수가 없다는 것이 꼭 불행한 일만은 아닙니다. 다양한 시행착오를 스스로 겪어보는 것은 나중에 더 복잡한 문제 상황을 해결할 수 있는 노하우를 만드는 밑거름이 될 수 있습니다. 


또한, 회사가 멘티님께 데이터 분석 및 AI 업무를 맡겼다는 것은 멘티님의 잠재력을 충분히 높이 평가했다는 뜻입니다. 원래 이 분야는 뛰어난 전문가라 하더라도 회사에 필요한 결과를 만들어내는 데 많은 시간이 필요합니다. 회사는 멘티님에게 하나씩 차근차근 만들어나가길 기대하고 있을 것입니다.


<성장을 위한 조언: 관점을 바꿔보세요>
멘티님의 고민에 대해 다음과 같은 조언을 드리고 싶습니다. 먼저, 역량 개발은 내/외부 교육, 개인 독학, 회사 업무 수행 등 다양한 방법이 있습니다. 정답은 없으니 멘티님만의 방식을 찾아보시면 좋겠습니다. 만약 데이터 분석이나 AI 분야가 처음이라면 기초 통계, 데이터 분석, 머신러닝(ML) 같은 기본적인 내용부터 책이나 온라인 강의를 통해 배워나가시는 것을 추천합니다.


그리고 멘티님께서 생각하는 회사의 장점과 단점은 객관화된 사실이 아닐 수 있습니다. 오히려 단점이라고 생각하는 부분을 관점을 바꿔 장점으로 볼 수도 있습니다. 예를 들어, 맞지 않는 사수와 갈등을 겪는 것보다 오히려 혼자서 시행착오를 겪으며 배우는 것이 다행일 수도 있습니다. 집과 회사가 가까워 아낀 시간과 비용은 퇴근 후 교육을 듣거나 개인 학습에 투자할 수 있습니다. 조금은 멀리 떨어져서 생각해보면 지금의 상황이 그리 나쁘지만은 않을 것입니다.


어쩌면 이미 입사하셨을 수도 있을 시점에 답변을 드린 것 같네요. 답변이 늦어진 점 이해 부탁드리며, 좋은 곳에서 새로운 일들을 하면서 자신감과 만족감, 성취감을 모두 얻으셔서 행복한 회사 생활 시작하시길 바라겠습니다.

",
90,"IT 개발, 데이터","게임 개발, 석박사보다 공모전 수상이 먼저인가요?",IT30-10,"안녕하세요, 게임 개발자를 꿈꾸는 대학생입니다. Unity를 공부하고 여러 IT 전문가를 만나며 꿈을 키워왔지만, 시간이 지날수록 오히려 더 큰 방황을 하고 있습니다.
게임 개발 분야에서는 대학의 이름이나 학점보다 공모전 수상 경력이 더 중요하다는 이야기를 많이 들었습니다. 반면 다른 IT 분야는 공모전 수상이 없어도 취업을 잘하는 것처럼 보였습니다.



저는 대학 졸업 후 가능하다면 석, 박사 학위까지 취득하고 바로 취업하고 싶은데, 공모전 수상이 필수적이라면 게임 개발자의 길은 이미 늦은 것 같아 걱정입니다. 제가 생각하는 현실이 맞는지, 실제 업계의 상황은 어떤지 멘토님께 여쭤보고 싶습니다.



바쁘시겠지만, 현실적인 조언을 해주시면 감사하겠습니다.","안녕하세요. 게임 개발에 대한 열정과 함께 현실적인 고민을 하고 계신 멘티님께, 명확한 방향성을 제시해 드리고자 합니다. 멘티님의 질문을 두 가지 핵심으로 정리하고, 이에 대한 저의 생각을 말씀드릴게요.


<1. 공모전 수상이 필수인가요?>
게임 개발자에게 공모전 수상이 필수는 아닙니다. 하지만 자신이 어느 정도의 실력을 갖추었는지 보여줄 수 있는 '근거'는 반드시 필요합니다. 예전에는 포트폴리오만으로 입사하는 경우도 있었지만, 최근에는 많은 기업이 신입 개발자에게 컴퓨터 공학의 기본기를 더욱 중요하게 평가합니다.


대부분의 회사에서는 서류 통과 후 코딩 테스트를 통해 지원자의 기본기를 점검합니다. 객체 지향 개발론, 알고리즘, 자료구조, 운영체제, 네트워크 등 학부에서 배우는 핵심 과목에 충실해야만 코딩 테스트를 통과할 수 있고, 그다음 단계인 면접으로 나아갈 수 있습니다. 공모전 수상 경력이 있더라도 코딩 테스트에서 좋은 점수를 받지 못하면 의미가 없습니다.


따라서 학부에서 배우는 컴퓨터 공학 과목에 충실하면서 Unity나 Unreal Engine 같은 게임 엔진을 학습하고, 이를 활용해 개인 프로젝트를 꾸준히 진행하는 것이 중요합니다. 처음부터 방대한 규모의 게임보다는, 1인 개발로 완성할 수 있는 아케이드나 퍼즐 게임부터 시작해 보세요. 이러한 프로젝트의 결과물은 멘티님의 실질적인 역량을 보여주는 중요한 포트폴리오가 될 것입니다.



©Soumya Gharai


<2. 석/박사 학위가 취업에 도움이 될까요?>
결론부터 말씀드리면, 게임 개발자가 되기 위해 박사 과정까지 마치는 경우는 거의 없습니다. 석사 학위도 드문 편입니다. 게임 개발은 대학원에서 다룰 만큼의 깊은 이론적 지식보다는, 실무 경험과 문제 해결 능력이 더 중요하기 때문입니다.


만약 석/박사 과정에서 게임과 관련된 연구를 하고 싶더라도, 게임 개발학과가 전무한 실정이기에 관련 분야를 찾기 어렵습니다. 정보통신",
89,"IT 개발, 데이터",신입 개발자에게 필요한 데이터 역량은?,IT30-9,"멘토님. 좋은 강의 매번 감사드립니다. 저는 서비스 기획자를 꿈꾸는 학생입니다. 신입 채용이 적은 직무의 특성상 경력직과 차별화되는 경쟁력을 갖추기 위해 노력하고 있습니다. 강의 중 궁금했던 점들을 몇 가지 여쭤보고자 합니다.

1.신입 기획자에게 필요한 데이터 역량은 어느 정도인가요? 신입 기획자도 데이터 관련 역량이 중요하다고 들었습니다. 복잡한 SQL 쿼리문이나 파이썬을 이용한 데이터 분석까지 할 줄 알아야 할까요? 회사에서는 이러한 역량을 포트폴리오(예: 깃허브 링크, 데이터 시각화 자료) 등으로 어떻게 확인하는지 궁금합니다.



2.졸업 프로젝트 경험은 어떻게 활용해야 할까요? 현재 졸업 프로젝트로 백엔드 개발을 진행하고 있습니다. 해당 경험을 깃허브 링크로 제출하여 어필하는 것이 좋을지 고민됩니다. 코드 퀄리티가 높지 않을 예정이라 오히려 시니어 개발자분들이 부정적으로 보지는 않을지 걱정됩니다.



바쁘신 와중에 제 질문을 읽어주셔서 감사합니다. 멘토님의 고견을 기다리겠습니다.","멘티님의 고민을 잘 이해했습니다. 서비스 기획에 대한 깊은 이해를 바탕으로 어떻게 하면 더 좋은 인재가 될 수 있을지 고민하는 모습이 인상 깊습니다. 데이터와 개발 역량에 대한 질문에 답변해 드릴게요.


1. 데이터 관련 역량, 어디까지 필요할까요?
SQL이나 파이썬에 대한 지식은 분명 있으면 좋습니다. 하지만 신입 기획자에게 복잡한 쿼리문을 짜거나 전문적인 데이터 분석을 요구하는 경우는 흔치 않습니다. 기획자에게 중요한 것은 데이터를 통해 문제를 해결하는 능력입니다.


따라서 단순히 툴을 다루는 능력보다는, 인턴십이나 프로젝트를 진행하며 '어떤 데이터를 어떻게 활용해 문제를 발견하고 해결했는지'를 보여주는 것이 훨씬 더 중요합니다. 회사에서는 별도로 데이터 역량을 확인하기 위해 기술 테스트를 진행하기보다는, 포트폴리오나 면접 과정에서 지원자가 데이터에 기반한 의사결정을 내릴 수 있는지를 확인합니다. 데이터 시각화 자료를 포함한 포트폴리오를 제출한다면, 논리적 사고와 문제 해결 능력을 효과적으로 어필할 수 있습니다.



©Ales Nesetril


2. 졸업 프로젝트와 깃허브 활용법
졸업 프로젝트로 백엔드 개발 경험을 쌓았다는 점은 신입 기획자로서 매우 큰 강점입니다. 많은 기획자가 개발에 대한 이해가 부족해 어려움을 겪는다는 것을 고려하면, 멘티님은 이미 한 발 앞서 있는 셈입니다.


코드의 퀄리티가 걱정된다고 하셨는데, 걱정하지 않아도 됩니다. 기획자 채용 과정에서 시니어 개발자가 직접 코드를 검토하는 경우는 매우 드뭅니다. 오히려 이 경험은 멘티님이 '왜 이 서비스를 기획했고, 어떻게 구현했는지'에 대한 스토리를 풀어낼 수 있는 좋은 기회입니다.


깃허브 링크를 제출하는 것은 기획자가 개발자들과 원활하게 소통할 수 있는 능력을 갖추고 있음을 보여주는 긍정적인 신호로 작용합니다. 중요한 것은 코드 자체의 완성도가 아니라, '어떤 유저의 문제를 해결하기 위해 이 서비스를 기획하고 직접 개발까지 시도했는가'입니다. 이 점을 논리적으로 어필한다면, 문제 해결 역량과 실행력을 동시에 증명할 수 있을 것입니다.


멘티님의 고민은 곧 더 나은 기획자로 성장하기 위한 과정입니다. 자신감을 가지고 꾸준히 준비해 나가시면 반드시 좋은 결과가 있을 것입니다.

",
88,"IT 개발, 데이터","백엔드 개발 취업, 이런 방식으로 준비해도 될까요?",IT30-8,"멘토님.대학교 3학년 학부생으로, 미리 취업을 준비하고 있는 학생입니다. 다름이 아니라, 현 상황에 대한 객관적인 평가와 더불어 제가 희망하는 A사의 신입 채용에 필요한 역량 수준에 대해 조언을 듣고 싶습니다.



백엔드 엔지니어링 역량 강화를 위해 개인 프로젝트로 AI 기반 스케줄러'를 기획 및 개발하고 있습니다.

[진행 중인 프로젝트 및 고민]
• 기획 의도: 평소 일정 등록의 귀찮음을 해결하고자 'AI 기반 캘린더'를 기획했습니다. RAG 기반 워크플로우 및 에이전트 구현을 염두에 두고 있습니다.
• 기술 선택: 빠른 MVP 구현과 취업 공고 추세를 고려하여 백엔드 프레임워크로 FastAPI (Python 기반)를 선정했습니다.
• 현재 상황: 간단한 엔드포인트 구현 후, DB 설계에 막혀 현재 DB 공부를 병행하고 있습니다.
• 추가 고민: 백엔드를 구현하면서, 프론트엔드가 원하는 엔드포인트나 설계 범위에 대한 고민이 생겨 프론트엔드 지식 공부의 필요성도 느끼고 있습니다.
• 코딩 테스트 준비: C++ 언어로 알고리즘 사이트(백준)에서 하루 2~3문제(골드 난이도)를 풀며 코딩 테스트 감을 잡고 있습니다.


저는 이러한 개발 과정들이 불필요하다고는 생각하지 않는데요. 어쩐지 전략적인 취업 준비 혹은 기본적인 개발자 취업 준비와는 달라 헛물을 켜고 있는 거 아닌지 걱정이됩니다. 멘토님께서 생각하시는 A사의 인재상은 무엇이며, 제가 현재 준비하고 있는 과정 중 어떤 부분을 보완하고 집중해야 할지 조언을 주시면 정말 감사하겠습니다.","지금 멘티님 단계에서는 다양한 개발 언어나 프레임워크, 개발 프로젝트를 겪어보는 것은 충분히 좋은 모습으로 보입니다. 다만 이제 3학년이고, 본격적인 취업 준비를 시작해야 한다면 어느 순간에는 선택과 집중을 해야 합니다.


<1. 기술 스택 선택과 프로젝트 완성도>
파이썬 기반의 백엔드 점유율에 대해서는 약간의 의문을 가지고 있습니다만, 만약 목표하는 기업에서 명확하게 파이썬 백엔드와 관련된 포지션이 있다면, 해당 기업의 부서에서 사용하는 기술 스택이나 요구하는 역량을 알아보시는 것을 추천합니다. 해당 기업의 기술 블로그나 재직 중인 개발자의 링크드인과 같은 HR 플랫폼에서 간접적으로 알아볼 수 있습니다.


백엔드 프로젝트 위주로 개발하신다면 우선 코드 내에 DB 설계 → DB 적용 (Query builder or ORM) → API 문서화 (Swagger 등) 정도까지는 완성해보시는 것을 추천합니다.


프론트는 너무 깊게 파시기보다는 간단한 페이지라도 직접 구현하고, 내가 개발한 프로젝트의 API를 직접 호출해보면서 ""어떻게 백엔드 API를 설계해야 프론트에서 사용하기 좋은 API를 만들 수 있을까?"" 고민할 수 있으면 좋을 것 같습니다.


<2. 프로젝트 경험의 확장: '완성'을 넘어 '개선'으로>
그리고 가능하다면 단순히 프로젝트를 ""완성"" 하는 단계에서 그치지 말고, 주변 몇 명이라도 사용하게 해본 다음 불편 사항을 ""개선""하는 경험을 만들면 좋습니다. 대부분의 서비스 개발은 신규 기능 개발보다는 기존 기능 개선 요구사항도 많기 때문입니다.



©Chris Ried


<3. 알고리즘 준비와 역량 균형>
알고리즘은 워낙 평소의 노력과 어느 정도의 운까지 필요한 부분이라고 생각합니다. 알고리즘/자료구조는 정말로 어느 정도로 준비해야 하는지 답이 없어요. 개인적으로는 DFS/BFS, 이진 탐색, 퀵 정렬, 트리 삽입/탐색, DP 정도까지는 충분히 이해를 하고 있어야 한다고 생",
87,"IT 개발, 데이터","개발 자소서, 설득력을 갖췄나요?",IT30-7,"멘토님, 안녕하세요. 취업 시장의 어려움 속에서 현재 이력서에 기재할 만한 프로젝트 경험은 어느 정도 갖추었다고 생각되지만, 연이어 서류 전형에서 탈락하는 일을 겪고 있어 고민이 큽니다.
이러한 탈락의 원인이 자격증을 취득하지 않아서일까요? 아니면 제가 취업 준비 과정에서 놓치고 있는 핵심적인 부분이 있는 것인지 멘토님의 따뜻한 조언을 구하고 싶습니다. 제 이력서에 기재된 주요 프로젝트 및 경험은 아래와 같습니다. 이 내용을 바탕으로 서류 합격률을 높이기 위해 어떤 부분을 보완해야 할지 구체적인 조언을 부탁드립니다.


Web IDE 개발 (2024.10 - 2025.04)
-Docker 기반 실행 환경을 설계해 빌드·실행 속도를 60% 단축했습니다.
-파일 트리, Ace Editor, xterm.js를 통합하여 사용자 실습 효율을 향상시켰습니다.
-팀장으로서 요구사항 정의와 서버 아키텍처 설계를 주도하며 팀 협업 프로세스를 구축했습니다.","지원하신 분야를 명확히 알지 못하여 명쾌하게 ""이것이 원인입니다!""라고 단정하기는 어렵지만, 멘티님의 이력서 내용을 추측해볼 때, 이력서가 전반적으로 [성의가 없어] 보이며 [문제 해결 위주]에만 초점이 맞춰져 있는 듯합니다.
1. 성실함과 성의 부족 문제 (신뢰도 저하)
신입이든 경력 있는 신입이든 저연차의 가장 큰 덕목은 성실함이며, 이것이 가장 먼저 드러나는 부분이 바로 이력서의 성의입니다. 문제 해결을 시도한 것은 알겠지만, 전반적으로 어떤 말씀을 적어두셨는지 이해하기 어렵습니다. 뭔가 문제를 해결하신 것 같지만, 해결 과정 중 해당 방식에 대한 사이드 이펙트(부작용)도 있었을 것 같으나 해당 부분은 언급이 없습니다. 심지어 ""Docker 기반 실행환경을 설계해 빌드 실행 속도를 60% 단축했다""는 부분은 과정이 전혀 없어 신뢰가 가지 않습니다. 팀장으로서 어떤 요구사항들이 들어왔기에 어떤 아키텍처를 설계하셨고 어떤 협업 프로세스를 구축하셨는지도 전혀 알 수 없습니다.


©Gerald Hartl


2. 저연차에게 과도한 역할 주장 (경력 적합성 문제)
문제 해결을 많이 해오신 듯 보이지만, 저연차가 주장할 만한 경쟁력 있는 역할로 보이지 않습니다. ""팀 협업 프로세스 구축은 10년차 이상의 팀장이 주도할 일입니다."" / ""빌드, 실행 속도를 60% 단축하는 일은 5년차 이상의 Intermediate급 이상이 주도할 일입니다.""와 같이, 멘티님의 경력 수준에 비해 지나치게 높은 책임 범위를 주장하는 것은 설득력을 떨어뜨립니다.


3. 조직 존중의 태도에 대한 염려
심지어 그 해결 방식이 기존 것을 활용하는 것이 아니라 새로운 것을 추가하는 방식으로 보여, 개발자로서 상당히 염려스러우며 조심스러워야 할 행동입니다. 조직이 구식의 방식을 사용하는 데는 다 이유가 있습니다. 저 또한 저연차 때 그랬었지만, 그런 부분에 대한 이해 없이 행동하는 것은 무례였던 것을 알게 됐습니다. 그러한 무례를 범할까 염려가 되기도 합니다.


조금 강하게 얘기한 부분이 많습니다만, 이는 이력서 검토자의 마음으로 적어본 것입니다. 좋은 성과 있으시길 바랍니다.",
86,"IT 개발, 데이터","신입 데이터 엔지니어링, 취업을 위한 마지막 한방은?",IT30-6,"멘토님! 글로벌 컨설팅 펌에서 LLM 파이프라인 실무를 경험하며 DE를 꿈꾸게 된 컴퓨터공학 전공생입니다. 국내외 지원 과정에서 겪은 막막함을 해소하고자 조언을 구합니다.
1. 이론적 기술 스택의 실무적 증명 방법
Python과 AWS 기반 실무 경험은 있으나, Hadoop, Spark, Kafka 등 대용량 분산 처리 기술은 이론적으로만 알고 있습니다. 실무 경험이 없는 상태에서 이러한 기술 스택을 포트폴리오에 어떻게 녹여내야 기업의 신뢰를 얻을 수 있을까요?


2. 정통 DE 시장에서의 차별화 전략
주니어 DE로서 반드시 증명해야 하는 ‘기술적 깊이’의 기준이 궁금합니다. 특히 AI 파이프라인 경험이 있는 주니어가 정통 빅데이터 엔지니어링 시장에서 내세울 수 있는 경쟁력은 무엇인가요?


3. 학습 방향성 및 취업 로드맵 
현재 이력으로 계속 지원을 이어가는 것이 좋을까요, 아니면 특정 기술(Spark 등) 프로젝트에 집중하며 긴 호흡으로 보완하는 것이 나을까요? 멘토님이 보시기에 제 이력에서 가장 시급한 '한 끗'이 무엇인지 궁금합니다. 현실적인 어려움을 이겨낼 수 있도록 멘토님의 소중한 가이드라인 부탁드립니다. 감사합니다!","우선 질문 주셔서 감사드립니다. 데이터 엔지니어라는 목표를 향해 치열하게 고민하고 계신 멘티님께 조금이나마 도움이 될 수 있도록 몇 가지 조언을 남겨봅니다.


제가 생각하는 가장 매력적인 신입 데이터 엔지니어는 단순히 지식이 많은 사람이 아니라, 이 분야에 대한 진정성 있는 관심과 이를 뒷받침하는 구체적인 경험을 가진 사람입니다. 이론적인 학습도 물론 중요하지만, 본인의 역량을 가장 확실하게 증명할 수 있는 것은 결국 '프로젝트'라는 점을 강조하고 싶습니다.


<엔드 투 엔드(End-to-End) 파이프라인 구축>
사실 취업 준비생 신분으로 기업 수준의 대용량 데이터를 직접 다뤄보기는 현실적으로 어렵습니다. 하지만 공공 데이터셋이나 스트리밍 데이터셋 등 우리가 활용할 수 있는 자원은 충분히 많습니다.


이러한 데이터를 활용해 수집부터 적재, 그리고 변환에 이르기까지 전체 데이터 파이프라인을 직접 구축해 보시길 추천드립니다. 스스로 인프라를 세팅하고 코드를 짜면서 마주하게 될 수많은 시행착오와 해결 과정들이, 실제 면접 현장에서 멘티님을 가장 빛나게 해줄 실무적인 근육이 될 것입니다.





<관심 있는 도메인을 활용한 스토리텔링>
프로젝트를 더 흥미롭고 깊이 있게 진행하고 싶다면, 평소 본인이 좋아하는 도메인을 기반으로 주제를 선정해 보세요. 관심 없는 분야의 데이터보다는 본인이 애정을 가진 도메인을 다룰 때, '이 파이프라인이 왜 필요한가?'에 대한 본질적인 고민을 더 깊게 할 수 있습니다.


특히 해외 사이트나 기업들에서 제공하는 다양한 도메인의 데이터셋을 적극적으로 탐색해 보세요. 본인이 좋아하는 분야의 데이터를 활용해 완성도 높은 엔드 투 엔드 프로젝트를 수행한다면, 기술력은 물론 업무에 대한 몰입도까지 효과적으로 전달할 수 있을 것입니다.


<엔지니어로서의 기본기, 백엔드 역량 강화>
마지막으로 당부드리고 싶은 점은 데이터 엔지니어 역시 근본적으로는 '백엔드 엔지니어'라는 사실입니다. 파이프라인 구축 능력뿐만 아니라 알고리즘, 네트워크, 운영체제와 같은 기초 전산 지식을 꾸준히 공부하시길 권합니다. 탄탄한 기본기는 기술이 급변하는 환경 속에서도 멘티님이 흔들리지 않고 성장할 수 있는 든든한 뿌리가 되어줄 것입니다.


더 궁금한 점이 있거나 구체적인 피드백이 필요하시면 언제든 편하게 연락 주세요. 멘티님의 성공적인 커리어 시작을 진심으로 응원합니다!





소중한 답변 감사드립니다! 프로젝트가 필요하다는 것은 본능적으로 깨닫고 있었는데, 답변해주신 덕에 이에 대한 확신이 더해져서 바로 실행하겠습니다! 감사합니다!",
85,"IT 개발, 데이터",서비스 기획 취업 도전! 휴학 동안 뭘 하면 좋을까요?,IT30-5,"멘토님, 안녕하세요! 한 학기를 남겨두고 하반기 본격적인 서비스 기획직 지원을 준비 중인 대학생입니다. 5개월간의 인턴십과 한 차례의 웹 프로젝트 경험이 있지만, 기획 실무 역량을 한 단계 더 끌어올리기 위해 휴학 기간 동안 어떤 선택을 해야 할지 고민이 깊어 조언을 구합니다.



현재 저는 SQLD 취득과 데이터 분석 강의 수강을 병행하며, 협업 실력을 확실히 증명할 수 있는 프로젝트 1~2회를 추가로 경험하는 것을 최우선 목표로 삼고 있습니다. 이를 위해 7개월 과정의 부트캠프 참여를 고려 중이나, 실효성과 기회비용 측면에서 다음과 같은 의문이 생겨 멘토님의 솔직한 인사이트를 듣고 싶습니다.
1. 신입 채용 시장에서 부트캠프 경험의 실질적인 위상은 어떠한가요? 
인사 담당자들 사이에서 부트캠프에 대한 평가가 예전만 못하다는 이야기가 들려 혼란스럽습니다. 현직자의 시선에서 볼 때, 부트캠프 수료가 신입 기획자에게 필수적인 역량을 증명하는 유효한 어필 포인트가 되는지, 아니면 포트폴리오의 중복성 등으로 인해 가치가 낮게 평가되는지 궁금합니다.


2. 하반기 취업 목표 달성을 위한 '7개월'이라는 시간 투자가 전략적으로 타당할까요? 
올해 하반기 공채와 수시 채용을 타겟으로 하는 상황에서, 7개월간 부트캠프에 몰입하는 것이 시간과 비용 대비 효율적인 선택인지 고민입니다. 수료 시점과 채용 시즌이 맞물리는 리스크를 감수할 만큼 부트캠프의 커리큘럼이 실무 역량 강화에 결정적인 도움이 될까요?


3. IT 연합 동아리 외에 '실행력'을 보여줄 수 있는 대안 활동은 무엇이 있을까요? 
SOPT나 YAPP 같은 IT 동아리도 고려 중이지만, 지원 시기나 확정되지 않은 합격 여부 때문에 불확실성이 큽니다. 만약 부트캠프나 동아리 외에, 멘티님이 보유한 기존 인턴 경험을 기반으로 더 '뾰족한' 포트폴리오를 만들 수 있는 다른 실무적인 경험(예: 사이드 프로젝트, 역기획, 프리랜서 플랫폼 활용 등)이 있다면 추천해 주시면 감사하겠습니다.


너무 많은 선택지 앞에서 중심을 잡기 위해 멘토님의 현실적인 피드백이 간절합니다. 긴 글 읽어주셔서 감사드리며, 멘토님의 고견 기다리겠습니다!
","현직자의 시선에서 조금은 냉정하지만 실질적인 도움이 될 이야기를 전해드릴게요.


부트캠프와 대외활동: '경험'보다 '결과물'의 가치
부트캠프는 과거엔 희소한 경험이었지만, 지금은 유의미한 지원자 대다수가 거쳐 가는 흔한 스펙이 되었습니다. 이제는 참여 여부 자체가 아니라 그 안에서 어떤 결과물을 도출했느냐가 핵심입니다. 서비스 기획자로 취업한 100명은 저마다 100가지 다른 스펙을 가지고 있습니다. 합격자들의 공통점은 남들이 다 하는 활동을 단순히 따라 하는 것이 아니라, 본인의 관심사와 강점을 살려 '내가 왜 이 회사의 기획자가 되어야 하는가'를 설득력 있고 독창적인 스토리로 증명해냈다는 점입니다.


서비스 기획의 본질: 나를 '제품화'하여 팔아보는 경험
서비스 기획의 본질은 더 나은 가치를 제안하여 선택받는 것입니다. 비슷한 기능의 어떤 특정앱이 유독 한국 시장에서 선택받은 이유는 쉽게 말해 더 '잘났기' 때문이죠. 이처럼 자기 자신을 매력적인 제품으로 만들어 시장(기업)에 팔아본 사람이 회사에 들어와서도 기성 서비스를 잘 개선할 수 있습니다.


단순히 스펙 위주의 활동을 좇는 지원자들의 경험은 천편일률적입니다. 현업에서는 실무에 바로 투입해도 될 사람을 원하는데, 정작 지원하는 회사나 팀과 관련된 고민의 흔적이 없는 결과물은 탈락하기 쉽습니다. 


지금 멘티님은 만들고 싶은 서비스나 흥미 있는 도메인이 확실히 있으신가요? 혹은 남들은 잘 쓰지만 본인만 느끼는 Pain Point가 있나요? 이 질문에 답할 수 있는 사람들은 개발자를 찾아 나서거나 앱스토어에 직접 서비스를 올릴 궁리를 하며 남들과 다른 고민을 시작합니다.





추천 전략: 타겟 기업에 맞춘 'Domain-Fit' 경험 쌓기
스펙의 가짓수를 채우기보다 해당 회사의 현직자가 보기에 '이 사람이다' 싶을 만큼 도메인에 적합한 경험을 만드는 데 주력하세요. 만약 특정 기업(예: 당근마켓)에 지원한다면 다음과 같은 깊이 있는 분석이 필요합니다.


-서비스 측면: 모든 페이지를 둘러보며 제공 기능과 UX 형상을 완벽히 파악합니다.
-사업성 측면: 유저 수, 매출 지표 및 주요 수익원 등 사업 지표를 분석합니다.
-로드맵 파악: 향후 비전을 파악하기 위해 링크드인 등을 통해 현직자에게 커피챗을 요청해 보세요.
-개선안 도출: 시장 트렌드(AI 연계 등)와 경쟁 서비스 벤치마킹을 바탕으로 실제 제안하고 싶은 기능을 구상해 봅니다.


공고가 뜬 시점부터 그간의 경험을 해당 기업에 맞게 재편하고, 위와 같은 고민의 결과를 추가하여 스토리를 다시 짜야 합니다. ""나는 이러저러한 노력으로 기획 역량을 쌓았고, 특히 당신 회사를 위해 이런 고민까지 해봤다""는 진심이 전해진다면, 면접관은 반드시 멘티님과 대화해보고 싶어 할 것입니다.


결국 서비스나 도메인을 익히기 위한 자기 주도적인 활동이 우선되어야 합니다. 여행 앱 20개를 써보며 UX를 분석해 숙박 플랫폼에 취업한 사례처럼, 멘티님만의 '뾰족한' 전문성을 보여줄 수 있는 도메인을 먼저 정해보는 건 어떨까요?",
84,"IT 개발, 데이터","프로그래머 포트폴리오, 프로젝트 적정 개수는?",IT30-4,"선배님, 안녕하세요. 유니티 기반 클라이언트 프로그래머를 꿈꾸며 취업을 준비 중인 취준생입니다. 현재 포트폴리오를 준비하고 있지만, 직군별로 기준이 상이하고 정보의 신뢰도가 낮아 방향성을 설정하는 데 어려움을 겪고 있습니다. 실무자의 시선에서 포트폴리오 구성과 취업 전략에 대해 명쾌한 답변을 듣고 싶어 질문을 정리해 보았습니다.
1. 포트폴리오에 담을 프로젝트의 적정 개수는 어느 정도인가요? 학교에서는 무조건 양이 많아야 한다고 조언하지만, 실제 현장에서는 개수보다 중요한 요약 정리 기준이 따로 있는지 궁금합니다. 굵직한 프로젝트 몇 개에 집중하는 것이 좋을까요?



2. 미완성되거나 중도 하차한 프로젝트도 포함해도 괜찮을까요? 결과물이 완벽하지 않더라도 그 과정에서의 기술적 고민이 담겨 있다면 포트폴리오로서 가치가 있을지 여쭤보고 싶습니다.



3. 기술 정리 노트나 알고리즘 풀이 기록도 도움이 될까요? 프로젝트 외에 자료구조, 네트워크, 엔진 라이브러리 분석이나 깃(Git) 활용법, 백준/프로그래머스 오답 노트 등을 포트폴리오에 포함하는 것이 가산점이 될지 궁금합니다.



4. 클라이언트 프로그래머 포트폴리오에서 '나쁜 사례'는 무엇인가요? 포트폴리오의 궁극적인 목적과 더불어, 반드시 다루어야 할 핵심 요점과 절대 하지 말아야 할 주의사항이 있다면 알고 싶습니다.



감사합니다. 선배님.","1. 포트폴리오 프로젝트의 개수보다 중요한 '어필 포인트'
포트폴리오에 담는 프로젝트 개수는 결코 중요하지 않습니다. 지원자가 세 자릿수 이상인 경우, 검토자는 본연의 업무와 병행해야 하기에 모든 포트폴리오를 정성껏 살펴볼 물리적 시간이 부족합니다.


단순히 많이 나열하면 '여러 가지를 해봤구나' 하고 넘어가겠지만, 개수를 줄이고 특정 작업에 집중한다면 '이런 것을 잘하는구나'라는 인상을 남길 수 있습니다. 본인의 강점이 다양한 경험인지, 아니면 특정 스킬의 전문성인지를 명확히 정하고 그에 맞춰 구성하세요.


2. 미완성·중도 이탈 프로젝트의 반영 기준
정답은 없지만, 자신의 어필 포인트를 어디로 가져가는지에 따라 결정하세요. 중도 이탈했더라도 그 과정에서 마주한 문제와 해결하려 했던 노력, 그로 인해 배운 점이 본인의 강점을 증명한다면 반영하는 것이 좋습니다. 하지만 부정적인 인상을 줄 가능성이 더 크다고 판단된다면 과감히 제외하는 것이 전략적입니다.





3. 부가 자료 구성: 선택과 집중의 원칙
1번에서 말씀드린 것처럼, 많이 제출한다고 해서 모두 확인하지는 않습니다. 프로젝트 이외의 활동(정리 노트, 알고리즘 풀이 등)이 자신을 PR 하는 데 결정적이라면 넣으시되, 누구나 하는 평범한 수준이라면 굳이 포함하지 마세요. 오히려 핵심 프로젝트에 대한 집중도만 떨어뜨릴 수 있습니다.


4. 클라이언트 프로그래머 포트폴리오의 핵심 전략
위 질문들을 보면 본인의 차별점이 무엇인지에 대한 판단 없이 주변의 충고에만 의존하고 계신 것 같습니다.


-탈(脫) 단순 코더: AI 시대에 단순한 코더는 매력이 없습니다. AI 코딩보다 본인이 나은 점이 무엇인지 고민하고 이를 프로젝트로 증명해야 합니다.
-10초 안에 승부하기: 검토자는 수십 개의 포트폴리오를 빠르게 훑어봅니다. 나열식 구성은 10초 안에 탈락 폴더로 이동할 수 있습니다. 우선 강렬하게 자신의 쓸모를 알린 후, 보조적인 프로젝트를 덧붙이세요.
-협업 역량의 시각화: 클라이언트 프로그래머는 협업이 필수입니다. 본인이 담당한 파트, 타인의 코드에 맞추는 능력, 커뮤니케이션 갈등 해결 과정 등을 구체적으로 포함하세요.


5. 동시 지원과 합격 후 입사 포기에 대한 우려
동시 지원은 매우 효율적이고 일반적인 방식입니다. 복수 합격 시 한 곳을 선택하는 것 역시 당연한 일이며, 이로 인해 업계 블랙리스트가 될 일은 거의 없으니 안심하세요. 해당 기업 내부 시스템에 기록이 남을 수는 있지만, 대개 6개월 정도 지나면 지워지므로 걱정하지 않으셔도 됩니다.


6. 재지원 시 고려해야 할 기간과 실력 향상
한번 탈락한 기록이 남는 기업의 경우, 단기간 내 재지원은 자동 탈락될 가능성이 높습니다. 6개월 이내에는 드라마틱한 실력 향상이 없다고 판단하기 때문입니다. 오히려 재지원을 서두르면 자동 탈락 기간만 갱신하게 될 수 있으니, 최소 반년 이상 충분히 실력을 쌓은 후 재도전하시는 것을 권장합니다.


회사나 팀마다 포트폴리오를 보는 기준은 제각각입니다. 이 답은 '구인 공고' 안에 상세히 담겨 있습니다. 공고를 가볍게 넘기지 말고 자세히 분석하세요. 하나의 포트폴리오를 모든 기업에 뿌린다는 생각보다는, 공고에 맞춰 내용을 커스텀하거나 본인의 색깔과 맞는 회사를 찾는 노력이 병행되어야 합니다. 조금이나마 취업 준비에 도움이 되었기를 바라며, 멘티님의 앞날을 응원하겠습니다!",
83,"IT 개발, 데이터","데이터 엔지니어링 포트폴리오, 어떤 점을 개선하면 좋을까요?",IT30-3,"데이터 엔지니어링 직군으로의 도약을 준비하고 있는 취업 준비생입니다. 저의 기술적 기반과 프로젝트 경험이 실무 현장의 요구사항에 부합하는지, 그리고 전문성을 높이기 위한 전략적 선택지에 대해 현직자의 시각에서 진솔한 피드백을 얻고자 상담을 요청드립니다. 질문에 앞서 저의 역량을 파악하시는 데 도움이 될 수 있도록 포트폴리오를 함께 첨부해 드립니다.
첫째, 포트폴리오의 직무 적합성과 보완점에 대해 여쭙고 싶습니다.
포트폴리오 내에서 데이터 엔지니어링 직무와 직접적으로 맞닿아 있는 부분은 Spark와 Hadoop을 활용한 프로젝트가 핵심입니다. 다른 프로젝트들은 직무와 완전히 일치하지 않는 면이 있어, 서류 전형 단계에서 경쟁력을 확보하는 데 어려움이 있는 것은 아닌지 우려됩니다. 제가 보유한 기술 스택 중 어떤 부분을 강조하고, 부족한 부분은 구체적으로 어떻게 보완해야 데이터 엔지니어링 직무에 더욱 최적화된 포트폴리오를 구성할 수 있을까요?


둘째, 데이터 엔지니어링 직군에서 '석사 학위'가 갖는 실질적인 메리트가 궁금합니다.
학사 졸업 상태에서 구직 활동을 이어가고 있으나, 데이터 직군의 특성상 석사 이상의 학위가 기업의 수요나 처우 측면에서 결정적인 차이를 만드는지 궁금합니다. 실무 역량을 쌓는 것에 집중하여 조기에 경력을 시작하는 것이 유리할지, 아니면 대학원에 진학하여 학문적 깊이를 더하는 것이 장기적인 커리어 관점에서 더 높은 가치를 인정받을 수 있는 선택일지 멘토님의 고견을 듣고 싶습니다.


데이터 엔지니어로서의 첫걸음을 떼기 위해 어떤 준비가 가장 시급한지 멘토님의 날카로운 조언을 기다리겠습니다. 소중한 시간을 내어 긴 글 읽어주셔서 진심으로 감사드립니다.","데이터 엔지니어링의 본질이 드러나는 포트폴리오 구성
기업이 포트폴리오를 요구하는 가장 핵심적인 이유는 지원자가 보유한 경험이 조직의 문제를 해결하는 데 실질적인 도움이 될지 판단하기 위해서입니다. 데이터 엔지니어는 데이터의 공급처(원천)와 수요처(ML 모델러 등) 사이를 잇는 견고한 연결 통로를 구축하고 관리하는 역할을 수행합니다. 따라서 포트폴리오에서도 엔지니어링 기술과 경험이 얼마나 깊이 있게 녹아 있는지를 중점적으로 보게 됩니다.


지금껏 구성하신 내용을 검토했을 때, 엔지니어링에 대한 서술이 프로젝트의 일부분에 한정되어 있다는 인상을 받았습니다. 순수 엔지니어링 프로젝트라기보다는 ML 프로젝트를 수행하는 과정에서 부수적으로 기술이 적용된 느낌이 강해, 오히려 ML 직무 지망생의 포트폴리오처럼 보일 수 있습니다.


이를 보완하기 위해서는 ML 프로젝트 내에서 수행한 엔지니어링 과정을 훨씬 상세하게 분리하여 작성해야 합니다. 데이터 파이프라인이 구체적으로 어떻게 구성되었는지, 활용된 기술 스택은 무엇인지 명확히 드러나야 하네요. 특히 엔지니어링을 적용하며 겪었던 애로사항과 이를 극복한 해결 방안, 혹은 기술적 튜닝을 통해 성능을 개선했던 수치적인 경험이 포함된다면 훨씬 매력적인 포트폴리오가 될 것입니다.





엔지니어링 직무와 석사 학위의 상관관계
데이터 분야라 하더라도 엔지니어링 같은 기술 중심의 직무는 대학원 진학이 필수라고 말씀드리기 어렵습니다. 실무 상황을 해결하기 위해 필요한 경험과 지식은 학위 과정에서 얻는 것과 다소 차이가 있기 때문입니다. 학위가 취업에 결정적인 영향을 미친다고 보기도 힘든 편입니다.


연구 중심의 데이터 과학(Data Science) 분야는 학문적 깊이가 직무에 도움이 되지만, 엔지니어링은 실질적인 기술 구현 능력이 우선입니다. 따라서 단순히 취업을 목적으로 대학원을 선택하기보다는, 특정 분야에 대한 연구나 탐색의 필요성을 강하게 느낄 때 진학을 고려하시길 권장합니다.


신입 데이터 엔지니어를 위한 조언
냉정하게 시장을 바라보자면 데이터 엔지니어 신입 T.O는 생각보다 많지 않습니다. 업무 수행에 필요한 지식의 스펙트럼이 워낙 넓어 학부 과정만으로는 모두 소화하기 쉽지 않기에 보통은 경력자 위주의 채용이 이루어지곤 합니다.


그럼에도 불구하고 신입을 위한 문은 열려 있습니다. 그동안 쌓아온 경험과 노력을 엔지니어의 시각에서 다시 정교하게 정리하여 지원한다면 좋은 결과가 있을 것입니다. 다시 한번 답변이 늦어진 점 양해 부탁드리며, 따뜻해지는 봄 햇살만큼 하시는 일마다 기분 좋은 소식이 가득하기를 진심으로 응원하겠습니다.

",
82,"IT 개발, 데이터","데이터 분석 직무, 동아리 활동이 도움이 될까요?",IT30-2,"멘토님, 안녕하세요! 화학공학을 전공하고 있지만, AI와 데이터 분석의 매력에 빠져 향후 바이오/화학 업계의 데이터 분석 직무로 커리어를 쌓고 싶은 학생입니다.



단순히 스펙을 한 줄 추가하는 것을 넘어, 공모전 동아리를 통해 다양한 실전 데이터를 다루며 폭넓은 경험을 쌓고 싶습니다. 하지만 학업과 병행하기에 활동 강도가 높을까 봐 걱정되는 마음도 큽니다. 이에 대해 현직자이신 멘토님의 고견을 듣고 싶습니다.
Q: 화학공학 전공자의 데이터 분석 동아리 활동, 직무 전문성에 얼마나 도움이 될까요?
바이오/화학 업계의 데이터 직무는 도메인 지식만큼이나 툴 활용 능력이 중요하다고 알고 있습니다. 동아리에서 다루는 일반적인 데이터 분석 경험들이 실제 업계의 R&D나 생산 공정 데이터 분석 직무로 연결될 때, 어떤 지점에서 가장 큰 시너지를 낼 수 있을까요?","실무에 즉시 투입 가능한 '협업 DNA' 기르기
기업이 신입 사원을 채용할 때 가장 바라는 점은 별도의 재교육 없이 실무에 빠르게 적응하는 것입니다. 학생 신분으로는 접하기 어려운 대규모 프로젝트를 여러 팀원과 함께 수행하는 경험은 그 자체로 큰 자산이 됩니다. 특히 공모전이나 해커톤을 통한 팀 프로젝트 경험은 실제 현장에서 협업하고 소통하는 능력을 증명하는 아주 좋은 지표가 될 것입니다.





단순 구현을 넘어선 '논리적 기여도'의 중요성
오픈 소스와 생성형 AI가 발달한 지금, 단순히 특정 기능을 코드로 구현하는 것만으로는 차별화된 경쟁력을 갖추기 어렵습니다. 프로젝트에서 본인이 기여한 영역을 명확히 정의하고 강조해야 합니다. 남들이 다 쓰는 대중적인 방법론을 무비판적으로 수용하기보다, 원리를 정확히 이해하고 응용하는 자세가 필요합니다. ""왜 이 기술을 선택했는가?""라는 질문에 본인만의 명확한 논리로 답할 수 있을 때, 비로소 데이터 분석가로서의 진정한 역량이 드러납니다.


학업 병행의 가치: 미래 포트폴리오를 위한 투자
물론 학업과 병행하는 과정이 당장은 버겁고 힘들게 느껴질 수 있습니다. 하지만 장기적인 관점에서 본인의 포트폴리오를 구성하는 데 있어 공모전 동아리는 충분히 투자할 가치가 있는 활동입니다. 두려움보다는 설렘을 갖고 도전해 보시길 바랍니다.

",
81,"IT 개발, 데이터","데이터엔지니어의 포트폴리오, 저는 이렇게 생각합니다.",IT30-1,"데이터 엔지니어링 직군으로의 도약을 준비하고 있는 취준생입니다. 제 기술적 기반과 프로젝트 경험이 실무 현장의 요구사항에 부합하는지, 그리고 향후 전문성을 높이기 위한 전략적 선택지에 대해 현직자의 시각에서 진솔한 피드백을 얻고자 상담을 요청드립니다. 질문에 앞서 저의 역량을 파악하시는 데 도움이 될 수 있도록 포트폴리오를 함께 첨부해 드립니다.

첫째, 현재 포트폴리오의 직무 적합성과 보완점에 대해 여쭙고 싶습니다.

제 포트폴리오 내에서 데이터 엔지니어링 직무와 직접적으로 맞닿아 있는 부분은 Spark와 Hadoop을 활용한 프로젝트가 핵심입니다. 다른 프로젝트들은 직무와 완전히 일치하지 않는 면이 있어, 서류 전형 단계에서 경쟁력을 확보하는 데 어려움이 있는 것은 아닌지 우려됩니다. 제가 보유한 기술 스택 중 어떤 부분을 강조하고, 부족한 부분은 구체적으로 어떻게 보완해야 데이터 엔지니어링 직무에 더욱 최적화된 포트폴리오를 구성할 수 있을까요?



둘째, 데이터 엔지니어링 직군에서 '석사 학위'가 갖는 실질적인 메리트가 궁금합니다.

학사 졸업 상태에서 구직 활동을 이어가고 있으나, 데이터 직군의 특성상 석사 이상의 학위가 기업의 수요나 처우 측면에서 결정적인 차이를 만드는지 궁금합니다. 실무 역량을 쌓는 것에 집중하여 조기에 경력을 시작하는 것이 유리할지, 아니면 대학원에 진학하여 학문적 깊이를 더하는 것이 장기적인 커리어 관점에서 더 높은 가치를 인정받을 수 있는 선택일지 멘토님의 고견을 듣고 싶습니다.



데이터 엔지니어로서의 첫걸음을 떼기 위해 어떤 준비가 가장 시급한지 멘토님의 날카로운 조언을 기다리겠습니다. 소중한 시간을 내어 긴 글 읽어주셔서 진심으로 감사드립니다.","멘토 답변
험난하지만 그만큼 매력적인 데이터 엔지니어링 분야에 도전하기로 하신 멘티 님을 진심으로 환영합니다! 보내주신 포트폴리오를 꼼꼼히 살펴보고, 엔지니어링 조직의 관점에서 몇 가지 실무적인 조언을 드리고자 합니다. 제 의견은 하나의 참고 지표로 삼으시되, 멘티 님의 주관에 따라 전략적으로 보완해 나가시길 바랍니다.


데이터 엔지니어링의 본질이 드러나는 포트폴리오 구성
기업이 포트폴리오를 요구하는 가장 핵심적인 이유는 지원자가 가진 경험이 우리 조직의 문제를 해결하는 데 실질적인 도움이 될지 판단하기 위해서입니다. 데이터 엔지니어는 결국 데이터의 공급처와 수요처(ML 모델러 등) 사이를 잇는 견고한 파이프라인을 구축하고 관리하는 역할을 수행합니다.


멘티 님의 결과물을 검토했을 때, 데이터 엔지니어링에 대한 서술이 프로젝트의 일부분에 한정되어 있다는 인상을 받았습니다. 전반적으로 데이터 엔지니어링 자체를 목적으로 하기보다는, ML 프로젝트를 수행하는 과정에서 부수적으로 엔지니어링 기술이 적용된 느낌이 강합니다. 즉, 현재의 구성은 엔지니어보다는 ML 직무 지망생의 포트폴리오 성격이 짙게 나타나고 있습니다.


이를 보완하기 위해서는 ML 프로젝트의 일부였던 엔지니어링 과정을 훨씬 상세하게 분리하여 작성해야 합니다. 데이터 원천부터 최종 소비처까지의 파이프라인 구조는 어떠한지, 그때 활용된 구체적인 기술 스택은 무엇인지 명확히 드러나야 합니다. 특히 엔지니어링 과정에서 겪었던 기술적 애로사항과 이를 극복한 해결 방안, 혹은 튜닝을 통해 성능을 개선했던 수치적인 경험이 포함된다면 훨씬 매력적인 포트폴리오가 될 것입니다.





엔지니어링 직무와 석사 학위의 상관관계
데이터 분야라 하더라도 엔지니어링 같은 기술 중심의 직무는 대학원 진학이 필수라고 말씀드리기 어렵습니다. 연구 중심의 데이터 과학(Data Science) 분야는 학위 과정에서의 연구 경험이 직무와 직결되지만, 엔지니어링은 실무에서 기술력을 발휘해 문제를 해결하는 영역이기 때문입니다.


직무를 수행하기 위해 필요한 실무 지식의 스펙트럼이 학위 과정에서 배우는 내용과 차이가 있을 수 있습니다. 따라서 단순히 취업을 목적으로 대학원을 선택하기보다는, 특정 기술 분야를 깊이 있게 연구하고 탐색하고 싶은 갈증이 생겼을 때 진학을 고려하시길 권장합니다.


신입 데이터 엔지니어를 위한 조언
냉정하게 시장을 바라보자면 데이터 엔지니어 신입 T.O는 생각보다 많지 않은 편입니다. 업무 수행에 필요한 지식의 범위가 워낙 넓어 학부 과정만으로는 모두 소화하기 쉽지 않기 때문입니다. 이러한 이유로 기업에서는 보통 경력자 위주의 채용을 선호하는 경향이 있습니다.


그럼에도 불구하고 신입을 위한 문은 열려 있습니다. 지금까지 쌓아오신 소중한 경험과 노력을 엔지니어의 시각에서 다시 한번 정교하게 갈고닦아 지원하신다면 분명 멘티 님의 진가를 알아보는 곳을 만나실 겁니다. 따뜻해지는 봄 햇살만큼 멘티 님의 앞날에도 기분 좋은 소식들이 가득하기를 진심으로 응원하겠습니다. 더 궁금한 점이 생기면 언제든 추가로 질문 남겨주세요!

",
80,회계/재무/금융,"증권사 인턴 경험, 은행 취업에도 활용할 수 있을까요?",금융권30-30,"멘토님, 은행 IB를 희망하고 있는 취준생입니다. 우연치 않게 증권사 IB 부서에서 인턴을 할 수 있는 기회가 생겼는데요. 제가 알아본 바로는 인턴 생활을 하면서 기업어음이나 채권에 대한 배서 및 날인 업무를 한다고 들었습니다.

1. 우선 은행 IB를 지망함에 있어 해당 인턴 업무가 은행 IB와 결이 비슷할까요? 더불어 해당 경험을 은행을 지원할 때 활용한다면 어떤 부분을 어필할 수 있을까요?

2. 오히려 은행 IB 면접에서 증권사를 희망한 것이 아닌지 하는 질문을 들었을 때 어떤 답변이 좋을지 고민입니다.

도와주셔서 정말 감사합니다.","멘티님 증권사 IB 인턴 기회를 얻은 것을 환영합니다.

증권사의 규모가 어느 정도가 되는지 예상이 안되지만, 일반적으로 대형 증권사 IB나 은행 IB의 경우 Front, Middle, Back 오피스로 나뉩니다. Front의 경우 영업의 최전선으로 부서의 성과를 내는 부서라고 보시면 됩니다. Middle의 경우 Front가 가져오는 딜에서 계약서 검토 및 리스크 체크 등을 통하여 Front에서 놓칠 만한 부분을 한 번 더 체크해 주는 부서라고 보시면 됩니다. Back은 전산 기표, 업무지원 등 오퍼레이터의 역할을 합니다. 대부분의 증권사 인턴 업무는 Back의 업무를 하시는 것이라고 보면 됩니다.

증권사 IB처럼 은행 IB의 공통점을 살펴보면, 두 직무 모두 기업어음 관련 발행 업무를 합니다. 반면에 은행 IB에서는 채권을 직접 다루지 않고, 자본시장 관련 부서에서 채권 운용을 따로 하고는 합니다.

적합성은 설득이 기본입니다
적합성에 관한 질문을 자주 듣습니다. 이 부분은 꿰어 맞춰야 합니다. 저는 PM 회사에서 계약직으로 일했고요. 금융권 면접을 볼 때 이 회사에서 일한 것을 숨기지 않고 늘 어필했습니다. PM 회사 계약직을 통하여 회사 생활을 미리 경험했다는 걸 어필하였고, 아웃바운드 영업 시 상대방 고객을 만날 때 어떻게 관계 정립을 해야 되는지 알게 되었다고, 말씀드렸습니다.

어디서 일한지가 중요한 게 아니라 거기서 일한 부분이 은행 (또는 금융권)에서 어떻게 도움이 될지를 고민해 보시는 게 더 효율적이고 또 현실적인 전략이라고 생각해요. 저도 그렇게 해왔고요. 좋은 결과 있기를 기대합니다.",
79,회계/재무/금융,소지품을 활용한 PT 면접? 하지만 본질은 이것입니다.,금융권30-29,"지난번 답변에 힘입어 작년 12월에 지원했던 기업에 서류 전형과 인적성까지 합격해서 다음 주 수요일에 1차 면접을 앞두고 있습니다. 면접은 대학교 입시 면접 이후로는 처음 보는 거라 벌써부터 긴장이 됩니다.

안내 메일을 보니 '개인 pt 면접으로 본인의 도전정신과 개척정신을 표현할 수 있는 소지품을 들고 와서, 이를 통해서 본인을 표현하는 발표(시간 2분)'가 있던데요.

'자기소개서 작성할 때 도전과 관련해서 쓴 사례가 있어서 그 내용을 바탕으로 소지품을 챙겨가면 식상할 것 같아 다른 물건을 찾아보고 있는데 멘토님 생각은 어떠신가요?","오랜만이네요. 잘 지내셨죠? 먼저 면접 기회까지 얻으신 것에 대해 진심으로 축하드려요! '개인 PT'를 위해 소지품을 들고 오라는 특명을 받으셨군요! 강조할 점은 '도전', 그리고 '개척' 이렇게 2가지 테마이고요.

우선 면접 대상 기업의 origin, 업종, 문화 특성을 사전 조사하여 이해해야 합니다. 아시다시피 업종에 따라서 기업 문화가 천양지차입니다. 따라서 그 기업 문화에 맞게 정의되는 '도전'과 '개척'에 대한 느낌도 많이 다르겠죠? 예를 들어 A 건설 같은 건설업이라면 왕 회장님의 '도전정신'을 추억할 수도 있고, 혹은 애플 같은 IT기업이라면 스티브 잡스의 pioneer 정신을 강조할 수도 있겠죠?

지원하신 기업의 역사, 창업자에 대한 정보, 무엇으로 돈을 버는지, 기업 문화에 대해서도 싹 다 조사하심이 좋습니다. 다만 B라인드, J플래닛 같은 직원 별점, 평가 등은 참고만 하세요. 진실과 동떨어진 경우도 많고, 댓글 다는 분들은 대부분 이미 그 기업에 마음이 떠났거나 불만이 상당한 사람들일 경우가 많습니다. 만족하며 다니는 사람들은 댓글 달 마음도 없고 그런 걸 볼 시간도 없지요.

본질은 태도
소지품을 챙겨오라는 것은 하나의 이벤트에 불과하고요. 결국 PT에서 자신의 생각을 얼마나 조리 있게 말하느냐가 관건이라고 생각합니다. 최근에는 나이차 있는 상사와 부하직원 간의 소통을 강조하고 눈여겨보는 추세입니다. 신입 직원의 '소통 능력'을 보고자 PT를 하는 것으로 생각됩니다.

따라서 소지품은 부차적인 것이니 '너무 색다른', 혹은 '가점을 받을 만한' 소지품을 챙겨 가자는 욕심은 버리는 게 좋습니다. 그 시간에 차라리 생각을 조리 있게 정리하고 말하는 연습을 좀 더 하는 게 좋습니다. 거울을 보거나 셀프 촬영을 하면서 연습해 보세요! 많은 도움이 될 거예요!

건투를 빕니다. 좋은 소식 있으면 또 알려주세요. 항상 응원합니다. 감사합니다.",
78,회계/재무/금융,"은행 IB, 어떤 업무 또 어떤 역량?",금융권30-28,"멘토님. 은행의 IB 직무에 관심이 생겨 은행을 준비하고자 하는 취준생입니다! 은행 IB 업무는 상대적으로 증권사나 운용사에 비해 정보가 많이 없는 편인 것 같아 답답함을 느꼈었는데 잇다에서 좋은 기회로 멘토님을 알게 되어 조언을 구하고자 질문 남깁니다.

1. 은행 IB는 창구 업무와 달리 무슨 일을 주로 하나요?
2. 어떤 역량과 자격이 필요할까요? (cfa, 신용분석사와 같은 자격증이 있다면 자격이 주어지는 것일까요? 자격증 외에 갖춰야 할 기본 소양이나 지식, 역량이 있을까요?)
3. 또 창구 업무에 비해 실적이나 영업 압박은 없는 편인지 궁금합니다.

바쁘신 와중에 도움 주셔서 미리 감사하다는 말씀드립니다.","저번에 만나 뵈었던 멘티분이군요. 반갑습니다. 하나하나 말씀드리겠습니다.

은행 IB 창구 업무와 다른 점은?
크게 은행 IB는 투자금융, 인프라금융, 구조화 금융으로 나뉩니다. 투자금융에서는 M&A, 인수 금융 등의 업무를 다루고, 인프라 금융에서는 사회간접자본(SOC), 항만, 도로 건설 사업 등 을 다루며, 구조화 금융에서는 부동산 관련 개발 및 실물 자산 업무를 다룹니다.

일반적으로 지점에서는 개인고객(수신, 개인여신), 기업고객(수신, 기업 대출) VIP 고객, 외환 등을 다루는 것과의 차이가 있다고 보시면 될 것 같습니다.

IB 어떤 자격이나 역량이 필요할까요?
아무래도 큰 틀로 봤을 때는 향후 현금흐름 및 재무분석 등이 중요하기 때문에 CFA, 신용분석사 등 자격증이 있으면 취업에 있어서 도움이 될 것 같습니다. 또한, IB 업무에서는 제안서 작성 등도 필요하기 때문에 기본적인 PowerPoint 작성 능력이 있으면 좋고, 향후 현금흐름 분석도 필요하기 때문에 Excel를 다루면 업무에 있어서 큰 도움이 됩니다.

덧붙여 최근 트렌드가 글로벌 IB입니다. 대부분의 금융기관에서 해외시장 확대를 노리고 있기 때문에 영어를 준비하셔야 됩니다. 높은 토익점수는 필수이고, 영어면접도 있는 곳이 많아서 영어는 우선적으로 잘하셔야 됩니다.

실적 압박은 없나요?
영업조직이다 보니 당연히 실적을 내야 합니다. 은행의 지원 부서인 인사, 재무, 전략 등은 실적 및 영업 압박이 없지만, IB는 돈을 벌어와야 되는 곳이기 때문에 영업 네트워크를 넓히기 위해 부단한 노력을 해야 됩니다.

응원합니다.",
77,회계/재무/금융,"회계 업무, 가장 중요한 KPI는?",금융권30-27,"회계 직무로 취업을 희망하는 취업 준비생입니다. 무작정 준비를 하기보다는 회계 직무의 '업무 및 1년 프로세스, 커리어 순서, KPI' 등을 알고 그에 맞춰 공부하며 자소서 및 면접을 준비하고 싶어서 여러 루트에서 정보를 수집하던 중 잇다를 알게 됐습니다.

기업의 상장 여부, 자체 기장 여부, 규모, 산업, 업종에 따라 회계, 세무, 재무, 자금팀의 구분 및 업무 범위가 매우 다르다는 것을 알고 있습니다

제가 지원할 기업 기준은 1. K-IFRS 회계기준을 사용하며 자체 기장을 하는 상장사 2. 제조업입니다. 멘토님께서 이 두 가지에 모두 부합하는 회사에 근무하고 계셔서 질문을 드리게 되었습니다

1. 회계 업무 중 가장 어렵고 중요한 일은 무엇일까요?
2. 회계 직무는 왜 제조업이 커리어 상 유리한 측면이 있을까요?
3. 복식부기 가계부 작성 경험을 취업에 어필할 수 있을까요?

회계 커리어 패스 검색, 현직자 인터뷰 사이트, 현직자 소통 사이트, 채용 정보의 내용 참고, 각종 유튜브/블로그/카페 등 다양한 루트에서 정보를 모았지만, 자료가 잘 뜨지 않거나, 대부분 부분적인 내용으로만 구성되어서 자료 취합이 어려웠습니다.

답변 미리 감사드립니다.","안녕하세요. 바로 답변드리겠습니다.

회계 업무 난이도 및 커리어 순서
회계 업무 중 난도가 가장 높은 것은 역시 공시 관련한 업무가 될 것으로 생각됩니다. 나머지는 멘티님도 아시다시피 지출 유형별 계정처리, 결산, 세금 신고 등이 있겠죠. 특히 제조업의 경우 원가회계가 정말 중요하기 때문에, 이에 대한 이해도를 높이시는 것이 필요합니다.

회계 직무의 KPI
회계 직무의 KPI는 무결점 공시, 그리고 일정에 맞춰서 마무리하는 결산, 회계 처리 오류 줄이기, 현업 회계 이슈 응대 등이 있을 수 있겠습니다. 특히 무결점 공시는 가장 중요시해야 할 KPI라고 생각합니다. 실적 정정공시는 회사에 있어서 굉장히 치명적인 이슈입니다. 회계팀에서 이를 잘 해결해 줘야 합니다.

왜 제조업이 커리어 측면에서 좋을까요?
제조업은 다른 직종에 비해 다양한 분야에서 트랜잭션이 발생하고 이에 따라 회계 처리를 다룰 수 있는 범위도 크게 넓어집니다. 재고의 흐름에 따라 회계 처리가 발생하고 인건비, 제조경비를 매출원가로 대체하는 등 회계적으로 경험할 수 있는 범위가 넓기 때문에, 회계 업무를 하신다면 제조업에서 근무하는 걸 추천합니다.

또 사업부제 조직을 갖추고 있다면, 회계 처리를 통해 해당 사업부들의 실적을 집계하고 수익성 분석에까지 폭을 넓힐 수 있기 때문에, 많은 경험을 할 수 있습니다. 흔히 거인의 어깨 위에 올라가서 보라고 하는 말이 있는데, 제조업이 그에 걸맞은 일이라고 할 수 있겠습니다.

복식부기 가계부 작성으로 어필할 수 있을까?
냉정히 보면 복식부기는 최근 모든 회계 시스템에서 다 갖추고 있기 때문에, 시스템을 다루는 입장에서는 가계부 작성 경험이 크게 어필이 되지 않을 것 같습니다. 차라리 현금흐름표 작성 경험을 만드시는 것이 더 어필이 될 수 있지 않을까 합니다. 한번 복식부기 가계부를 작성하면서 현금흐름표 도출을 해낼 수 있었던 경험을 내세워 보시는 건 어떨까요?

좋은 성과가 있으시기를 바랍니다. 감사합니다.

질문의 내용이 많음에도 세세하게 답변해 주시고, 어떤 점이 맞고 틀린 지, 현직자의 입장에서 어떻게 보완하면 좋을지 등 다양하게 조언해 주셔서 여러 궁금증이 해소될 수 있었습니다! 마땅히 정보에 대한 판단을 내릴 방법을 찾기 어려워서 정말 힘들었는데 감사합니다.",
76,회계/재무/금융,"회계, 자금 업무 무엇이 다르고 또 무엇이 같은가요?",금융권30-26,"회계팀 입사를 목표로 취업을 준비하고 있습니다. 현직자를 만나게 될 기회가 적다 보니, 직무에 대한 심층적인 이해가 부족하다고 느껴, 자기소개서를 작성하는 게 너무 어렵습니다.

1. 멘토님. 기업마다 재무/회계팀 혹은 자금/회계팀으로 구성되어 있는 경우가 있는데, 어떤 차이가 있을까요?

2. 그리고 각각, 입사 초기에는 어떤 업무를 하는지 그리고 경력을 쌓아 5년 이상이 되면 어떤 업무를 수행하게 되는지 궁금합니다.","이렇게 문의하셔서 반갑고 감사합니다. 회계팀 입사를 목표로 하고 계시군요? 이력에 보니 공공기관 취업도 기재되어 있는데요. 정확히 일반 대기업, 상장기업, 사기업 등을 목표로 하시나요? 아니면 공기업이나 공공기관, 의료기관 등의 '공적 영역'의 취업을 우선 목표로 하시나요? 여쭤본 이유는, 조직이 존재하는 역할에 따라 공부해야 할 '회계 기준' 역시 다르기 때문입니다.

- 일반 대기업, 주식시장 상장기업 등: 국제회계기준(IFRS) 사용
- 중소기업, 벤처기업, 스타트업 등: 중소기업회계기준 또는 일반 기업회계기준 사용
- 공공기관, 의료기관 등: 정부회계, 비영리회계, 공공회계 등 특정 회계기준 사용

보통 큰 기업에 들어가고 싶어 하는 분들은 국제회계기준(IFRS) 중심으로 공부하시는데요. 병원 회계팀에서 근무하는 친구와 대화해 보면 그쪽에서는 별도의 회계 처리 기준이 있어 일반 대기업이 쓰는 기준과 상이한 것으로 보입니다. 참고하시고요.

그리고 두 가지 질문에 대해 바로 답을 드리면요.

자금, 회계팀 이런 차이가 있어요
기본적으로 기업의 경영관리 조직은 재무, 회계, 자금, 인사, 총무, IT Support 등으로 나뉠 수 있죠. 이 중 '돈'과 관련된 부서는 보통 '재무회계팀'과 '자금팀'으로 나뉩니다.

재무회계팀의 주요 목표는 '정확한 적시 결산'이고요. 이를 통해 재무제표를 만들어 내는 것이 목표입니다. 자금팀은 '철저한 자금 관리'이고요. 이를 통해 예산, 집행, 비용 관리 등을 목표로 합니다.

회계와 자금은 주특기가 좀 달라요. 회계는 아무래도 결산을 잘 해야 하니 회계기준을 잘 알고 있어야 하고요. 자금은 은행 관련 업무를 많이 다루다 보니 '금융' 관련된 지식을 주로 필요로 합니다. 회계와 자금 관련 자격증 책을 살펴보면 물어보는 내용들이 꽤 다른 것을 알 수 있습니다. 시간 되시면 한 번 자격증 책을 서점 가서 참고로 살펴보시면 좋아요.

회계 신입, 어떤 업무를 할까요?
업무는 입사 초기에서 3~4년 차 되기까지 변화를 겪는데요. 아무래도 연차가 쌓이다 보면 학습효과와 역량 등이 검증이 될 겁니다. 잘 해낼 경우 연봉이 오르고 더 책임감 있는 업무를 맡게 되겠죠?

회계팀 입사 초기는 특정 분야(예: 매출, 매입, 경비 등)의 전표 처리를 주로 맡깁니다. 이를 통해 회사의 주요 회계적 거래들이 어떤 식으로 발생되는지 깨닫게 되죠. 연차가 쌓이고 3년 차 이상 되면 아마 회계팀장 밑에서 결산 업무를 본격적으로 보조하게 될 겁니다.

큰 기업들은 결산에도 엄연한 절차가 있습니다. 그리고 그 절차는 선배들이 잘 정립해 둔 일종의 스킬이자 노하우입니다. 이 프로세스 상에서 중요한 한 분야를 맡게 되는 겁니다. 나중에 회사 전반의 거래를 모두 깨우치게 된다고 치면, 팀장의 기회를 얻게 될 수도 있고, 팀장이 된다면 결산 업무를 총괄하게 되죠. 임원들과 결산 기한, 재무제표 산출, 실적 분석, 공시 일정, 주총 및 이사회 스케줄, 주요 포인트 등을 소통하게 될 겁니다.

자금팀 입사 초기는 자금 입출납 관련해 기본적인 업무를 맡게 될 겁니다. 주로 사고가 나더라도 큰 risk가 발생하지 않는 그런 업무들이겠죠? 아직 신뢰가 쌓인 것이 아니니 조직은 신입사원을 크게 믿지 못할 테니까요. 은행을 상대로 한 기본적인 업무, 또는 일일 자금 보고에서 특정한 부분을 맡게 된다든지 주로 그런 기초적인 업무를 통해 우리 조직의 자금 흐름이 어떻게 되는지를 파악하게 될 겁니다.

그 이후 연차가 쌓이면 은행 상품 계약, OTP 관리, 내부 통제 관련 실무진 참여 등을 겪을 수 있습니다. 자금 업무의 중요한 부분들로 확장해 나가는 것이죠. 그리고 회계나 재무 쪽으로 순환 보직 또는 직무 이동의 기회가 생길 수도 있고요. 회계팀과 적극 소통하는 자금팀의 중요한 인재가 될 수도 있습니다. 모두 다 자기 하기 나름이겠죠?

질문 주신 것에 대해 조금이나마 도움이 되었기를 바랍니다. 회계나 자금 직무는 지식과 역량이 고루 갖춰져 있는 인재를 선호합니다. 지식은 당연히 회계 기준과 같은 자격증 관련 지식이겠고요. 역량은 그 일을 해낼 수 있는 그 사람의 그릇, 즉 직무적합성을 얘기합니다. 예를 들면 신뢰성, 성실성, 정직, 숫자에 밝은 눈, 데이터 해석 능력, 재무적 위험 알람 능력 및 소통 능력 등이 될 수 있겠네요.

더 궁금하신 사항은 언제든지 문의하세요. 감사합니다. 멘티님의 성공적인 취업을 응원합니다! 항상 긍정적으로 파이팅!

감사합니다. 알고 싶었던 내용을 잘 정리해서 이야기해 주셔서 큰 도움이 됐습니다. 정말 감사합니다!",
75,회계/재무/금융,"회계 직무, 현업에서 가장 중요한 업무와 취업 역량은",금융권30-25,"멘토님. 회계사 혹은 회계 직무를 꿈꾸고 있는 대학생입니다. 완전히 커리어 노선을 전하기 전에 현직자 멘토님께 여러 가지 여쭙고 싶어 이렇게 글을 남겨요. 혹 시간이 되시면 답변 주실 수 있을까요?

1. 회계사 혹은 회계 직무에 임하기 위해서 무엇을 준비해야 하나요? 취업 준비 시 미리 준비하면 좋을 것들이 무엇이 있을지 궁금합니다! 혹은 ”~한 것은 배우고 왔으면 좋을 것 같다“ 하는 부분이 있나요?

2. 회계 직무는 현업에서 어떤 업무를 중요시하나요?

3. 회계 직무에 인턴이나 학회, MBA, 대학원 등이 큰 도움이 되나요? (혹은 필수적인가요) 이러한 경험이 없어도 훌륭한 회계사가 될 수 있나요? 이러한 경험이 도움이 되는지, 혹은 cpa 등 자격증 시험에 전념하는 것이 더 실무에 도움이 되는지 궁금합니다!

4. 요즘 많은 직업이 AI로 대체되고 있는데, 회계사는 미래가 안정적인 직무라고 생각하시나요? 멘토님의 개인적인 견해가 궁금합니다. 회계 직무의 전망에 대해 어떻게 생각하시나요?","회계, 어떤 역량이 필요할까요?
당연하지만 회계 직무에 임하기 위해서는 기본적으로 회계에 대한 지식이 어느 정도 있어야 합니다. 특히 IFRS 기준서에 대한 이해는 필수입니다. 취업하고자 하는 업종에 따라 중점적으로 봐야 할 부분이 다를 테니, 어느 업종에 취업하고 싶으신지를 정하시고 그 분야를 집중적으로 공부해 보세요.

제조업이라면 원가회계, 재고자산 등의 분야를 잘 이해하고 계셔야 할 것이고, 무역업이라면 매출 인식 시점과 상품 회계 처리 관련 내용을 명확히 이해하셔야 할 것입니다. 제약업종 등 지식 정보가 많이 중요한 업종이라면 이에 대한 무형자산, 개발비 자산화 등을 이해하시는 것이 필요할 것이고, 금융업이라면 금융자산, 부채에 대한 지식이 필요합니다. 특정 분야에 필요한 지식들을 잘 습득해 주시기 바랍니다.

현업에서 가장 중요한 업무는?
가장 중요하게 할 일을 외부에 공시되는 공시자료를 작성하고 재무제표를 완성하는 일일 것입니다. 회계사는 이런 재무제표의 완정성을 검토하고 회사에 감사를 수행하여 재무제표가 적정하게 작성되었는지를 검토합니다. 회계직무는 이런 재무제표를 만들기 위해 시스템을 구축하고 결산을 통해 실적을 확정합니다. 그 외에도 회계직군은 의사결정자에게 적절한 회계 정보를 제공하기 위해 회계 자료를 생성하고, 현업의 회계 처리가 적절한지 여부를 검토, 점검합니다.

가장 핵심이 되는 자격이나 경험은?
사견이지만 CPA 자격증 취득이나 자격증 시험 경험 등이 있으면 실무에 많은 도움이 되리라 생각합니다. 단기간에 많은 회계지식을 쌓기 위해서는 CPA 공부만큼 도움이 되는 게 없다는 생각입니다. 인턴 경험도 좋지만 인턴에게 중요한 회계 업무를 맡기기에는 어렵기 때문에, 인턴보다는 다른 경험을 쌓는 것을 추천드립니다.

AI가 직무를 위협하지 않을까요?
AI가 많은 분야에서 활동하면서 업무 일자리를 줄이리라 예상하지만, 회계 업무의 경우는 AI가 해결하기 어려운 고차원적인 부분이 많기 때문에 AI의 도움을 받아서 회계 업무를 수행할 것으로 기대하고 있습니다. AI가 각 세계정별로 특이사항을 정리하면, 이 특이사항이 경상적인 것인지 비경상적인 것인지 검토하는 것은 회계부서에서 하거나 하는 식으로 상호 보완적인 업무를 수행하리라 기대됩니다.

감사합니다.",
74,회계/재무/금융,"회계, 자금 업무 무엇이 다르고 또 무엇이 같은가요?",금융권30-24,"회계팀 입사를 목표로 취업을 준비하고 있습니다. 현직자를 만나게 될 기회가 적다 보니, 직무에 대한 심층적인 이해가 부족하다고 느껴, 자기소개서를 작성하는 게 너무 어렵습니다.

1. 멘토님. 기업마다 재무/회계팀 혹은 자금/회계팀으로 구성되어 있는 경우가 있는데, 어떤 차이가 있을까요?

2. 그리고 각각, 입사 초기에는 어떤 업무를 하는지 그리고 경력을 쌓아 5년 이상이 되면 어떤 업무를 수행하게 되는지 궁금합니다.","이렇게 문의하셔서 반갑고 감사합니다. 회계팀 입사를 목표로 하고 계시군요? 이력에 보니 공공기관 취업도 기재되어 있는데요. 정확히 일반 대기업, 상장기업, 사기업 등을 목표로 하시나요? 아니면 공기업이나 공공기관, 의료기관 등의 '공적 영역'의 취업을 우선 목표로 하시나요? 여쭤본 이유는, 조직이 존재하는 역할에 따라 공부해야 할 '회계 기준' 역시 다르기 때문입니다.

- 일반 대기업, 주식시장 상장기업 등: 국제회계기준(IFRS) 사용
- 중소기업, 벤처기업, 스타트업 등: 중소기업회계기준 또는 일반 기업회계기준 사용
- 공공기관, 의료기관 등: 정부회계, 비영리회계, 공공회계 등 특정 회계기준 사용

보통 큰 기업에 들어가고 싶어 하는 분들은 국제회계기준(IFRS) 중심으로 공부하시는데요. 병원 회계팀에서 근무하는 친구와 대화해 보면 그쪽에서는 별도의 회계 처리 기준이 있어 일반 대기업이 쓰는 기준과 상이한 것으로 보입니다. 참고하시고요.

그리고 두 가지 질문에 대해 바로 답을 드리면요.

자금, 회계팀 이런 차이가 있어요
기본적으로 기업의 경영관리 조직은 재무, 회계, 자금, 인사, 총무, IT Support 등으로 나뉠 수 있죠. 이 중 '돈'과 관련된 부서는 보통 '재무회계팀'과 '자금팀'으로 나뉩니다.

재무회계팀의 주요 목표는 '정확한 적시 결산'이고요. 이를 통해 재무제표를 만들어 내는 것이 목표입니다. 자금팀은 '철저한 자금 관리'이고요. 이를 통해 예산, 집행, 비용 관리 등을 목표로 합니다.

회계와 자금은 주특기가 좀 달라요. 회계는 아무래도 결산을 잘 해야 하니 회계기준을 잘 알고 있어야 하고요. 자금은 은행 관련 업무를 많이 다루다 보니 '금융' 관련된 지식을 주로 필요로 합니다. 회계와 자금 관련 자격증 책을 살펴보면 물어보는 내용들이 꽤 다른 것을 알 수 있습니다. 시간 되시면 한 번 자격증 책을 서점 가서 참고로 살펴보시면 좋아요.

회계 신입, 어떤 업무를 할까요?
업무는 입사 초기에서 3~4년 차 되기까지 변화를 겪는데요. 아무래도 연차가 쌓이다 보면 학습효과와 역량 등이 검증이 될 겁니다. 잘 해낼 경우 연봉이 오르고 더 책임감 있는 업무를 맡게 되겠죠?

회계팀 입사 초기는 특정 분야(예: 매출, 매입, 경비 등)의 전표 처리를 주로 맡깁니다. 이를 통해 회사의 주요 회계적 거래들이 어떤 식으로 발생되는지 깨닫게 되죠. 연차가 쌓이고 3년 차 이상 되면 아마 회계팀장 밑에서 결산 업무를 본격적으로 보조하게 될 겁니다.

큰 기업들은 결산에도 엄연한 절차가 있습니다. 그리고 그 절차는 선배들이 잘 정립해 둔 일종의 스킬이자 노하우입니다. 이 프로세스 상에서 중요한 한 분야를 맡게 되는 겁니다. 나중에 회사 전반의 거래를 모두 깨우치게 된다고 치면, 팀장의 기회를 얻게 될 수도 있고, 팀장이 된다면 결산 업무를 총괄하게 되죠. 임원들과 결산 기한, 재무제표 산출, 실적 분석, 공시 일정, 주총 및 이사회 스케줄, 주요 포인트 등을 소통하게 될 겁니다.

자금팀 입사 초기는 자금 입출납 관련해 기본적인 업무를 맡게 될 겁니다. 주로 사고가 나더라도 큰 risk가 발생하지 않는 그런 업무들이겠죠? 아직 신뢰가 쌓인 것이 아니니 조직은 신입사원을 크게 믿지 못할 테니까요. 은행을 상대로 한 기본적인 업무, 또는 일일 자금 보고에서 특정한 부분을 맡게 된다든지 주로 그런 기초적인 업무를 통해 우리 조직의 자금 흐름이 어떻게 되는지를 파악하게 될 겁니다.

그 이후 연차가 쌓이면 은행 상품 계약, OTP 관리, 내부 통제 관련 실무진 참여 등을 겪을 수 있습니다. 자금 업무의 중요한 부분들로 확장해 나가는 것이죠. 그리고 회계나 재무 쪽으로 순환 보직 또는 직무 이동의 기회가 생길 수도 있고요. 회계팀과 적극 소통하는 자금팀의 중요한 인재가 될 수도 있습니다. 모두 다 자기 하기 나름이겠죠?

질문 주신 것에 대해 조금이나마 도움이 되었기를 바랍니다. 회계나 자금 직무는 지식과 역량이 고루 갖춰져 있는 인재를 선호합니다. 지식은 당연히 회계 기준과 같은 자격증 관련 지식이겠고요. 역량은 그 일을 해낼 수 있는 그 사람의 그릇, 즉 직무적합성을 얘기합니다. 예를 들면 신뢰성, 성실성, 정직, 숫자에 밝은 눈, 데이터 해석 능력, 재무적 위험 알람 능력 및 소통 능력 등이 될 수 있겠네요.

더 궁금하신 사항은 언제든지 문의하세요. 감사합니다. 멘티님의 성공적인 취업을 응원합니다! 항상 긍정적으로 파이팅!

감사합니다. 알고 싶었던 내용을 잘 정리해서 이야기해 주셔서 큰 도움이 됐습니다. 정말 감사합니다!",
73,회계/재무/금융,"회계 직무, 현업에서 가장 중요한 업무와 취업 역량은?",금융권30-23,"멘토님. 회계사 혹은 회계 직무를 꿈꾸고 있는 대학생입니다. 완전히 커리어 노선을 전하기 전에 현직자 멘토님께 여러 가지 여쭙고 싶어 이렇게 글을 남겨요. 혹 시간이 되시면 답변 주실 수 있을까요?

1. 회계사 혹은 회계 직무에 임하기 위해서 무엇을 준비해야 하나요? 취업 준비 시 미리 준비하면 좋을 것들이 무엇이 있을지 궁금합니다! 혹은 ”~한 것은 배우고 왔으면 좋을 것 같다“ 하는 부분이 있나요?

2. 회계 직무는 현업에서 어떤 업무를 중요시하나요?

3. 회계 직무에 인턴이나 학회, MBA, 대학원 등이 큰 도움이 되나요? (혹은 필수적인가요) 이러한 경험이 없어도 훌륭한 회계사가 될 수 있나요? 이러한 경험이 도움이 되는지, 혹은 cpa 등 자격증 시험에 전념하는 것이 더 실무에 도움이 되는지 궁금합니다!

4. 요즘 많은 직업이 AI로 대체되고 있는데, 회계사는 미래가 안정적인 직무라고 생각하시나요? 멘토님의 개인적인 견해가 궁금합니다. 회계 직무의 전망에 대해 어떻게 생각하시나요?","회계, 어떤 역량이 필요할까요?
당연하지만 회계 직무에 임하기 위해서는 기본적으로 회계에 대한 지식이 어느 정도 있어야 합니다. 특히 IFRS 기준서에 대한 이해는 필수입니다. 취업하고자 하는 업종에 따라 중점적으로 봐야 할 부분이 다를 테니, 어느 업종에 취업하고 싶으신지를 정하시고 그 분야를 집중적으로 공부해 보세요.

제조업이라면 원가회계, 재고자산 등의 분야를 잘 이해하고 계셔야 할 것이고, 무역업이라면 매출 인식 시점과 상품 회계 처리 관련 내용을 명확히 이해하셔야 할 것입니다. 제약업종 등 지식 정보가 많이 중요한 업종이라면 이에 대한 무형자산, 개발비 자산화 등을 이해하시는 것이 필요할 것이고, 금융업이라면 금융자산, 부채에 대한 지식이 필요합니다. 특정 분야에 필요한 지식들을 잘 습득해 주시기 바랍니다.

현업에서 가장 중요한 업무는?
가장 중요하게 할 일을 외부에 공시되는 공시자료를 작성하고 재무제표를 완성하는 일일 것입니다. 회계사는 이런 재무제표의 완정성을 검토하고 회사에 감사를 수행하여 재무제표가 적정하게 작성되었는지를 검토합니다. 회계직무는 이런 재무제표를 만들기 위해 시스템을 구축하고 결산을 통해 실적을 확정합니다. 그 외에도 회계직군은 의사결정자에게 적절한 회계 정보를 제공하기 위해 회계 자료를 생성하고, 현업의 회계 처리가 적절한지 여부를 검토, 점검합니다.

가장 핵심이 되는 자격이나 경험은?
사견이지만 CPA 자격증 취득이나 자격증 시험 경험 등이 있으면 실무에 많은 도움이 되리라 생각합니다. 단기간에 많은 회계지식을 쌓기 위해서는 CPA 공부만큼 도움이 되는 게 없다는 생각입니다. 인턴 경험도 좋지만 인턴에게 중요한 회계 업무를 맡기기에는 어렵기 때문에, 인턴보다는 다른 경험을 쌓는 것을 추천드립니다.

AI가 직무를 위협하지 않을까요?
AI가 많은 분야에서 활동하면서 업무 일자리를 줄이리라 예상하지만, 회계 업무의 경우는 AI가 해결하기 어려운 고차원적인 부분이 많기 때문에 AI의 도움을 받아서 회계 업무를 수행할 것으로 기대하고 있습니다. AI가 각 세계정별로 특이사항을 정리하면, 이 특이사항이 경상적인 것인지 비경상적인 것인지 검토하는 것은 회계부서에서 하거나 하는 식으로 상호 보완적인 업무를 수행하리라 기대됩니다.",
72,회계/재무/금융,"비전공 회계 직무 지원, 어떻게 하면 매력적인 지원자가 될 수 있을까?",금융권30-22,"멘토님! 저번에 직무에 관련된 자세한 설명 덕분에 너무 도움 많이 받았습니다. 감사합니다.

저는 회계 비전공자에다가, 비상경계열 출신이어서 그런지 사실 서류에서도 탈락하고 있습니다. 최근에 전산회계 1급, tat2급, 전산세무 2급까지 취득했기 때문에 규모가 작은 회사에는 지원해 볼 수 있겠다고 생각했는데, 아무래도 심지어 직무경험까지 없다 보니 서류 전형에서도 너무 불리한 상황인 것 같습니다.

아무래도 회계 직무를 직접 경험해 본 사람들보다는 경쟁력이 뒤처지는 것 같아서 너무 힘드네요. 공무원 시험 준비 기간이 길어진 것도 걱정이고요.

멘토님께서 인사담당자라면, 저같이 약점이 많은 사람이 어떤 역량과 경험을 드러냈을 때 긍정적인 인상을 갖게 될지 궁금합니다.","고민이 많으시군요! 힘든 시기일 수 있어요. 하지만 이 시기도 다 지나갈 거예요. 지나가면 ""그때 내가 힘들었었지"" 하며 추억할 수 있는 시간이 될 겁니다. 힘내세요!

멘티님은 '신입'으로 지원하실 텐데요. 지원하신 회사의 인사담당자 입장에서는 신입 이력서를 볼 때 주로 보는 게 있습니다.

- 전공 과목, 학점, 자격증, 기타 background 등

인사담당자의 주요 초점은 ""멘티님을 뽑았을 때 회사와 핏(fit)이 잘 맞고 상사와 불화 없이 일 잘하며 빠르게 학습하여 성과를 낼 수 있느냐""입니다. 멘티님의 약점은 학점, 회계와 무관한 전공 등이 될 수 있는데요. 반대로 강점은 자격증, 회계 분야를 원하는 열망 등이 될 수 있겠네요.

일단 서류 전형을 통과하기 위해선 '강점'을 살려야 합니다. 인사담당자 입장에서는 수백 건, 수천 건의 지원자 이력서를 검토하겠죠? 매우 피로합니다. 따라서 인사담당자를 확 잡아끄는 '무언가'가 이력서에 들어 있어야 합니다. 마치 K-POP에서 멜로디를 나도 모르게 흥얼거리게 만드는 후크송처럼 말이죠.

이력서, 이렇게 고쳐보면 어떨까요?
첫째, 공무원 수험 생활을 강점으로 녹인다. (*이게 제일 중요합니다) 무슨 말이냐면, 공무원 수험생활을 하면서 느낀 게 뭐죠? 그리고 학습한 지식이 뭐죠? 키워드 중심으로 써 보는 겁니다. 그리고 떠올린 키워드들 중에서 '회계', '직장', '태도', '기업', '조직' 등과 연관 지을 수 있는 것들을 골라 이력서에 녹여보는 거예요. (*흔히들 수험 생활을 이력서에 빼는데요. 연관 없을까 봐요. 그럼 그 기간이 공백으로 남게 되죠. 저는 이 점이 참 안타까워요. 충분히 관련지어 장점으로 승화시켜 쓸 수 있어요.)

둘째, 회계 직무 채용공고를 올린 기업들의 JD(Job Description) 내용을 잘 참고해 보세요. 보통 지원자의 이력/경력이 채용공고 JD의 70~80% 부합하면 면접에 부른 뒤 괜찮으면 뽑게 되거든요? 멘티님도 그러니까 가고 싶은 회사의 JD를 잘 보세요. 그리고 JD에 써 놓은 업무들에 필요한 '역량'이 무엇일까 곰곰이 생각해 보세요. 그리고 그걸 이력서에 꼭 녹여 보세요. 한층 더 지원 회사에 맞춰진 이력서로 다시 보이게 될 거예요.

셋째, 계속 자격증을 취업 준비 기간 및 취업 이후에도 딸 생각이 있으시다면, 굵직한 자격증도 고려해 보세요. 회계 관련해 임팩트가 있는 자격증들은 충분히 어필이 될 겁니다. 재경관리사, AICPA, 공인회계사/세무사 1차 합격, CFA, CMA 등은 알아주는 자격이죠. 꼭 따라는 얘기는 아닙니다. 참고해 보시고요.

회계 비전공자, 비상경계열 출신이라 서류에서 탈락하는 것 같다는 추정은 매우 일리 있는 추정일 수 있어요. 하지만 그 반대로 생각해 보면 잘못된 일반 파일 수도 있어요. 왜냐하면 제 경험상 회사 재경팀에서 일하는 분들 중 회계학을 전공했거나 경영학과를 나오신 분들보다 다른 전공/경력으로 사회생활 시작하다가 재경으로 오게 된 케이스들도 많았거든요.

즉 전공을 했느냐가 최초 진입 시 bar가 될 수는 있지만 100% 그렇지는 않다는 거예요. 따라서 멘티님에게도 충분히 기회가 있어요. 다만 운이에요. 핏이 맞는, 멘티님을 알아봐 주는 회사를 아직 만나지 못했을 뿐입니다. 인내를 갖고 긍정적 마인드로 꾸준히 지원하면 기회는 반드시 옵니다.

긍정적인 마인드를 가지세요! 날도 풀리고 있는데 운동도 겸사겸사하시면서 긍정적인 에너지 가지시고요. 회사 지원도 계속해 보세요. 단 이력서 복사+붙여넣기 하지 마시고 위에 말씀드린 것처럼 꼭 회사 JD 참고하셔서 핏이 맞아 보이는 인재로 보이도록 이력서/자기소개서를 잘 수정해 보세요.

경기가 좋지 않습니다. 2030 청년들 모두가 힘든 시기에요. 하지만 드러누워 있을 순 없잖아요? 저는 멘티님처럼 앞날에 대한 고민도 많고, 약간은 조급하고, 뭐라도 이것저것 해 보는 분들이 꼭 기회를 찾고 성공하리라 믿는 사람입니다. 가만히 있는 것보다는 부지런히 뭐라도 시도하는 사람들이 성공해야 그게 이치에 맞는 세상이니까요. 잘 되실 거예요. 너무 조바심 갖지 마시고, 제가 위에 말씀드린 내용들 꼭 한 번 시도해 보세요.

응원합니다! 파이팅!

신효섭 드림.
(*저는 네이버 프리미엄 콘텐츠 '시드머니 경제 아카데미' 채널, 그리고 유튜브 '플랜 바이비 경영 경제 인사이트 채널'에서 만나실 수 있어요. 방문하셔서 유익한 경영 경제 정보도 얻어 가세요.)

수험생활을 자소서에 녹여 낼 생각은 못 했네요. 이것 또한 저의 약점이라고 생각했어요. 멘토님 답변 덕분에 자신감 얻고 다시 또 지원할 힘이 생기네요!

귀한 시간 내어 답변해주셔서 정말 감사합니다.",
71,회계/재무/금융,은행 PB와 증권사 PB 어떤 차이가 있나요?,금융권30-21,"대학교를 이제 막 졸업하고 증권사와 은행의 PB 직무를 희망하고 있는 취준생입니다. PB 멘토를 찾기 정말 어려운데 오랜 경험을 가지신 멘토님을 잇다에서 뵙게 되어 너무 반갑습니다.

증권사 PB와 은행 PB의 차이가 궁금합니다.
- 증권사와 은행 PB가 서로 취급하는 상품이 다른 것인가요? 증권사는 개별 주식을 취급하고, 은행은 보험, 펀드, 예적금 상품만을 판매하나요?

- 제가 PB를 희망하는 중요한 이유는 금융 투자 전문가로 성장하고 싶기 때문인데요. 은행 PB는 이러한 측면과는 거리가 멀까요?

읽어주셔서 감사합니다.","안녕하세요. 바로 답변으로 들어가 볼게요.

PB는 무엇을 하는가?
PB 고객 20%가 금융사 실적의 80% 좌우합니다. 그 20%는 예컨대 수신고 5억 이상, PB 전용 점포는 50억 이상 등의 기준이 있지요. 프라이빗 뱅커는 말 그대로 고객의 집사가 되어 ‘자산 포트 관리', ‘금융상품 추천’, ‘세금’, ‘보험’ 등의 조언을 드리는 역할을 합니다.

PB 고객 20%가 금융사 실적의 80%를 좌우하다 보니 PB는 신입을 바로 뽑지 않고 다양한 업무 경험과 지식과 자격을 갖춘 인재를 금융사 내부에서 선발하는 편입니다. 아예 PB 제도 도입 초기에는 10여 년 경력의 과장, 차장급 직원 중에서 선정했지요. 그러니 요약하자면, PB가 되기 위해서는 은행이든, 증권사든 일단 어떻게든 금융사에 취업하는 것이 우선입니다.

은행과 증권사의 PB 차이는?
은행과 증권사 PB는 주식을 다루는 것 외에는 점점 차이가 없어지고 있습니다. 증권사도 펀드를 취급하고 있으니까요.

한편 이런 차이는 있습니다. 은행 고객은  증권사 고객보다 원금보존을 중시하는 경향이 있고, 반대로 증권사 고객은  위험선호도가 높은 편입니다. 더불어 증권 시장의 불확실성이 커서  맞춤형 서비스를  제공하는 증권사 PB에게도 높은 전문성이 요구됩니다. 요약하자면 PB는 모두 금융 전문성을 갖춰야 하지만,  공격적 직접 투자는  증권사,  보수적 간접 투자는 은행 쪽이라고 말씀드릴 수 있겠습니다.

이런 배경을 이해했다면, 나의 성향, 경험, 지식을 고려할 때 어느 금융사 고객의 니즈에 내가 적합한 인재가 될지 고민해 보세요. 금융 투자자는 큰 파도가 수시로 몰아치는 대양을 헤쳐나가는 선장과 같은 위치니 ‘금융지식’, ;경험’, ‘용기’가 모두 필요하며, 어느 쪽이 됐든 결정적으로 투자 업무를 일찍 경험하면 할수록 좋습니다.

한편 금융사 창구는 대면 상담이 감소하면서 점포 수 동반 감소 중에 있습니다. 금융사도 신입 직원보다 자격 갖춘 경력 직원을 선호하고 있지요. 기회가 적으면, 용기가 더 필요합니다. 한 가지 조언을 드리자면, 취업희망 회사 점포에 들러 상품 가 입을 해보고 직원과 많이 대화해 보세요. 의외로 여러 정보를 얻을 수 있을 거예요. 취업 응원하겠습니다.

상세한 설명 감사드립니다. 도움이 많이 될 것 같습니다. 다음에 궁금한 게 있으면 또 여쭙고 싶습니다.",
70,회계/재무/금융,"방산원가, 면접 준비 어떻게 해야 할까요?",금융권30-20,"안녕하세요. 멘토님. 방산원가 직무에 지원한 취준생입니다. 방산 원가 분야는 특수성이 있어, 면접 전에 현직자 멘토님께 몇 가지 질문드리고 싶어 잇다에 질문을 드려요.

1. 방산원가 직무에서 면접 준비를 위해 원가관리회계 파트의 어느 부분을 공부를 하면 무리가 없을지 궁금합니다.

2. 방산원가 직무의 1차 면접에서 어떤 전공지식 질의를 어떻게 받으셨는지 궁금합니다","방산원가는 흔치 않은 직무라 관심을 가지시게 된 이유도 궁금하네요. 아마 면접에 가게 된다면 면접관분들 께서도 해당 직무를 지원하게 된 이유를 물어보실 것 같은데, 이 부분은 평소에 생각해 보시기를 권해드립니다.

질문해주신 부분을 답변 드려 볼게요.

면접 준비 어떻게 해야 할까요?
방산원가는 대학교에서 배우는 일반적인 재무회계, 원가관리회계 전반적인 내용(예를 들어, 계정명이 익숙한지, 재료비 노무비 경비 직접비 간접비의 개념) 정도만 아시면 됩니다. 어차피 면접관들도 신입에게 방산원가 지식에 관해서는 기대를 하지 않기 때문에 배우려는 의지와 정말로 이 분야에 관심이 있는지가 더 중요할 것 같아요.

다만 관련 자격증을 말씀드리자면 국방원가관리사, 원가분석사 자격증이 직접적으로 방산원가와 관련된 자격증이라 해당 자격증을 취득하시면 유리 하실 거예요. 유명한 자격증도 아니라 해당 자격증이 있으면 방산원가에 대한 이해도 늘어날 뿐만 아니라 면접관은 정말로 이 분야에 관심이 있는 지원자라고 생각하실 거예요.

제가 방산원가 업무를 하면서 가장 중요하다고 생각하는 것은 3가지입니다.

1. 전문성 / 2. 의사소통 능력 / 3. 엑셀 숙련도

1,3번이야 업무를 하면서 자연스럽게 숙련이 되는 것이니, 만약에 입사를 하게 된다면 해당 부분을 어떻게 단련할 수 있을지 답변을 준비하시면 좋을 것 같네요.

2번은 많이 들어보셨죠? 너무 흔한 능력인데 회사에서 일을 하려면 가장 중요한 능력이기 때문에 이 부분을 가장 많이 고민하셔야 할 거예요. 방산원가 직무 자체가 전문성을 가지고 있다고 해서 정확하게 원가를 산정할 수 있는 게 아니라, 각 팀에게 원하는 자료를 받고, 그 자료를 이해하고, 정확한 이해를 바탕으로 집계를 해야 하거든요. 질문자분 본인만의 의사소통에 대한 정의가 무엇인지를 평소에 고민해 보시고, 일하는 것을 상상해가며 어떻게 대처할 것인지를 생각해 보시기를 권합니다.

개념 정리, 모르는 건 모른다고 밝히세요
저는 면접 때 ‘방산원가가 무엇인가?’라는 포괄적인 질문을 받았고 답변은 : 국가를 상대로 계약하여 법령에 따라 재료비 노무비 경비로 이루어진 원가를 계산하는 것으로 만 간략하게 알고 있다’라고 간단하게 답변드렸고, 나중에 합격 후 아는 척을 했으면 너 안 뽑았을 것이라는 이야기를 들었던 기억이 있어요.

일반적인 회계 세무 재정 등 다른 직무와는 다르게 방산원가 직무는 경력자가 아닌 이상에야 해당 부분 전문성을 가지고 있다고 생각하지 않기 때문에 구체적으로 전공지식을 물어보지 않습니다. 오히려 아는 척을 하면 모르면서 거짓말을 하는구나라고 생각할 거예요.

굳이 준비를 하실 거면 원가관리회계에서 원가 분류와 제조기업의 원가 흐름 / 관련원가계산 부분 정도를 알고 계시면 좋을 것 같아요. 충분한 답변이 됐으면 좋겠습니다. 더 궁금한 게 있으면 잇다에 글 남겨주세요.",
69,회계/재무/금융,재무제표와 현금흐름표 왜 중요할까요?,금융권30-19,"베스트 질문 답변 내용을 읽고 정리하며 멘토님께서 알려주신 답변 내용 중 궁금한 점이 생겨서 질문드립니다!

1)재무 직무에서 재무제표 분석을 통해 인사이트를 끌어내야 한다고 하셨는데, 재무제표 분석을 통해 인사이트를 제공한다는 것이 어떤 것을 의미하는 것일까요? 보통 어떤 것들을 인사이트로 볼 수 있을까요?

2) 더하여 현금흐름표 작성 경험이 재무회계 직무에 어필이 된다고 답변해 주셨는데 어떻게 재무 직무에 어필이 되는 것일까요?","안녕하세요. 바로 답변 드리겠습니다.

재무제표를 통해서 회사의 안정성, 수익성 등을 확인할 수 있습니다. 재무제표는 마치 성적표 같은 거라서 회사가 얼마나 돈을 잘 벌 수 있으며 배당을 얼마나 지불할 수 있을지에 대한 파악, 회사 경영진들이 궁금해할 수 있는 수익성이 얼마나 나오며 신사업들에 얼마만큼 투자할 수 있는지 등을 재무제표를 통해 확인하고 분석할 수 있습니다.

재무제표를 활용한 투자 분석방법은 굉장히 다양한데요. 이런 것들은 통해서 회사의 상황을 다방면으로 파악할 수 있기 때문에 필요하시다면 대학교 등에서 제공하고 있는 분석방법 등을 공부해 보시기를 추천드립니다.

더하여 현금흐름표는 현금 베이스로 회사를 바라볼 수 있는 좋은 방법 중 하나입니다. 회사가 손익계산서로 이익을 과다계상해도 정상적인 현금흐름표라면 회사가 얼마나 현금을 잘 가져왔는지를 선명하게 볼 수 있습니다. 또한 현금흐름표는 회사의 전체적인 상황을 객관적으로 바라볼 수 있는 좋은 재무제표이기 때문에, 이런 현금흐름표를 작성해 보는 건 좋은 경험이라고 할 수 있겠죠.

질문에 답변이 됐을까요? 궁금한 점 있으면 잇다를 통해 또 질문해 주세요.",
68,회계/재무/금융,"IB, 잇단 서류 탈락, 뭐가 문제였을까요?",금융권30-18,"24년 상반기부터 본격적인 취업 준비에 들어왔으나, 1차 서류 전형에서 대부분 떨어졌습니다. 아쉬운 학부, 학점이라 정량적으로 내세울 점이 없고, 서류에서도 매력적인 점이 보이지 않는 게 패착이었던 것 같습니다.

이에 자격증(CFA, US CPA), 어학성적 등의 정량적인 스펙 보완을 통한 서류 합격, 나아가 면접을 고려할 때, 어떤 점이 시급한 개선 포인트이며, 무엇을 더 개발하여 준비하면 좋을지 고견을 여쭈어보고 싶습니다.

현실적인 여건이 아쉽다는 것 인지하고 있습니다. 직설적인 말씀도 달갑게 받아들이겠습니다. 감사합니다.","질문 주신 사항에 대해 제가 아는 선에서 최대한 도움이 드리고자 답변드리니, 간단하게 참조만 부탁드려요.

우선, 나이 및 학번에 대해 기재되어 있지 않아 해당 부분부터 조금 확인이 필요할 것 같습니다. 금번 저희 회사(대형사 IB) 채용형 인턴십이 지금 진행 중인데, 대부분 남성분들이 특수한 경우를 제외하고는 97년생~99년생에 밀집되어 있습니다. 대부분 증권사가 나이를 중요시 여기고, 특히 IB의 경우에는 대학원을 다녀온 분들도 거의 없어 합격자 나이대가 비슷하게 형성되어 있습니다. 나이와 학번에 대해 정확한 정보가 없지만, 혹시 잦은 서류 탈락이 나이 때문일 수도 있을 것 같습니다!

두 번째로는, 직무관련 인턴 경험입니다. 매년 IB로 들어오는 인턴들을 보면 증권사, 컨설팅, 운용사에서 인턴을 1~2회씩은 경험한 경우가 많습니다. 작성해 주신 내용을 보니 현재 7월부터 B 증권에서 인턴 경험 중이신 듯한데, 해당 인턴 경험을 살리셔서 다음번에 지원하시면 조금 서류 합격률이 높아지지 않을까 생각합니다. 금융권 인턴 경험이 대부분이고, 비금융권 인턴 경험이 없는 친구들은 거의 없었던 것 같습니다.

마지막으로, 정량적인 요소(학부, 학점, 스펙)인데 해당 부분을 살펴보겠습니다. 학부를 보면, 주변에 멘티님 대학 출신 IB 선배, 후배들이 있어 크게 디메릿은 없을 것으로 보이나 대부분 증권사가 서류에 점수로 일부 반영하는 걸로 알고 있습니다. 또한, 학점도 점수로 반영한다고 들어서 학점도 조금은 아쉬운 편에 속하십니다. 투운사도 있으시고, 저는 CFA 2차까지 따고 들어왔긴 하지만 대부분 인턴들이 1차 or 없는 경우가 많아서 CFA가 크게 변별력이 있다고 생각하지는 않습니다.

결론적으로, 서류에서 크게 매력도를 못 느낀다면 인턴 경험을 하면서 자소서부터 많이 가다듬어, 여러 경험을 바탕으로 다시 써보는 게 가장 도움이 되지 않을까 싶습니다.

증권사 첫 인턴이신 만큼 해당 인턴 경험을 바탕으로 다시 한번 서류를 작성해 보시고, 하반기에 도전하신다면 더 좋은 결과가 있을 것 같습니다. 가볍게 제 의견을 작성해 보았는데, 개인의 의견이니 단순히 참조 부탁드리고 더 좋은 결과 있으시길 바라겠습니다! 더 궁금하신 내용이 있으시면 언제든 편하게 문의하세요. 감사합니다.",
67,회계/재무/금융,"지원동기와 입사 포부, 이렇게 접근 해보는 건 어떨까요?",금융권30-17,"금융 또는 재무회계 직종으로 취업을 준비 중인 취준생입니다. 전산세무와 재경관리사 같은 회계 자격증을 취득했습니다.

하반기에 있을 에너지 기업들에 지원서를 넣을 계획이지만, 지원 동기나 입사 포부를 작성하는 게 너무 어려워서 이렇게 글을 남겨요.

재무회계는 다른 직무와는 달리 기업 간의 차이가 별로 없고 반복적으로 이뤄지는 직무라 만약 왜 우리 기업이 입사할 생각인지 그리고 10년 후를 내다보는 커리어 계획은 무엇인지 물을 때 뭘 써야 할지 막막합니다.

영업이나 기획 직무라면 해당 기업의 산업, 상품 분석을 통해 이러이러한 일로 회사의 일에 공헌하고, 어떠한 인재로 성장하겠다는 식의 서술을 할 수 있겠지만, 에너지를 다루는 기업의 회계 직무로 지원할 땐 이를 설명할 땐 어떻게 해야 될지 모르겠네요. 혹시 좋은 방법이 있으시면 조언을 구하고 싶습니다.","멘티님! 재무회계 직무에 지원하시는 과정에서 지원 동기와 입사 포부를 어떻게 효과적으로 작성할 수 있을지 고민하고 계시군요. 제가 도움이 될 수 있기를 바라며, 몇 가지 팁을 드리려고 합니다.

<지원 동기>
기업에 대한 깊은 이해를 바탕으로 지원 동기를 잘 설명하는 게 중요해요. 에너지 기업들은 비전과 전략이 뚜렷하니까, 그에 맞춰 자신이 어떻게 기여할 수 있을지 구체적으로 적어보세요.

예컨대 기업 비전 및 전략을 적는다고 할게요. S사의 ‘지속 가능한 에너지 개발에 힘쓰고 있다’는 점에 공감하고 ‘지속 가능한 에너지 목표에 깊이 공감하며, 재무회계 직무를 통해 이 목표를 지원하고 싶습니다’라는 문장으로 시작해 보세요.

자격증과 인턴 경험을 어떻게 활용할 수 있을지 구체적으로 적어보는 것도 좋습니다. ‘전산세무와 재경관리사 자격증을 통해 얻은 지식과, A 기업에서의 인턴 경험을 바탕으로 정확한 재무 데이터 제공에 기여하고 싶습니다’라고 표현해 보세요.

<입사 포부>
입사 후, 자신의 역할과 기여 방안을 명확하게 설명하는 것이 중요해요. 특히 커뮤니케이션 스킬을 강조하면, 팀 내에서 어떻게 소통하고 협업할 수 있는지를 잘 보여줄 수 있습니다.

단기 목표: 입사 초기에는 회사의 재무 시스템에 빠르게 적응하고, 데이터의 정확성을 높이는 데 주력하겠습니다.""라고 서술해 보세요.

커뮤니케이션 스킬: 재무회계 직무는 단순히 숫자를 다루는 것만이 아니라, 직원들과의 효과적인 소통도 중요해요. ""복잡한 재무 정보를 이해하기 쉽게 전달하고, 다양한 부서와 원활히 소통하여 필요한 정보를 적시에 제공하겠습니다.""라는 점을 강조해 보세요.

장기 목표: ""장기적으로는 S사의 글로벌 시장 확장과 지속 가능한 에너지 목표를 지원하는 재무 전략을 주도하고, 글로벌 팀과 협업하여 재무 전략을 효과적으로 소통할 것입니다.""라고 구체적으로 계획을 세워보세요.

예시로 한번 작성해봤는데 한번 참고해 보세요. .

지원 동기
저는 S사의 지속 가능한 에너지 개발 비전에 깊이 공감하며, 재무회계 직무를 통해 이 목표에 기여하고자 합니다. 전산세무와 재경관리사 자격증을 통해 기본적인 재무 지식을 갖추었으며,A사에서의 인턴 경험을 통해 실무 능력을 쌓았습니다. 여러 경험을 바탕으로 재무 데이터의 정확성과 신뢰성이 기업의 성공에 얼마나 중요한 역할을 하는지 학습하고 연습할 수 있었습니다. 저는 S사에서 제 역량을 발휘하여 회사의 재무 목표 달성에 기여하고 싶습니다.

입사 포부
S사의 재무 시스템에 빠르게 적응하여 데이터의 정확성을 높이는 데 주력하겠습니다. 특히, 복잡한 재무 정보를 이해하기 쉽게 전달하고, 다양한 부서와 원활히 소통함으로써 효과적인 협업을 이끌어내겠습니다. 장기적으로는 S사의 글로벌 시장 확장과 지속 가능한 에너지 목표를 지원하는 재무 전략을 이해하고 주도적으로 참여하여, 회사의 목표 달성에 기여하며 재무회계 분야에서 계속 성장하고 발전하는 모습을 보여드리고 싶습니다.

이렇게 하면, 자신이 회사의 목표 달성에 어떻게 기여할 수 있을지 명확히 보여줄 수 있을 거예요. 멘티님의 경험과 능력을 잘 표현해서 좋은 기회를 얻으시길 응원합니다! 화이팅입니다!",
66,회계/재무/금융,"ESG 컨설턴트, 제 전망은 이렇습니다",금융권30-16,"멘토님. 타 멘티분들에게 답변 남겨주신 것을 보고 용기 내어 질문 남겨봅니다.

저는 ESG 컨설턴트로 커리어를 시작해 보려고 합니다. 경력이 조금은 중구난방이지만, 어릴 적 다양한 경험이 큰 자산이라 생각하여 이것저것 많이 도전한 탓에 커리어가 방향을 잃었습니다.

그러다 우연한 기회로 ESG 전문 중소형 부티크 펌에서 ESG 컨설턴트의 기회가 생겼는데요. 분야가 생소하고 주변에 조언을 구할 사람이 없어서 몇 가지 질문을 드립니다.

1. ESG 컨설턴트로 성장한다면 어떤 분야로 커리어 패스를 만들 수 있을까요?
2. 일반적인 경영전략 컨설팅과 ESG 컨설팅 구분이 명확할까요? (업무 스타일, 직무 간 이직, 급여 등)
3. 마지막으로 국내 ESG 컨설팅 분야의 전망에 대하여 어떻게 생각하시는지 여쭙고 싶습니다. (외국에 비해 파이가 많이 작고 아직까지도 국내 기업들이 ESG에 중요성에 대해 회의적인 태도라는 이야기를 얼핏 들었던 것 같아 여쭈어봅니다.)

바쁘신 와중에 시간 내어 답변 주셔서 미리 감사드립니다.","멘티님! 만나 뵙게 되어 반갑습니다.

저도 컨설팅은 회계법인에서 처음 시작한지라 부티크 컨설팅에서의 경험을 설명드리기는 어려우나, 저희 법인에도 부티크에서 오신 분들이 꽤 많습니다. 그분들을 보면 컨설팅에 대한 기본기가 탄탄하시다 보니 법인에서도 업무를 굉장히 잘하시더라고요. ESG 컨설팅 분야가 워낙에 광범위하다 보니, 관련하여 여러 프로젝트 접하시면서 본인만의 주무기를 만들어가실 수 있을 것 같습니다 (예를 들자면 지속 가능경영 보고서, 온실가스 감축, 탄소중립 전략 등)

제가 아는 선에서는 경영전략 컨설팅과 ESG 컨설팅은 아예 다른 분야입니다. ESG는 말 그대로 ESG 관련된 용역만 하는 것이고, 경영전략은 재무, M&A, 인사 등 더욱더 기업 전략적인 컨설팅을 하는 것으로 하고 있어요. 보수나 처우도 경영전략 쪽이 훨씬 좋은 것으로 알고 있습니다.

전망을 예측하기도 어렵습니다. 국제적으로 환경과 기후 부문의 규제가 늘어남에 따라 기업이 준수해야 하는 것들이 많아져 ESG 분야 자체는 전망이 있을 것으로 보이나, 현재 컨설팅 플레이어들이 규모를 막론하고 시장에 많이 포진되어 있고 용역 단가도 점점 낮아지고 있어 예전만큼 많은 수익이 창출되기는 어렵다고 들었습니다.

다만 실망하실 것만은 아니라고 보입니다. 멘티님이 갖고 계신 다양한 경험으로 ESG 컨설팅 역량을 계단 삼아 더 높은 커리어 점프를 할 수 있기를 응원하겠습니다.

상세한 답변 감사드립니다! 궁금했던 내용이 대부분 해결되었어요 멘토님도 항상 건강하시고 목표하신 일들 잘 이루어지길 바라겠습니다. 언젠가 업무로 마주치게 된다면 반갑게 인사드릴게요 감사합니다.",
65,회계/재무/금융,"회계 자소서, 이런 역량은 챙겨 보셨나요?",금융권30-15,"안녕하세요. 마지막 질문을 남기고 2달이 넘는 시간이 흘렀네요. 열심히 세무사 1차 시험공부를 하며 시간을 보내고 있습니다. 공부를 하며 최근에 기업에 서류 지원을 한 곳 했었는데 서류 전형에서 탈락했습니다.

왜 탈락했는지 몰라 의문이지만, 그보다 당장 있을 서류 제출에 신경 쓰고 있습니다. 자소서 질문은 '지원 직무 관련 자신이 갖춘 역량에 대해 구체적으로 기술하여 주십시오’인데요. 어떤 내용을 강조해서 잘 적어야 할지 조언을 듣고 싶어서 질문드리게 되었습니다!

회계 직무에서 갖추어야 할 역량으로 어떤 것을 강조하면 좋을지 와 작성 팁 알려주시면 감사하겠습니다.","열심히 미래를 준비하고 계시군요! 응원합니다. 회계 직무에서 효과적으로 어필할 수 있는 역량과 작성 팁을 공유해 볼게요.

핵심 역량 강조하기
1. 회계 기초 역량을 강조해야 합니다. 회계원리, 재무제표 작성 및 분석, 손익계산서 및 재무 상태 표 이해, 특히 계정과목별 회계 처리 이해는 기본 소양이므로 숙달된 지식과 경험을 강조하는 게 중요합니다. 자신이 가장 관심 있는 회계 이슈에 대해 언급하는 것도 나쁘지 않아 보여요.

2. 회계는 작은 오류가 큰 결과로 이어지죠. 따라서 숫자와 디테일에 관한 철저한 관리 역량을 드러내셔야 합니다. 이를 뒷받침할 실무 경험(예: 자료 검토에서의 정확성 유지 사례)을 소개하는 것도 좋아 보여요.

3. 분석 능력입니다. 숫자와 데이터에 친함을 드러내세요. 기업의 재무 상태나 트렌드를 파악하는 분석 역량이 중요합니다. 최근의 회계 관련 이슈(예: 카카오 모빌리티 매출총액 순액 인식 제재, 2024년부터 적용된 암호화폐 회계 처리 가이드라인, 트럼프 당선 이후 변하는 업종의 주요 기업 회계 처리 등)를 잘 인지해 보시고 그에 대한 인사이트를 소개하거나, 특정 프로젝트에서 데이터 분석을 통해 비용 절감이나 효율성을 높였던 경험이 있다면 구체적으로 써도 좋아요.

4. 업무 효율성입니다. 회계 자동화 프로그램(예: ERP, SAP) 경험, 엑셀 고급 기능 활용 능력, 또는 재무 관련 소프트웨어에 대한 숙련도 등을 강조하면 좋습니다. 효율적인 업무처리로 내가 속했던 조직에 기여한 사례를 덧붙이면 더 좋겠네요.

자소서 작성, 이렇게 해보세요
1. 구체적인 사례를 제시하며 설명하는 게 '읽는 사람' 입장에서 가장 효과적이고 좋아요. 과거 프로젝트나 과제에서 맡았던 역할, 수행한 업무 내용, 성취했던 성과 등을 수치나 상황을 통해 설명하면 좋아요. 예를 들어 '~~~ 프로젝트에서 데이터 분석을 통해 비용을 ~~% 절감했다'처럼 결과를 수치화하면 설득력이 높아집니다. 이러한 방법은 제가 공공기관 전략 컨설팅할 때도 공무원들을 설득하기 위해 잘 활용하는 것이기도 해요.

2. 자기 개선 노력을 보여주면 좋아요. 엄청난 삶의 성과가 아직 없는 건 20대에 누구나 마찬가지일 거예요. 따라서 학습한 최신 회계지식, 자격증 취득, 세미나 참여, 공모전 참여 등을 통해 계속 발전하고 있다는 모습과 이미지를 심어주는 게 좋아요. 면접 때 챗을 나눌 수 있는 소재로도 활용될 수 있죠.

3. 조직 적응력과 커뮤니케이션 스킬을 강조하는 거예요. 회계팀은 정말 여러 부서와 협업할 일이 많아요. 따라서 타 부서와 원활하게 소통하며 회계 데이터를 설명하거나 의견을 조율했던 경험을 추가해도 좋아요. 저는 첫 직장에서 두 번째 직장으로 옮길 때 '지금 계신 회사 내부 직원분들을 사내 고객으로 여기고 재경팀 대리급으로서 정말 성실하고 '잘' 커뮤니케이션할 수 있도록 노력하겠다'라고 강조했고 임원 어르신들(?)이 이를 좋게 보셨어요.

자꾸 쓰고 수정해 보고, 같이 준비하는 사람들과 나눠도 보고 첨삭도 받아보고 하시다 보면 한발씩 나아지는 내 이력서와 자소서를 볼 수 있을 거예요. 고민과 수정에 시간 투입을 해 보는 게 답입니다. 그러면서 나 자신에 대해서도 잘 알게 되는 깨달음을 얻을 거예요!

파이팅입니다.",
64,회계/재무/금융,"증권사 PB, 어떤 일을 어떤 사람들이 하나요?",금융권30-14,"증권사 취업을 희망하는 2학년입니다. 증권사 취업을 미리 준비하기 위해 인터넷 정보뿐만 아니라, 실제 근무하는 분과 대화를 나누고 싶어 이렇게 질문을 드려요. 질문 읽어주셔서 먼저 감사드립니다.

1.주요 담당 업무
멘토님이 맡고 계신 대표적인 업무 3가지는 무엇인가요 또 그 업무를 잘 수행하기 위해 필요한 역량, 소질, 기질이 궁금합니다.

2.PB가 되기 위한 필수 자격증이 있을까요?
학부생이 딸 수 있는 자격증이 있으면 지금부터 준비하려고 합니다.

3. 증권 업무에 성공하는 사람들의 특징과 실패 요인
증권업에서 성공하는 사람들에게는 어떤 공통점이 있나요? 반대로, 실패하는 주요 원인은 무엇인가요?

증권사 취업을 목표로 준비하고 있습니다. 조언해주시면 큰 도움이 될 것 같습니다.
 감사합니다. 😊","현재 저는 PB(프라이빗 뱅커)로 근무하고 있어요. PB의 기본적인 역할은 개인과 법인 고객들의 자산을 관리하는 것입니다.

개인 고객을 대상으로는 주식, 채권, 금융상품 등을 판매하며, 법인 고객을 대상으로는 자금 운용 및 조달 업무를 지원합니다. 법인의 자금 운용이란 유휴 자금을 자금 스케줄에 맞게 운용하고, 이에 적합한 금융상품을 제안하는 일을 의미합니다. 자금 조달의 경우 법인의 필요에 따라 유상증자, 전환사채, 회사채 발행 등의 업무를 지원하게 됩니다. 이러한 법인 관련 업무는 본사의 담당 부서와 협업하여 진행되며, 지점에서는 법인의 니즈를 발굴하고 본사와 연결하는 역할을 해요.

증권사 PB에게 필요한 역량
증권사 PB로서 가장 중요한 것은 주식과 금융상품에 대한 깊이 있는 이해입니다. 고객의 대부분이 주식 투자자이므로, 시장에 대한 분석 능력이 필수적입니다. 하지만 최근에는 주식 투자만으로는 리스크가 크기 때문에, 채권이나 ELS 같은 금융상품을 활용한 포트폴리오 설계 능력도 중요합니다.

이와 더불어 경제 및 산업 분석 능력이 필요합니다. 고객들에게 적절한 투자 상품을 제공하려면 거시 경제 흐름과 각 산업의 동향을 파악하는 것이 필수입니다. 또한, 고객과의 대화를 통해 투자 성향을 파악하고 맞춤형 포트폴리오를 설계해야 하므로 커뮤니케이션 스킬 역시 중요합니다.

증권업에서는 신기술 및 트렌드를 빠르게 파악하는 능력도 경쟁력을 좌우합니다. 주식 시장에서는 새로운 산업이 지속적으로 출현하기 때문에, 새로운 기술과 산업에 대한 이해와 분석이 필요합니다. 이와 더불어, 투자 활동은 세금과 연결되므로 기본적인 세법 지식도 갖추고 있으면 도움이 됩니다.

증권사 취업을 위한 준비
관련 전공이 있으면 도움이 되지만, 반드시 경영학이나 경제학을 전공할 필요는 없습니다. 저 역시 체육교육을 전공했지만 PB로 근무하고 있습니다. 오히려 금융업에 필요한 실무 역량과 자격증을 갖추는 것이 더 중요합니다.
PB로 일하기 위해 기본적으로 필요한 자격증으로는 증권투자권유자문인력, 펀드투자권유자문인력, 파생상품투자권유자문인력이 있으며, 이를 기본 3종 자격증이라고 합니다. 추가적으로 투자자산운용사나 AFPK(재무설계사) 자격증을 취득해 두면 금융업 취업에 유리할 수 있습니다.

증권업에서 성공하는 사람과 실패하는 사람의 차이
증권업에서 성공하기 위해서는 두 가지 요소가 필수적입니다.첫 번째는 영업력입니다. PB는 본질적으로 영업직입니다. 고객을 유치하고 금융상품을 제안해야 하며, 법인 고객을 유치하기 위해 외부 영업 활동도 적극적으로 해야 합니다.

두 번째는 리스크 관리 능력입니다. 주식 투자는 수익을 내는 것도 중요하지만, 손실을 최소화하는 것이 더 중요합니다. 욕심을 부려 무리한 투자를 하거나, 고객의 자산을 제대로 관리하지 못하면 결국 실패로 이어집니다. 반대로 증권업에서 실패하는 대표적인 사례는 영업력이 부족해 실적이 저조한 경우와 자신의 투자 자산을 제대로 관리하지 못한 경우입니다. 이 두 가지 요소가 부족하면 증권업에서 버티기 어렵습니다. 최대한 이해하기 쉽게 정리해 보았습니다. 추가로 궁금한 점이 있으면 언제든지 문의하세요. 응원합니다!",
63,회계/재무/금융,"이제 3학년, 재무 취업 어떻게 준비해야 할까요?",금융권30-13,"안녕하세요. 서울 소재 4년제 대학에서 경영학을 전공 중인 3학년입니다. 보유한 자격증은 전산회계 1급과 토익 800점이며, 아직 직무 관련 경험은 없습니다. 졸업까지 남은 2년 동안 어떤 직무 경험을 쌓아야 할지, 그리고 해당 직무에서 어떤 실무 역량이 필요한지 고민이 많아 글을 남깁니다.

이전에 휴학을 하고 전공과 무관한 일을 하다가, 이제야 본격적으로 경영 관련 직무를 목표로 하게 되었습니다. 하지만 전공 지식도 부족하고, 실무 경험도 전혀 없는 상태라 어디서부터 시작해야 할지 막막합니다. 전산회계 자격증을 취득하고 이를 활용한 아르바이트를 구하려 했지만, 쉽게 기회를 얻지 못하고 있습니다. 그래서 아예 CTA(세무회계자격증)를 준비할지 고민하고 있습니다.

이와 관련해 두 가지 질문을 드리고 싶어요.

1.앞으로 2년 동안 CTA 준비와 실무 역량 개발 중 어디에 집중하는 것이 더 좋을까요?
2.CTA를 취득하더라도 세무법인이 아닌 일반 기업에서 근무하고 싶습니다. 실무 경험이 없는 상태에서 CTA가 일반 기업 입사에 메리트가 될까요?
또한, 졸업 시점에는 나이가 서른이 가까워지는데 이것이 취업에 불리하게 작용할 가능성이 있는지도 궁금합니다. 현실적인 조언 부탁드립니다. 감사합니다!","안녕하세요, 문의 주셔서 감사합니다. 빠르게 답변드리겠습니다.

최근 취업 시장의 변화
현재 기업들은 ""경력 같은 신입""을 선호하는 경향이 강합니다. 특히 재경·세무 직군은 실무에 바로 투입할 수 있는 인재를 원하기 때문에 이런 흐름이 더욱 뚜렷합니다. 경기가 어려울수록 기업 분위기도 예전처럼 신입을 친절하게 가르쳐주는 환경이 아닐 가능성이 큽니다. 그렇기에 남은 대학 생활 동안 실무 역량을 갖출 수 있도록 철저히 준비하는 것이 중요합니다.

추천 커리어 로드맵
대학 3·4학년 동안 실무 역량을 키울 수 있는 방향으로 준비하는 것이 좋습니다. 첫 번째 방법은 회계사(CPA) 또는 세무사(CTA) 시험을 준비하는 것입니다. 1차 시험에 합격하는 것만으로도 기업 채용 시장에서 충분히 경쟁력을 가질 수 있고, 만약 최종 라이선스를 취득하면 취업 가능성이 훨씬 높아집니다.

두 번째 방법은 실무 역량을 키우면서 회계법인과 일반기업 취업을 동시에 준비하는 것입니다. 회계사 시험에서 높은 점수를 받으면 BIG4 회계법인(삼일·삼정·한영·안진)에 지원할 수 있는 기회가 열립니다. 일반기업을 목표로 한다면, 세무사 1차 시험 합격과 함께 AI·업무용 툴 활용 능력을 키우는 것이 좋습니다. 기업에서는 세무 전문가를 선호하는데, 특히 기업의 절세 이슈를 다룰 수 있는 역량이 강점이 됩니다.

추가 추천 사항
세무사·회계사 직업 관련 세미나나 컨퍼런스에 참여해보는 것도 도움이 됩니다. 현직 세무사·회계사와의 상담을 통해 직무에 대한 이해도를 높이고, 연말·연초 시즌에 세무법인 아르바이트를 통해 실무 경험을 쌓는 것도 추천드립니다.

마무리
CPA·CTA 라이선스는 여전히 취업 시장에서 강력한 경쟁력이 됩니다. 기본적인 지식과 실무 소양을 갖췄다는 객관적인 증명이 되기 때문입니다. 중요한 것은 빠르게 실행에 옮기는 것입니다. 멘티님의 좋은 결과를 응원합니다!",
62,회계/재무/금융,"회계 PT 면접, 미래 손익 분석 어떻게 해야할까요?",금융권30-12,"멘토님, 안녕하세요. 병원자재 관리 회계 직무 신입 PT 면접을 준비 중입니다. 입사를 간절히 희망하는 만큼 최선을 다해 준비하고 싶지만, 과제 수행이 막막하여 도움을 요청드립니다.

PT 과제 주제는 ""A사의 2024~2028년 추정 손익 분석""이며, 품목별 매출 및 영업이익 계획 자료를 PPT로 작성하여 발표해야 합니다. 손익보고서를 작성한 경험은 있지만, 미래 손익을 실무적으로 분석하고 계획하는 방법을 몰라 어려움을 느끼고 있습니다.

실무적인 접근 방식, 주요 분석 기법, 고려해야 할 요소 등에 대한 조언을 해주시면 정말 큰 도움이 될 것 같습니다.
 바쁘시겠지만, 짧은 인사이트라도 공유해주시면 감사하겠습니다! 🙏","미래 손익 분석 PT 준비 방향
취업 준비하시느라 고생 많으시네요. 기업에서도 미래 손익을 추정할 때는 보통 과거 실적과 시장 현황을 반영하여 목표를 설정하는 경우가 많습니다. 방향성을 잡는 데 도움이 될 만한 팁을 드리겠습니다.

먼저, DART에서 과거 5년간의 손익계산서를 분석해보세요. 매출, 원가, 매출이익, 영업이익이 어떤 식으로 변화했는지 확인하고, 특히 매출이 증가했다면 그 이유를 파악하는 것이 중요합니다. 관련 기사나 자료를 참고하면 기업이 현재 어떤 사업에 집중하고 있는지, 그리고 그 기조가 앞으로도 유지될 가능성이 있는지를 알 수 있습니다.

다음으로, 전년 실적과 목표, 그리고 3~5년 전 실적을 비교해보세요. 대기업에서는 보고서를 작성할 때 이런 방식으로 데이터를 분석하는 경우가 많습니다. 이러한 비교를 통해 CAGR(연평균 성장률)을 계산하면 보다 객관적인 분석이 가능합니다.

이제, 분석한 내용을 바탕으로 실질적인 솔루션을 제시하는 것이 중요합니다. 현재 시장 상황을 고려해 매출을 어떻게 향상시킬 수 있을지 전략을 세워보세요. 원가 절감이 가능한 요소를 찾아 개선 방안을 제시하는 것도 좋은 접근법입니다. 물론, 기업마다 제한이 있을 수 있지만, 분석을 논리적으로 전개하는 것 자체가 중요한 평가 요소가 될 것입니다.

이러한 과정으로 손익 분석을 정리하고, 추정 결과와 함께 현실적인 해결책까지 제시한다면 좋은 평가를 받을 수 있을 것입니다. 면접 준비에 도움이 되길 바라며, 좋은 결과 있으시길 응원합니다!",
61,회계/재무/금융,"취업은 급한데, 자신감은 없고, 미래가 불안해요",금융권30-11,"29세, 회계/세무/경리 경력은 없지만 이 직무로 취업을 준비하고 있는 취준생입니다.

이 분야를 선택한 이유는 제 성향과 잘 맞는다고 생각했기 때문이에요. 저는 꼼꼼한 편이고, 루틴한 업무에서 안정감을 느끼며, 정해진 기준에 맞춰 정확하게 일하는 걸 좋아합니다. 그래서 회계/세무가 저에게 잘 맞을 것 같아 전산회계 1급 자격증을 취득했고, 현재 전산세무 2급을 준비 중입니다. 공부해보니 생각보다 재미도 있고, 나름 할 만하다는 느낌이 들었어요.

하지만 솔직히 말해, 회계/세무에 대한 특별한 애정이 있거나 이 분야에서 최고 전문가가 되고 싶다는 목표가 있는 건 아니에요. 다만, 주어진 일을 책임감 있게 수행하면서 맡은 바를 정확하게 해내고 싶은 마음은 분명합니다.

그렇다 보니 지원동기를 작성할 때 고민이 많아요. 회계/세무에 대한 관심과 열정을 강조해야 할 것 같은데, 저에겐 그런 경험이 없어서 억지로 꾸며야 하나 고민이 됩니다. 입사 후 포부도 CFO 같은 거창한 목표를 적는 게 맞는지, 솔직한 이야기를 하는 게 맞는지 헷갈려서 여러 번 수정하고 있어요.

또 실무 경험이 없다 보니 이 길이 정말 저와 맞을지 불안한 마음도 듭니다. 취업 준비를 시작한 지 3개월이 되어가면서 막막한 기분이 들어 이렇게 글을 남깁니다. 읽어주셔서 감사합니다.","멘티님, 질문 주셔서 감사합니다.

저도 27세부터 30세까지 취업을 준비하고 첫 직장을 다니면서 멘티님과 비슷한 고민을 했던 기억이 납니다. 재무, 회계, 원가 업무를 그럭저럭 해내고 월급도 받고 있지만, 이 길이 정말 내 길이 맞는지, 나는 잘하고 있는지, 앞으로 계속 이 일로 먹고살 수 있을지 고민했던 순간들이 또렷이 떠오르네요.

숫자를 꼼꼼히 다루는 걸 좋아하고, 계산할 때 안정감을 느끼고, 정답이 딱 떨어지는 일을 선호하며, 차분한 성격 덕분에 실수가 적다는 점은 회계·세무 직무에 적합한 성향일 수 있습니다. 하지만 이 분야가 정말 나에게 맞는 일인지 고민하는 건 누구나 겪는 과정이에요. 개인적으로 저는 ‘천직’이라는 개념이 절대적이라고 생각하지 않습니다. 환경이 변하고, 내 가치관도 변하면서 직업에 대한 생각도 달라질 수 있으니까요. 멘티님도 10년 후의 자신을 상상해보면, 분명 지금과는 다른 모습이 떠오르지 않을까요?

그렇다 해도 지금 시점에서는 취업을 목표로 삼고, 내 가치를 증명하는 것에 집중해야겠죠. 목표가 있다면, 그 목표를 이루기 위해 어떤 준비가 필요한지 고민하고 실천하는 게 중요합니다. 막연한 목표보다는 자신감이 느껴지는 목표를 설정하면 더 눈에 띄고, 설득력도 커질 거예요.

요즘 기업들은 신입도 경력 같은 경험을 갖추길 원합니다. 취업 준비생 입장에서는 막막할 수밖에 없죠. ""실무 경험이 없는데 어떻게 경력을 쌓으라는 거냐""는 불만도 이해됩니다. 하지만 주어진 환경을 탓하기보다는, 내가 할 수 있는 것들을 찾아가며 가치를 높이는 노력이 필요합니다. 작은 목표부터 계획을 세우고, 하나씩 실행해보세요. 막막한 마음을 억누르고 To-Do 리스트를 작성해, 정해진 기한 내에 실천하는 습관을 들이는 것도 좋은 방법입니다.

또한, 주변에 회계·세무 직군에서 일하는 선배들이 있다면 이야기를 들어보는 것도 추천합니다. 온라인 상담을 활용해도 좋고요. 멘티님보다 몇 년 앞선 선배라면, 실무적인 조언을 현실적으로 들려줄 수 있을 거예요.

멘티님께서 본인의 성향을 잘 알고 계신 만큼, 안정감을 느낄 수 있는 일을 찾고 싶다는 점도 중요합니다. 하지만 직장은 내적인 요소뿐만 아니라 외부적인 요소도 영향을 줍니다. 직무 자체는 잘 맞더라도, 함께 일하는 동료나 팀 분위기 때문에 힘들어지는 경우도 많아요. 특히 회계·세무 업무는 마감일에 쫓기는 경우가 많아, 예상보다 더 바쁘고 긴장되는 상황이 생길 수도 있습니다. 그렇기 때문에 비슷한 직무를 경험한 선배들의 조언을 듣는 것이 더욱 중요합니다.

조급한 마음이 들 때일수록 차근차근 계획을 세워 실천하는 것이 필요합니다. 목표가 멀어 보일 때는 너무 멀리 내다보지 말고, 지금 내딛을 한 걸음에 집중해보세요. 어느 순간 돌아보면, 꽤 많이 앞으로 나아가 있을 거예요. 멘티님처럼 막막함을 느끼는 분들이 요즘 많습니다. 취업이 어렵고, 적성에 대한 고민도 많고, 막상 취업 후에도 ‘이게 내가 원했던 게 맞나’ 하는 생각이 들 수도 있어요. 하지만 괜찮습니다. 누구나 겪는 과정이에요. 저도 그랬고요.

고민이 많다는 건 그만큼 신중하게 생각하고 있다는 뜻이기도 합니다. 중요한 건, 그 고민을 발판 삼아 한 걸음 내디디는 거예요. 그러다 보면 분명 새로운 기회가 보일 겁니다. 주변 선배들의 조언도 꼭 한 번 들어보시길 추천드립니다. 멘티님의 앞날을 응원합니다! 감사합니다.

멘토님 이렇게 빠르고 정성스러운 답변을 받을 줄 몰랐어서 놀랐습니다. 매번 지원할 때마다 서류부터 탈락하고 자존감도 많이 떨어진 상태였습니다. 밤 늦도록 지원동기 칸에 커서만 깜빡이는 걸 보고 있으니 답답함을 호소하듯 두서없이 썼습니다. 열의도 없는데 한심하게 보지 않으셨고 격려의 말씀주셔서 정말 감사드립니다.",
60,회계/재무/금융,"행원 취업, 현실은 이렇습니다.",금융권30-10,"안녕하세요.B대학교 법학과 졸업을 앞두고 있는 취준생입니다.

1금융권 행원을 목표로 본격적인 취업 준비를 시작하려고 하는데, 아직 준비가 미흡해 막막한 마음에 이렇게 질문을 드려요.

첫 번째로, 행원 취업을 준비하면서 필요한 자격증과 스펙이 궁금합니다.
얼마 전까지 전문직 자격시험을 준비하다가 방향을 바꾸게 되었고, 대학생활 동안 자격증이나 봉사활동 등의 스펙을 따로 준비하지 못했습니다. 이제부터 1년에서 1년 반 정도 시간을 두고 준비해보려고 하는데, 꼭 필요한 자격증이 있다면 무엇인지, 그리고 있으면 좋은 경험이나 활동이 있다면 조언 부탁드립니다.

두 번째는 행원이라는 직무에 대한 현실적인 이야기입니다.
행원은 연봉이 비교적 안정적이라는 장점이 있지만, 많은 사람을 상대해야 한다는 점에서 오는 피로도도 만만치 않을 것 같아요. 10년 이상 근무하시면서 느낀 직무의 장점과 단점은 무엇일까요?

마지막으로는 취준에 대한 고민입니다.
저는 27살이고, 이제 막 취업 준비를 시작했습니다. 아직 아무것도 준비되어 있지 않아서 시작이 늦은 건 아닌지 불안합니다. 현직자님이 볼 때 요즘 은행권 취업 시장은 어떤 흐름인지, 그리고 저처럼 늦게 준비를 시작한 취준생에게 해주고 싶은 조언이 있다면 꼭 듣고 싶습니다. 읽어주셔서 감사합니다.","<필요한 스펙과 자격증, 어떻게 준비할까?>
어떤 전문직을 준비했느냐에 따라 추천드릴 자격증 방향도 조금 달라질 것 같아요. 금융권 자격증은 정말 다양하지만, 요즘은 '핀셋 채용'이라는 개념처럼 직무에 적합한 인재를 선발하는 방식이 많아지고 있어요. 그래서 단순히 자격증을 많이 따기보다는, 내가 지원하고자 하는 부서에 맞춰 어떤 준비를 해왔는지, 어떤 스토리를 가지고 있는지가 훨씬 중요하다고 생각해요.

예를 들어 법학을 전공하셨다면 준법지원부나 감사부 같은 부서를 목표로 삼고, 최근 이슈가 되고 있는 내부통제 관련 자격증을 취득하면 남들과는 차별화된 모습으로 자신을 어필할 수 있을 거예요.

만약 법학 전공을 살리고 싶다면 영업점 컴플라이언스 오피서 자격증이나 CAMS(자금세탁방지 전문가)를 추천드려요. 기업금융 부서를 목표로 한다면 신용분석사 자격증이, 자산관리 쪽을 생각한다면 AFPK 정도면 충분하다고 봅니다. 이런 자격증들은 ‘기본은 되어 있다’는 평가를 받기에 충분합니다.

<10년간 은행원으로 일하며 느낀 장점과 단점>
제가 은행에서 일한 지 벌써 10년이 되었는데요, 경제적으로 크게 힘들다는 느낌은 없었던 것 같아요. 당연히 큰 부자는 아니죠. 그래도 역시 생활에 있어 금전적으로 불편함 없이 지낼 수 있다는 점은 은행원이 가진 무시할 수 없는 큰 장점 중 하나라고 생각해요.

또 하나의 장점은 공휴일에 쉴 수 있다는 점이에요. 직장인으로 살다 보면 이런 부분이 꽤 크더라고요. 특히 여성 직원에 대한 복지나 육아휴직 제도도 잘 갖춰져 있어서 눈치 보지 않고 사용할 수 있는 분위기가 정착되어 있습니다.

하지만 단점도 분명 존재해요. 가장 큰 건 대면 업무에서 오는 피로감과 영업 실적에 대한 압박입니다. 업무 강도도 밖에서 보는 것보다 꽤 높은 편이고, 은행업의 특성상 경력이 쌓인 이후에 이직이 쉽지 않은 구조라는 점에서 고민이 생기기도 해요.

<지금 시작해도 늦지 않았어요>
요즘 은행권 채용은 블라인드 방식이 어느 정도 자리 잡았기 때문에, 신입 여성 행원의 경우 평균 연령이 2~729세 정도예요. 남성은 군복무 등을 감안해 평균 30~32세 정도로 보시면 됩니다. 지금 막 준비를 시작하셨다고 해서 결코 늦은 건 아니에요.

준비가 다 되어 있지 않아도 괜찮아요. 사실 취업은 타이밍과 운이 작용하는 경우도 많거든요. 중요한 건 매 기회마다 최선을 다해 임하는 자세라고 생각해요.

경험을 조금 쌓고 싶다면 단기 아르바이트로 영업 경험을 해보거나, 은행 실무를 경험할 수 있는 기회를 노려보는 것도 좋아요. 요즘은 1금융권 신입 합격자 중에서도 2금융권에서 6개월~1년 정도 일해본 경험이 있는 ‘중고신입’ 비중이 높아지는 추세예요. 저축은행, 지방은행, 신협, 새마을금고 등 비교적 진입장벽이 낮은 곳에서 디딤돌을 마련한 후 1금융권으로 넘어오는 것도 충분히 좋은 전략입니다.

<끝으로 드리고 싶은 말>
지금은 아무것도 준비되지 않아 막막하게 느껴지겠지만, 절대 늦지 않았고 오히려 잘할 수 있는 시점입니다. 법학이라는 강점도 분명히 있고요. 우선은 NCS를 포함한 필기 준비를 조금씩 시작하면서, 위에서 말씀드린 자격증과 경험, 그리고 본인만의 스토리를 함께 만들어 가보세요. 진심으로 응원합니다!

상세한 답변 감사합니다! 잘 참고해서 꼭 현직에서 만나뵙길 바라요!",
59,회계/재무/금융,"중견기업 회계 취업, 스펙 어느 정도 갖춰야 할까요?",금융권30-9,"안녕하세요, 멘토님. 회계 직무로 커리어를 시작하고 싶은 취준생입니다. 중견기업 회계부서로 취업을 목표로 준비 중인데, 제 스펙이 어느 정도 경쟁력이 있는지, 그리고 앞으로 어떤 방향으로 준비해 나가면 좋을지 궁금해 질문드립니다.

보유한 자격증은 다음과 같습니다.
-전산세무 2급
-TAT 2급
-컴활 2급
그 외 방학 중 인턴 경험 2회, 동아리 회장 등 학창 시절 활동 경험도 일부 있습니다. 2025년까지 토익 800점 이상, 컴활 1급, 재경관리사 자격증을 취득할 계획이며, 2025년 말~2026년 초부터 본격적으로 지원을 시작하려고 생각하고 있습니다.

이런 준비 계획과 현재 스펙으로 중견기업 회계 직무에 도전해볼 수 있을지, 아니면 보완이 필요한 부분이 있다면 어떤 역량을 더 준비해야 할지 현직자님의 조언을 듣고 싶습니다. 읽어주셔서 감사합니다!","저도 경제학을 전공해서 그런지 더욱 반갑네요. 질문 주신 마음을 알기에, 솔직하고 가감 없이 답변 드리겠습니다.

입사 당시 제 스펙은 이랬습니다. 지방 국립대 출신에 전공 평점은 3.88, 토익 895점, 오픽 IH, 재경관리사, 컴활 1급, 전산세무 2급, 전산회계 1급, 워드프로세서 2급 자격증을 갖추고 있었어요. 그리고 해외 인턴 경험 6개월, 어학연수 6개월을 다녀왔습니다.

지금 신입 채용 시장이 어떤지는 저도 정확히는 모르겠지만, 10년 전만 해도 이미 공채는 거의 사라지고 수시채용 위주로 뽑는 분위기였어요. 회사들도 인력을 대량 채용해 천천히 키우기보다는, 빠르게 업무에 투입할 사람을 찾는 쪽으로 바뀌었죠. 이런 흐름에서는 업무 경험이 정말 중요합니다. 직무에 대한 기본 지식, 태도, 그리고 기본적인 직장 매너까지 갖췄는지를 보기 때문입니다.

그래서 준비 방향을 두 가지로 추천드리고 싶습니다.

첫째, 실무 경험입니다.
회계 포지션을 목표로 한다면 6개월 이상 인턴 경험을 쌓는 걸 강력히 추천합니다. 인턴을 통해 실무 감각을 익히고, 실제 업무에 대한 이해도를 보여줄 수 있어야 해요.

둘째, 서류 경쟁력입니다.
토익은 가능하면 900점 이상 맞추는 게 좋습니다. 재경관리사 자격증도 반드시 준비하시고요. (경제학 전공자 입장에서 회계 실력을 자격증으로 증명해줄 필요가 있습니다.)
 최근에는 중견기업 신입들도 회계사 1차 합격자들이 섞여 지원한다고 들었습니다. 물론 필수는 아니지만, 경쟁자를 생각하면 참고해둘 만한 이야기입니다.

또 해외 법인이 많은 회사를 지원할 경우, 주재원 파견 가능성도 있어서 간단한 영어 면접이 있을 수 있습니다. 물론 영어가 절대적인 요소는 아니지만, 자기소개 정도는 자연스럽게 할 수 있도록 준비하면 좋겠어요. (참고로 저는 영어 면접이 없는 회사들에 최종 합격했지만, 면접 자리에서는 점수보다 말을 더 잘했던 기억이 납니다.)

만약 이 정도 스펙을 갖춘다면, 자기소개서만 무리 없이 작성해도 면접 기회는 충분히 받을 수 있을 거라 생각합니다. 혹시 면접 기회가 잘 오지 않는다면, 지원한 회사가 경쟁이 특히 치열한 경우이거나 자기소개서 내용 점검이 필요할 수도 있어요.

참고로 제 첫 직장과 두 번째 직장은 매출 약 8,000억 원 규모였고, 급여 수준은 평범한 편이었습니다. 매출이 수조 단위인 대형 중견기업을 목표로 한다면, CPA 1차 합격 등 추가 스펙을 갖추는 것도 고려해볼 수 있겠습니다. 아무래도 지원자 수준이 다르고, 서울·경기권 채용이라면 학교, 거주지 같은 요소도 신경 쓸 수밖에 없거든요. 추가로 궁금한 게 있으면 언제든 편하게 물어보세요.

감사합니다. 제가 비전공자기도하고 현재 취업상황을 검색으로만 하다보니 한계가 있었는데 회계 직종에 근무하신 멘토님께서 세세하게 알려줘서 더욱 계획 세우는데 도움이 될 듯 싶어요.

<멘토의 응원>
화이팅입니다. 비전공자도 본인의 스토리텔링이 설득력 있고 전공자에 뒤떨어지지 않는 스펙이 있다면 충분히 취업하실 수 있습니다. 그리고 이직을 많이 하다보니 느끼는 점인데 첫 회사를 최대한 큰 회사로 들어가실 수 있게 노력하시길 바랍니다. 급여가 낮고 근무환경이 좋지 않더라도 외형적으로 일단 큰 회사를 가시는게 다음 이직에 유리합니다.",
58,회계/재무/금융,"리서치 애널리스트, 학벌 많이 중요할까요?",금융권30-8,"안녕하세요. 저는 현재 군 복무 중인 대학생이며, 전역 후 금융권 커리어를 본격적으로 준비할 계획입니다. 전공은 경영학이고, 투자자산운용사 자격증을 취득했으며, 현재는 금융투자분석사와 CFA 레벨1을 준비 중입니다.

관심 직무는 리서치 애널리스트(RA)와 프라이빗뱅커(PB)인데, 두 직무 사이에서 진로를 고민하고 있습니다.  다만, 현실적인 진입장벽이나 커리어 방향성에 대한 정보가 부족해 이렇게 용기 내어 조언을 구하게 됐습니다.

1.리서치 애널리스트 직무에서 학벌이 실질적으로 얼마나 중요한가요? 수도권 소재인 a대 출신으로서 도전 가능한 영역인지 궁금합니다.

2.금융투자분석사 외에, 금융권 취업에 도움이 되는 자격증이 있다면 어떤 것이 있을까요?

3.자격증 외에 군 복무 중에 실질적으로 준비할 수 있는 공부나 활동이 있다면 추천 부탁드립니다.

혹시 답장을 주시지 않더라도, 바쁘신 와중에 시간을 내어 읽어주시는 것만으로도 진심으로 감사드리며, 항상 현업에서의 활동을 응원하겠습니다. 감사합니다.","안녕하세요.군 복무 중에도 진로를 위해 준비하고 계신 모습이 정말 멋지다고 생각하고, 진심으로 응원드립니다.

저는 현재 PB나 RA 직무가 아닌 IB(투자은행) 업무를 하고 있어서 모든 질문에 정확한 답변을 드리긴 어렵지만, 질문 주신 내용에 최대한 도움이 될 수 있도록 제 관점에서 말씀드려 보겠습니다.

먼저 RA와 PB 직무 모두 학벌의 영향을 받긴 하지만, 그 정도에는 차이가 있는 것 같습니다. RA의 경우 본사 소속으로 애널리스트 보고서를 작성하는 등 높은 수준의 분석력과 사고력이 요구되다 보니, 상대적으로 학벌을 중요하게 보는 경향이 있습니다. 실제로 서울권 4년제, 특히 중경외시 이상 출신이 많은 편입니다. 다만, 예전보다 RA 직무에 대한 선호가 줄어들면서 문턱이 낮아진 것도 사실입니다.

반면 PB 직무는 학벌에 대한 진입장벽이 비교적 낮습니다. 다양한 배경을 가진 분들이 활동하고 있고, 최근에는 오히려 본사 직무보다도 실적 기반으로 더 좋은 성과를 내며 잘나가는 PB들도 많이 있습니다. 따라서 PB 직무에 도전하고자 하신다면 학벌보다는 커뮤니케이션 역량과 고객 관리 능력, 영업 마인드 등이 더 중요하게 작용할 수 있습니다.

자격증과 관련해서는, 투자자산운용사 외에도 KICPA, AICPA, CFA, 세무사 등 전문 라이선스가 있다면 선호되는 편입니다. 다만 증권사의 경우 자격증보다 실제 업무 경험을 더 중요하게 보는 경우가 많아서, 인턴이나 아르바이트를 통해 실무를 경험해보시는 것을 추천드립니다. 그런 경험들이 추후 자기소개서나 면접에서 훨씬 큰 힘을 발휘할 수 있습니다.

아직 나이가 어리시고 가능성도 많으니, 진로에 대해서는 너무 일찍부터 좁게 생각하시기보다는 다양한 가능성을 열어두시는 것도 좋을 것 같습니다. 금융권에 관심이 있으시다면 금융공기업이나 은행 쪽도 함께 고려해보는 것이 전략적으로 도움이 될 수 있습니다.

진심으로 응원하겠습니다.",
57,회계/재무/금융,"은행 최종 면접, 지금은 이걸 준비하세요",금융권30-7,"이직 준비 과정에 대해 궁금한 점이 있어 여쭤봅니다.

B은행 최종면접이 다음 주 수요일로 예정되어 있어서, 어떻게 대비하면 좋을지 조언을 구하고 싶습니다!

1. 은행원이 갖춰야 할 역량, 특히 기업금융 관련 역량은 무엇일까요? 기업금융 분야에 관심이 많은데, 해당 업무에서 요구되는 핵심 역량이 무엇인지 알고 싶습니다. 또, 대출 심사 시 고려해야 할 재무적·비재무적 지표에는 어떤 것들이 있는지도 궁금합니다.

2. B은행이 현재 주력하고 있는 상품이나 사업이 있다면 알려주세요.
면접 준비할 때 참고하고 싶은데, 최근 B은행이 밀고 있는 방향성이 무엇인지 궁금합니다.","반갑습니다. 우선, 내일이 최종면접일이라면 실무적인 내용이나 상품보다는 마음가짐과 태도가 훨씬 더 중요합니다. 지금 단계까지 올라오셨다면, 이미 기본적인 역량은 충분히 검증되셨다는 의미이기 때문에 면접에서는 인성과 태도, 신뢰감이 관건이 됩니다.

가장 먼저 추천드리고 싶은 건 자기소개서를 차분히 다시 읽어보는 것입니다. 그 안에서 면접관이 어떤 부분을 질문할 수 있을지 예상해보고, 예의 있고 신뢰감 있는 ‘은행원’의 태도로 어떻게 답변할지 연습해보세요.

몇 가지 질문에 대한 답을 드려볼까요?

-기업금융과 관련해서는, 재무제표를 해석할 수 있는 능력이 있다면 분명 도움이 됩니다. 기본적인 구조와 주요 지표(매출, 영업이익, 부채비율 등)에 대한 이해 정도는 정리해두시면 좋습니다.

-함께 일하기 어려운 동료의 유형에 대해 묻는다면, 저는 타인을 배려하지 않는 사람이 가장 일하기 어렵다고 생각합니다. 팀워크가 중요한 조직일수록 이 부분은 예민하게 작용하기 때문입니다.
-최근 이슈 중 하나는, B은행이 A통신망을 활용한 알뜰폰 사업에 진출했다고 알고 있습니다.

-비즈프라임센터는 기업금융 RM 직무를 희망하는 직원들이 보다 자율성과 책임감을 갖고 일하는 곳으로 알고 있습니다. 실제로 기업고객을 직접 관리하면서 주도적으로 움직이는 환경입니다.

이제 정말 마지막 관문만 남았습니다. 면접장에서는 자신감을 갖고, ‘내가 존경하는 어른을 대한다’는 태도와 눈빛으로 임하시면 좋을 것 같아요. 그런 자세가 오히려 진중함과 신뢰감을 주는 포인트가 되기도 합니다. 끝까지 잘 마무리하시길 응원합니다. 화이팅입니다! 😊",
56,회계/재무/금융,"IT 감사업무, 면접 어떻게 준비하는 게 좋을까요?",금융권30-6,"멘토님, 안녕하세요. 저는 IT감사 직무에 지원하고 있는 경영학과 졸업생입니다. 다름이 아니라, 곧 회계법인의 IT감사 신입 포지션 면접을 앞두고 있어 멘토님의 조언을 얻고자 이렇게 연락드립니다.

ERP 기업에서 비IT직군 인턴십을 경험했는데, 운 좋게도 그 경력을 바탕으로 면접 기회를 얻을 수 있었습니다. 다만, IT 지식도 부족하고, 회계 지식 역시 체계적으로 공부하지 못한 상태라 면접 준비를 하며 막막한 부분이 많습니다.

현재는 면접 전까지 기초적인 IT감사에 대한 이해를 쌓고, 제 경험을 정리하려고 합니다. 관련 도서나 아티클도 읽어보려 계획 중인데요.

이와 관련해 멘토님께 두 가지를 여쭙고 싶습니다.

1.IT감사 신입 면접에서 어떤 점을 중점적으로 준비하고 어필하는 것이 좋을지, 멘토님의 경험을 바탕으로 조언해주실 수 있을까요?

2.또한, IT감사 분야에서 신입으로서 반드시 숙지해두면 좋은 기본적인 개념이나 지식이 있다면 알려주시면 감사하겠습니다. 예를 들어, 면접에서 AC라는 단어를 접했는데 이처럼 어떤 개념을 알아두면 좋을지 막막합니다.
IT감사는 높은 윤리의식과 책임감을 요구하는 중요한 직무이기에, 개인적으로 정말 간절하게 도전하고 싶은 분야입니다. 그만큼 지금까지의 부족한 지식과 경험 사이의 갭이 커 보여 고민이 크고, 멘토님의 조언이 큰 힘이 될 것 같습니다.

긴 글 읽어주셔서 감사드리며, 답변 기다리겠습니다.","먼저 이렇게 문의해주셔서 감사합니다. 그리고 마지막에 말씀하신 부분 높은 윤리의식과 책임감이 요구되는 일이기에 더욱 매력적으로 느껴진다는 지원 동기는 정말 좋은 접근이라고 생각합니다. 사실 직업을 선택할 때 이런 본질적인 요소를 중요하게 생각하는 분들이 많지 않은데요, 이런 태도야말로 IT감사와 같은 직무를 오래, 그리고 의미 있게 할 수 있는 밑바탕이 됩니다.

이제 면접 준비에 대해 말씀드리면, IT감사는 신입 입장에서는 직접 일을 해보지 않으면 알기 어려운 분야입니다. 학교나 타 직장에서 접하기 힘든 만큼, 면접에서도 이를 감안해 평가한다고 생각하시면 됩니다.

그렇다고 아예 무지한 상태로 갈 수는 없으니, 기본 개념만 간단히 익히고 가는 것을 추천드립니다. 예를 들어 GITC(General IT Controls), AC(Application Controls) 정도만 간단히 찾아보시고 각 개념이 어떤 의미인지 정도는 이해하고 가시면 됩니다. 너무 깊게 들어가지 않아도 괜찮습니다.

그리고 ERP 관련 인턴 경험은 분명히 도움이 됩니다. 비IT 직무였다고 해도, ERP 시스템을 감사한다는 점에서 시스템 흐름이나 기능을 어느 정도 알고 있다는 점은 강점으로 어필하실 수 있습니다. 해당 인턴십에서 맡았던 업무 내용과 사용한 ERP의 특징 등을 구체적으로 정리해두시면 면접에서 충분히 활용할 수 있습니다.

또한 회사 시스템 상에서 어떤 허점(deficiency)을 발견하고 개선한 경험이 있다면 꼭 이야기해보세요. 예를 들어 어떤 수치가 잘못 계산되고 있던 문제를 발견했다거나, 회사의 운영 지침과 실제 현장이 다르게 운영되고 있었다거나, 비효율적인 업무 프로세스를 개선한 사례 등을 찾아보세요.
이런 경험은 직접적인 감사 경험이 아니어도 문제 인식과 개선 능력을 보여줄 수 있는 좋은 소재입니다. 왜냐하면 IT감사는 회사가 내부 지침과 회계관리규칙에 맞게 운영되고 있는지 시스템 관점에서 확인하고, 이를 통해 재무제표 상의 숫자가 정확하게 표현되는지 검증하는 일이기 때문이에요. 이 과정은 곧 정보 이용자가 신뢰할 수 있는 정보를 기반으로 올바른 의사결정을 하도록 돕는 것으로 연결됩니다.

회계 지식은 회계사 수준으로 요구되지는 않습니다. 다만 경영학에서 배우는 회계원리, 재무회계 정도의 기본 지식만 있어도 충분합니다. 면접에서 깊이 있는 회계 지식을 묻는 경우는 거의 없고요, 오히려 면접관은 지원자의 태도나 논리적인 사고, 실무에 대한 관심을 더 비중 있게 보는 경우가 많습니다.

마지막으로, 많은 것들이 부족하게 느껴질 수 있지만 괜찮습니다. IT감사는 입사 후에도 매일 구글링하고, 사내 리소스를 통해 배우며 성장해가는 직무입니다.  지금처럼 성실하게 준비하는 모습만으로도 이미 좋은 출발을 하고 계신 거예요.

면접, 잘 보시길 응원합니다!",
55,회계/재무/금융,"회계, 재무 자금 ‘지원동기’ 어떻게 써야 할까요?",금융권30-5,"재무회계·자금팀 지원을 위해 제 강점을 효과적으로 어필하고 싶은데, 이 직무에서 특히 인상적으로 다가올 만한 강점과 지원동기가 무엇일지 감이 잘 오지 않습니다.

저는 재무회계·자금팀이 기업의 핵심 부서는 아니지만, 매출과 비용 지불이 원활하게 이루어지도록 현금 흐름을 관리하는 ‘윤활유’ 같은 역할을 한다고 생각합니다. 그래서 꼼꼼함, 책임감, 평정심을 유지한 판단력이 중요한 역량이라 보는데, 이러한 생각과 강점을 자기소개서에 어떻게 자연스럽게 녹여낼 수 있을지 고민입니다.","자금·회계 직무 지원자라면 지원동기에 대한 고민은 누구나 한 번쯤 하게 됩니다. 강연에서 늘 강조하는 부분은 두 가지입니다. 첫째, 해당 직무와 나의 적합성을 강조하는 지원동기. 둘째, 꼭 필요한 부서이자 핵심 부서에서 내가 어떻게 기여할 수 있는지를 보여주는 강점 부각입니다.

재무조직은 기업의 백그라운드를 든든하게 받쳐주는 부서이기에 지원동기가 화려할 필요는 없습니다. 다만 내부적으로 다양한 ‘내부 고객’을 상대하는 만큼, 누군가를 도와주는 것을 좋아한다거나, 숫자를 다루는 데 자신이 있다는 점을 어필하면 직무 적합성을 충분히 전달해야 합니다.

질문에서 이미 재무조직의 특성을 잘 이해하고 계신 만큼, 그 이해를 바탕으로 본인의 고유한 강점과 연결해 “이 조직에 어떻게 보탬이 되겠다”는 구체적인 서술을 하면 주목받는 자기소개서가 될 것입니다.

결국, 지원 조직의 자기소개서는 “화려한 포장”보다 주어진 업무에 내가 “가장 적합하다”는 점을 설득력 있게 보여주는 것이 핵심입니다. 짧지만 이 방향이 도움이 되길 바랍니다.",
54,회계/재무/금융,"금융권, 아직도 학벌을 보나요?",금융권30-4,"안녕하세요, 멘토님. 금융권 취업을 준비하면서 고민이 많습니다. 흔히 금융권이 학벌을 많이 본다는 이야기를 자주 듣는데, 사실인지 궁금합니다. 만약 사실이라면 어느 정도 수준의 학벌이 되어야 취업에 메리트가 있는지도 알고 싶습니다.

이런 이야기를 들을 때마다 저의 현재 상황과 비교하게 되어 불안한 마음이 드는 것이 솔직한 심정입니다. 선배님께서 보시기에 학벌이 실제로 얼마나 중요한지, 그리고 비록 학벌이 조금 부족하더라도 이를 극복할 수 있는 다른 강점은 무엇이 있을지 궁금합니다.

솔직한 조언을 부탁드립니다.","반갑습니다. 금융권 취업을 준비하며 학벌의 중요성에 대해 고민하는 마음, 충분히 이해합니다. 예전부터 공공연하게 퍼져 있던 '카더라'들 때문에 불안함을 느끼는 것은 당연합니다. 이 점에 대해 솔직하고 현실적인 답변을 드릴게요.

<과거와 현재의 달라진 채용 문화>
예전에는 말씀하신 것처럼 특정 학교 라인이 존재하고, '서류는 서울 중위권 + 지방 거점대부터', '합격은 SKY 밑에 서성한중경시까지'와 같은 정량화된 기준이 어느 정도 존재했던 것이 사실입니다. 실제로 인사 담당자들이 지원자의 출신 학교를 기반으로 서류를 판단하는 경우가 있었죠.

하지만 현재는 상황이 크게 달라졌습니다. 많은 기업, 특히 은행권은 '블라인드 채용 전형'을 적극 도입하고 있습니다. 지원자의 출신 학교를 비롯한 편견을 일으킬 수 있는 개인 정보를 배제하고, 오직 직무 역량과 경험만을 평가하는 시스템입니다. 대외적으로만 그런 것이 아니라, 실제 합격자들의 출신 학교가 매우 다양해졌다는 사실이 이를 증명합니다.

<학벌보다 중요한 것은 '직무 전문성'>
이제 채용 담당자들이 보는 것은 지원자의 졸업장이 아니라, '이 사람이 우리 회사에서 무슨 일을 잘할 수 있는가?'입니다. 따라서 학벌에 대한 걱정은 내려놓고, 다음과 같은 것들에 집중하는 것이 훨씬 더 효과적입니다.

-관련 자격증 취득: 금융권 직무에 필요한 자격증(예: 투자자산운용사, 금융투자분석사 등)은 해당 분야에 대한 전문성과 열정을 보여주는 가장 확실한 증거입니다.
-실무 경험 쌓기: 금융 관련 인턴, 공모전, 대외 활동 등은 단순히 스펙을 넘어, 실제 업무에 필요한 경험과 역량을 쌓을 수 있는 중요한 기회입니다.
- 논리적 사고와 문제 해결 능력: 금융 업무는 숫자를 다루는 일뿐만 아니라 고객의 문제를 이해하고 해결하는 능력을 요구합니다. 이를 보여줄 수 있는 경험들을 정리해 보세요.

취업은 단기적인 경쟁이 아니라, 자신만의 길을 묵묵히 걸어가는 장기적인 여정입니다. 학벌에 대한 고민에 갇히기보다는, 앞으로의 길에 집중하며 필요한 역량을 꾸준히 쌓아 나간다면 반드시 좋은 결과가 있을 것입니다. 힘내세요!",
53,회계/재무/금융,"회계 취업, 현직에서는 무얼 제일 중요하게 생각하나요?",금융권30-3,"주변에서 회계 관련 공인 자격증(예: 공인회계사(CPA), 세무사 등)을 취득하는 것이 매우 어렵고 많은 노력과 시간이 필요하다고 들어서, 시작부터 전략적으로 접근하는 것이 중요하다고 생각하고 있습니다. 이러한 배경 속에서, 회계 분야에서 이미 전문성을 쌓으신 멘토님께 조언을 구하고 싶습니다.

1.회계 공부의 가장 중요한 핵심: 방대한 회계 지식을 효과적으로 습득하기 위해 가장 중요하게 염두에 두어야 할 점 (예: 이론적 이해, 실무와의 연관성, 끈기 등)은 무엇일까요?
2.효과적인 학습 방법: 회계의 개념을 탄탄하게 다지고 고난도의 자격증 시험을 대비할 수 있는 가장 효과적인 공부 방법이나 루틴이 있다면 공유 부탁드립니다.
3.회계 분야의 미래 전망: 기술 발달(AI, 자동화)과 금융 환경의 변화 속에서 앞으로 회계 및 재무 전문가의 전망과 역할에 대해 멘토님의 의견이 궁금합니다.

멘토님의 귀한 조언을 통해 회계 공부의 방향성을 확립하고 싶습니다. 감사합니다.","멘티님, 안녕하세요. 질문 주신 내용에 대해 제가 경험하고 깨달은 바를 정리해 드립니다.

<1. 회계 공부의 핵심: '숫자'가 아닌 '개념 이해'와 '흐름'>
회계는 숫자를 외우는 공부라기보다 거래가 기업의 재무 상태와 이익에 어떤 영향을 주는지 이해하는 공부입니다. 그래서 가장 중요한 점은 개념을 정확히 이해하고, 그 흐름을 스스로 설명해볼 수 있는지입니다.

저 역시 학부에서 회계를 전공하며 공인회계사와 세무사 시험을 함께 준비했고, 회계사는 2차 유예에서 아쉽게 떨어졌지만 세무사 시험에 합격하여 실무를 하고 있습니다. 이후 세무사 사무실, 세무법인뿐 아니라 은행에서도 근무하며 재무 분석, 여신 심사, 기업 경영 흐름 등을 폭넓게 경험했습니다. 이 과정에서 깨달은 점은 시험 합격이 끝이 아니라 실무에서부터 진짜 공부가 다시 시작된다는 것입니다.

<2. 실무에서 요구하는 역량과 효과적인 학습 방법>
실무에서는 같은 상황이라도 회사 규모, 업종, 계약 형태에 따라 처리 방식이 달라질 수 있습니다. 즉, 법과 규정을 그대로 외우는 것이 아니라 사례에 적용하여 해석하는 문해력과 사고력이 중요합니다.

공부 방법은 다음과 같이 진행하는 것이 효과적입니다.
-기초 개념을 확실히 잡고 바로 기본 문제를 풀어보며 스스로 약한 부분을 확인합니다.
-그리고 틀렸던 문제는 ‘왜 틀렸는지’를 정리하며 다시 풀어보는 과정이 실력을 만듭니다.

<3. 회계 분야의 미래 전망과 전문가의 역할>
앞으로 회계 분야는 단순 입력 업무는 줄어들겠지만 재무 분석, 세무 조정, 리스크 관리, 경영 의사결정 지원 등 사람의 판단이 필요한 역할은 더 중요해지고 있습니다. 자격증을 취득하면 세무법인·회계법인뿐 아니라 은행, 금융권, 대기업, 스타트업 자문 등 진로 선택 폭도 매우 넓습니다.

회계는 처음에는 어렵게 느껴지지만, 기본 개념을 정확히 이해해두면 어디서든 활용할 수 있는 탄탄한 직무 기반이 됩니다. 단순히 자격증 합격만을 목표로 하기보다는, 거래의 의미를 이해하고 스스로 설명할 수 있는 사고방식을 기르는 과정으로 바라보시면 좋겠습니다",
52,회계/재무/금융,"은행 취업, 이 정도 스펙으로 도전해도 될까요?",금융권30-2,"멘토님! 4학년 막학기, 은행 기업금융 쪽으로 취업을 준비하고 있는 취준생입니다. 저는 투자자산운용사, 신용분석사, SMAT 1급, 토익 850점을 보유하고 있으며, 채용 공고가 올라올 때마다 적극적으로 지원하고 있습니다.

멘토님께서는 다른 스펙 없이 합격하셨다고 알고 있는데요. 제가 지금 준비하는 방향에 대한 확신과 더불어 실질적인 조언을 얻고자 다음과 같이 질문을 드립니다!

1.멘토님의 취업 준비 과정: 멘토님께서 은행에 최종 합격하시기까지의 구체적인 취업 준비 과정은 어떠셨는지 궁금합니다.

2.스펙 외의 중요 요소: 은행 취업에서 자격증과 같은 정량적인 스펙보다 더 중요하게 평가되는 점 (예: 경험, 태도, 역량 등)은 무엇인지 조언 부탁드립니다.

3.은행 취업 팁: 현재 기업금융 직무를 목표로 하는 취준생에게 가장 실질적이고 도움이 될 만한 은행 취업 팁이 있다면 알려주시면 감사하겠습니다!","멘티님의 현재 스펙이라면 충분히 자기소개서에 녹여낼 수 있을 만한 주제들이 풍부할 것 같습니다. 잘 알고 계시겠지만 자기소개서에는 그런 주제들을 잘 활용하되 본인이 주도적으로 이끌어냈던 일들과 그 결과로부터 얻어낼 수 있던 교훈 및 가르침을 은행들의 자기소개서 문항에 연관시킨다면 정말 좋을 것 같아요.

<자소서의 기본은 수치>
특히, 은행은 실적을 매우 중요시하는 기관이다 보니 해오신 일들의 결과가 은행 내에서 어떻게 실적으로 이어갈 수 있을지에 대해서 고민을 하시되, 수치로 드러낼 수 있다면 질적으로도 풍부한 자기소개서를 작성할 수 있을 것 같습니다.

<경험상 토익은 평균 900>
스펙이 거의 없던 저의 입장에서 감히 말씀을 드리건대, 다른 스펙들에 대해서는 언급할 것이 없지만 토익의 성적을 900점 이상으로 올려두는 것은 필수적이라고 생각합니다. 실제로 합격한 저의 동기들이나 타 은행원들을 보았을 때 토익 점수가 어느 정도 서류에서 합불을 가르는 데에 영향을 끼친다는 점은 의심의 여지가 없는 것 같습니다.

<직무 지식과 상품 정보 숙지는 필수입니다>
추가적으로 말씀드릴 점은 은행마다 다르긴 한데, 제가 근무하는 A 은행의 경우에는 (지점과 은행마다 다르긴 하나) 입행 후에는 수신 업무를 우선적으로 맡게 되기에 이 부분을 면접 준비하실 때 어느 정도 대비를 하신다면 많은 도움이 되지 않을까 합니다. 또, 혹시 주변에 은행에 다니는 분들이 계신다면 꼭 한 번 방문하셔서 업무에 대해서, 주력하고 있는 상품 내지는 업무를 숙지하신다면 면접 때 자기소개를 구성하는 데에도 충분히 도움이 될 것 같습니다.

너무 두루뭉술하게 답변 드린 것 같은데 더 필요하신 것 있으시면 질문 주시고 필요하시다면 자기소개서나 면접 대비한 질문들, 기출 면접 질문들까지도 제공해드릴 테니깐 부담 갖지 마시고 꼭 연락 주세요",
51,회계/재무/금융,"자산관리 취업, 저라면 취준생에게 이런 걸 묻겠습니다.",금융권30-1,"자산관리(WM) 분야로 은행권 취업을 목표로 준비하고 있는 취업준비생입니다. 현재 자격증 준비와 실무 경험 사이에서 선택과 집중을 해야 할 시기라고 판단되어 멘토님께 조언을 구합니다.

은행권 취업에 대해 ""은행의 인재상과 결이 맞다면 자격증 없이도 합격이 가능하다""는 의견과 ""신용분석사, 외환전문역 2종 등의 자격증은 필수""라는 의견이 엇갈리고 있어 혼란스럽습니다.

1.자격증 취득 여부: 현재 AFPK 외에 언급되는 신용분석사, 외환전문역 2종 등 추가적인 자격증을 더 취득하는 것이 유리할까요?
2.우선순위 조언: 제한된 시간 내에 인턴십 등 실무 경험을 쌓는 것이 더 올바른 선택일지, 아니면 자격증을 더 취득하는 것이 우선일지 멘토님의 현실적인 조언을 부탁드립니다.

자산관리 분야 현직자로서 어떤 경험이 취업과 실무 적응에 더 직접적인 도움이 될지 조언해 주시면 감사하겠습니다.","일단 질문에 대한 답변부터 드리면, 저나 다른 사람들의 케이스를 보았을 때(물론, 6년 전이기는 합니다만) 자격증은 AFPK 정도로 충분하지 않을까 싶습니다. 그래서 A은행 인턴 혹은 B은행 청년인턴 같은 것을 하시는 게 우선순위라고 생각합니다. 그리고 그 인턴들이 다 떨어지고 안 되었을 때 하는 것이 투자자산운용사 같은 자격증을 준비하는 순서가 합리적이라고 생각합니다.

다만, 멘티님의 이력을 보았을 때, 제가 면접관이라면 딱 물어보고 싶은 질문들이 있습니다. 이 질문들을 스스로 고민해 보시는 것이 현재 자격증을 더 따는 것보다 중요합니다.

1.어학 강점과 은행 WM 직무 연결: 이렇게 어학이 좋은 친구가 왜 은행의 자산관리 쪽으로 일을 하고 싶은 것인지, 어떤 강점을 살릴 수 있는지?

2.구체적인 지원 동기와 고통 감수 의지: (만약 해외 인턴십 등 이력이 있다면) 해외 인턴 경험과 시중은행의 자산관리 직무는 다를 텐데 왜 은행에 들어오고 싶은 걸까? 시중은행에서 자산관리 직무로 일하면서 겪는 실적 압박 같은 고통을 알고도 하고 싶어 하는 걸까?

3.학점 관리 및 대처 능력: 어학에 비해 학점은 중상이라고 생각하는데, 학점 중 부족한 부분은 어떤 부분이었고 왜 그랬던 것인지? (부족한 부분이 있을 때, 어떻게 대처하는 편인지)

사실, 은행 말고도 자산관리 업무를 수행할 수 있는 곳은 증권이나 자산운용 쪽도 있기 때문입니다. 왜 은행에서 자산관리 업무를 하고 싶은지와 내가 가진 강점이 어떻게 그 업무에 도움이 되어, 회사에 기여할 수 있는지가 명확해야 면접까지 통과하실 수 있지 않을까라는 생각이 듭니다.

정말 취업 준비 기간 쉽지 않고 힘든 기간이시겠지만, 이런 생각들이 잘 정리되지 않은 채로 입사 또는 입행하시게 되면, 그 이후에도 이직 고민과 여러 가지로 힘드실 수 있기 때문에 충분한 고민을 해보시면 좋을 것 같습니다. 다른 고민이나 질문 있으시면 올려주세요.",
50,영업/영업관리,"PT 면접, 이렇게 준비해보면 어떨까요?",시나리오50-50,"안녕하세요, 멘토님. 화학공학과 4학년에 재학 중이며, 곧 외국계 기업의 기술영업 포지션 면접이 예정되어 있습니다. 면접에서 저를 효과적으로 어필하기 위해 영어 PT를 준비하고 있습니다.

현재 구상 중인 PT 목차는 아래와 같습니다.
1.자기소개: 학과, 학교 등 이력서 내용을 바탕으로 간단히 소개
2.지원 동기: 엔지니어링 회사에서의 세일즈 인턴 경험을 통해 기술영업 직무에 관심을 갖게 된 배경 설명
3.SWOT 분석: 각 요소별로 페이지를 구성하고, 과거 사례를 들어 강점을 구체적으로 설명
4.STAR 기법을 활용한 역량 설명:
5.커리어 계획
6.Q&A

이러한 내용 구성이 면접 PT로서 빈약하지 않은지 궁금합니다. 또한, 발표 시간을 6~7분으로 잡는 것이 좋을지, 아니면 10분을 채워도 괜찮을지에 대한 멘토님의 조언을 부탁드립니다. 바쁘신 와중에 읽어주셔서 감사합니다.","멘티님, 어려운 취업 시장에서 외국계 기업 면접이라는 좋은 기회를 갖게 되신 점 진심으로 축하드립니다. 준비하신 영어 PT 전략은 매우 훌륭합니다. 면접관에게 멘티님의 강점을 명확하게 각인시킬 수 있는 좋은 기회입니다. 멘티님께서 질문하신 PT 목차 구성과 시간 배분 등에 대해 제 주관적인 경험을 바탕으로 조언해 드릴게요.

<PT 목차 구성 및 내용 보강 전략>
멘티님께서 구성하신 목차는 필수 요소를 모두 갖추고 있어 전반적으로 좋습니다. 다만, 기술영업 직무에 더 강력하게 포커싱하여 내용을 보강하는 것을 추천합니다.

-지원 동기 보강: 단순히 '관심'을 넘어, 엔지니어링 지식과 세일즈 경험의 '시너지'를 강조하세요. 지원하는 회사의 제품/사업군을 언급하며 왜 멘티님의 기술 이해도가 영업에 필수적인지 연결하는 것이 좋습니다.

-SWOT 분석 초점: 강점(Strength)은 '문제 해결 능력'과 '기술 커뮤니케이션 능력' 등 기술영업에 필요한 역량에 집중하고, 약점(Weakness)은 직무와 무관한 성향 대신 '성장 동기'로 연결할 수 있는 현실적인 약점으로 만드세요.

-STAR 활용의 연결: 매뉴얼 제작 경험을 통해 '고객(재직자/인턴)의 Pain Point를 파악하고, 시스템을 개선하여 효율성을 높인 경험'임을 강조하세요. 이는 영업에서 '고객사의 니즈 파악 및 솔루션 제공' 능력과 직결됩니다.

-커리어 계획 구체화: 단순한 승진 계획이 아닌, '회사와 함께 성장하는 3~5년 계획'을 제시하세요. 예를 들어, 3년 차에는 특정 제품군 전문가가 되어 핵심 고객을 유치하고, 5년 차에는 새로운 시장 개척에 기여하겠다는 등 구체적인 포부를 보여주세요.

가장 중점을 두셔야 할 부분은 지원 동기와 SWOT/강점입니다. 지원하려는 회사의 사업군이나 아이템에 초점을 맞추기보다는, '기술영업'이라는 직무 자체에 대한 멘티님의 이해와 적합성을 보여주는 데 포커싱 하세요.

<발표 시간 배분 및 유의 사항>
-발표 시간: 면접이 보통 30분 내외로 진행되기 때문에, PT 발표 시간은 총 10분 이내로 맞추시는 것이 좋습니다. (발표 7~8분, 질의응답 2~3분)

-슬라이드 구성: 각 목차별로 한 페이지씩(총 6~7장) 깔끔하게 정리하는 것이 좋습니다. 너무 많은 내용과 페이지는 시간 관계상 다루기 어려울 수 있습니다.

핵심은 '질문 유도'입니다. 발표 내용 중 가장 자신 있는 부분이나 핵심 강점을 압축적으로 제시하고, 면접관이 그 부분에 대해 더 깊이 질문하도록 유도하는 전략이 효과적입니다.
<기술영업 직무에 대한 이해 확장>
기술영업 직무는 회사마다 업무 성격이 크게 다를 수 있지만, 'Sales' 관점에서만 보지 않으셨으면 합니다. 매출 확대를 위한 영업 활동도 물론 중요하지만, 'Management(관리)' 관점에서도 역량이 필요합니다. 예를 들어, 고객사의 VOC(품질 이슈, 납기 이슈, 기술 업그레이드 니즈 등)에 대해 유연하게 유관 부서와 협력하여 처리하는 능력, 그리고 생산 및 재고 현황에 따른 리스크 관리 등도 영업 역량에 연결 지어서 생각할 수 있습니다.

<기타 실무적인 조언>
-PT 환경 확인: 면접 장소에 PT 자료를 띄울 수 있는 환경(빔 프로젝터, 모니터 연결)이 없을 가능성이 큽니다. 이에 대해 지원서 보낸 담당자(HR 또는 채용 담당자)에게 메일로 먼저 문의해 보는 것이 좋습니다. 설사 어렵다는 피드백을 받더라도 개인적으로 아이패드 또는 노트북을 챙겨가서 면접 시 작은 화면이라도 활용하여 어필하면 좋습니다.

-PT 타이밍: 이 자료를 보여줄 타이밍도 중요합니다. 면접 초반에 '간단한 자기소개 대신 준비한 자료를 보여드려도 괜찮겠습니까?'라고 선제적으로 제안하는 것이 좋습니다.

-자신감 강조: 다소 위험한 발언일 수도 있지만, 여성으로서 '영업'이라는 직무에서는 어느 정도 핸디캡을 갖고 있을 수 있다는 선입견이 있을 수 있습니다. 때문에, ""그럼에도 불구하고 나는 왜 이 직무를 선택했고, 어떻게 성과를 낼 것인가""를 스스로 깊이 고민해보고 진심을 담아 면접관에게 잘 표현해 주면 좋습니다.

개인적으로 취준 시절이 10년이 지난 지금도 가장 힘든 시기 중 하나로 기억될 만큼 쉽지 않은 과정임을 잘 알고 있습니다. 면접 준비 잘 하셔서, 좋은 결과 얻기를 진심으로 응원합니다!",
49,영업/영업관리,"면세점 영업직, 차별화 포인트를 어디에 둬야 할까요?",시나리오50-49,"면세점 영업직 취업을 준비하고 있는 취업준비생입니다. 면접을 앞두고 예상 질문에 대비하며, '왜 하필 면세점에서 일하고 싶은지' 그리고 '면세점 영업관리직을 왜 하고 싶은지'에 대한 답변을 구체화하는 데 어려움을 느끼고 있습니다.

단순히 유통업에 대한 관심만으로는 차별화된 답변이 될 수 없다고 생각합니다. 멘토님께서는 현직자의 관점에서 면세점 영업직이 백화점, 일반 쇼핑몰 등 다른 쇼핑 채널과는 차별화되는 핵심적인 강점이 무엇이라고 생각하시는지, 그리고 이 직무가 갖는 특수성(여행, 환율, 글로벌 브랜드 등)에 대해 조언을 구하고 싶습니다.

이러한 차별화 포인트를 바탕으로 저만의 명확한 지원 동기를 설정하는 데 도움을 주시면 감사하겠습니다.","면세점 영업직은 백화점이나 일반 쇼핑몰과는 달리 '출국'이라는 특수한 환경과 법적 규제 속에서 운영되며, 고객과 상품을 다루는 방식에 있어 다음과 같은 4가지 핵심적인 차별점을 갖습니다.

1. 특수한 고객 경험: '출국'과 '여행'에 맞닿은 세일즈
면세점은 고객이 출국이라는 특수한 환경에 놓여 있을 때 방문하는 채널입니다. 고객의 주요 관심사는 여행 준비와 소비이며, 시간의 제약(탑승 시간)이 존재하고 구매 동기가 명확하다는 특성이 있습니다. 따라서 고객을 향한 세일즈 전략 역시도 이러한 특수성에 맞추어 설계되어야 하며, 일반 유통처럼 계절이나 일상 소비에 국한되지 않습니다.

2. 다국적 고객 기반의 글로벌 채널
대부분의 일반 유통 채널의 주요 타겟은 내국인 또는 거주자이지만, 면세점은 한국을 찾아오는 다양한 외국인 역시 주요 고객이 됩니다. 이는 영업 관점에서 다국적 고객의 문화, 소비 성향, 언어 능력 등을 고려해야 함을 의미하며, 다른 쇼핑 채널보다 훨씬 글로벌화된 마케팅 및 서비스 전략이 요구됩니다.

3. 온·오프라인 판매 채널의 완벽한 공존
면세점은 온라인 면세점과 오프라인 면세점 모두 고객이 즐겨 찾는 매우 상용화된 채널로 공존하고 있습니다. 특히 온라인 면세점은 출국 정보 확인 후 면세 한도 내에서 상품을 미리 구매하고 인도장에서 수령하는 특유의 구매 방식 때문에, O2O(Online to Offline) 전략의 통합적 관리 능력이 중요합니다.

4. 엄격한 법적 제도 및 허가 기반의 특수성
면세가는 세금(관세, 개별소비세 등)이 면제된 상품을 판매하기 때문에, 허가받은 기업만 사업을 영위할 수 있는 특수 채널입니다. 따라서 일반 유통업과 달리 다양한 법적 제도와 정부의 정책 변화 안에서 영업이 이루어집니다. 이는 영업 관리자가 환율 변동, 국가별 규제, 관세법 등의 복잡한 법규를 이해하고 준수하며 사업을 운영해야 함을 의미합니다.",
48,영업/영업관리,"직무 변경 이직, 어떻게 설득해야 할까요?",시나리오50-48,"멘토님, 안녕하세요. 저는 현재 2년 차 금융 IT 솔루션 영업 담당자로 일하고 있습니다. 안정적인 성과를 내고 있지만, 이제는 단순 판매를 넘어 새로운 시장과 전략적 파트너십을 직접 개척하고 싶다는 목표로 하이테크 스타트업의 사업 개발(BD) 직무로 이직을 준비하고 있습니다.

경력직 면접에서 ""왜 기존 업계/직무를 떠나 새로운 분야(사업 개발)를 선택했는지""에 대한 질문은 늘 빠지지 않는데, 면접관들은 제 커리어 전환을 '리스크'로 보는 것 같아 늘 답변이 어렵습니다. 기존 경험이 새 직무와 동떨어진 것처럼 보일까 걱정입니다.

멘토님께서는 왜 기존 업계/직무를 떠나 새로운 분야를 선택했는지에 대한 질문에 어떻게 답변하는 것이 효과적이었는지, 멘토님의 경험을 바탕으로 구체적인 스토리텔링 방식을 조언해 주실 수 있나요? 특히 기존 경험을 BD의 필수 역량인 전략적 사고, 분석력, 협상력과 어떻게 연결해야 할지 막막합니다.

바쁘시겠지만, 이 중요한 질문에 대한 명쾌한 해법을 알려주시면 정말 감사하겠습니다.","멘티님, 경력직 면접에서 업계나 직무를 전환하는 이유를 설명하는 것은 매우 중요합니다. 저 역시 제약회사와 IT 헬스케어 분야 영업을 하다가 교육 산업의 사업 개발(BD) 직무로 이직할 때 이 질문을 가장 많이 받았습니다. 제가 실제로 면접에서 가장 효과적으로 전달되었던 방식을 멘티님의 상황에 맞게 조언해 드려 볼게요.
<'도망'이 아닌 '확장'의 메시지>
저는 답변을 시작할 때, 100세 시대가 오면서 평생 직업이라는 개념이 사실상 사라지고, 앞으로는 누구나 여러 직업과 역할을 경험하며 살아가는 것이 자연스럽다는 거시적인 관점에서 이야기를 시작했습니다. 그러다 보니 제 자신도 ""지금의 일이 정말 내가 오래 할 일인가?"", ""나는 어떤 일을 하며 살아가야 하지?""라는 고민을 깊게 하게 되었고, 주변 사람들 또한 이러한 고민을 하고 있다는 점이 개인적인 불안이 아니라, 많은 사람들이 겪는 보편적인 고민이라는 점이 크게 와닿았습니다.

이러한 고민을 통해 자연스럽게 ""이런 고민을 가진 사람들에게 실질적으로 도움이 되는 일을 해보고 싶다""는 새로운 방향성이 생겼고, 그 과정에서 커리어 및 교육 산업에 시선이 갔습니다. 멘티님의 경우에도, 금융 IT 솔루션 영업 경험을 통해 시장의 한계나 고객의 미충족 니즈를 파악했고, 이를 더 큰 전략적 관점에서 해결하고 싶어 사업 개발로 확장하게 되었다는 논리를 구성하면 좋습니다. 저 스스로도 제 커리어의 다음 단계를 찾고 싶었고, 동시에 다른 사람들의 답 찾는 여정에 기여할 수 있다는 점이 이 산업을 선택한 중요한 이유였습니다.

다만 제가 오랫동안 영업을 해오다 보니, 지금까지 쌓아온 강점을 완전히 버리고 새로운 직무를 시작하기보다는, 고객 이해, 관계 형성, 니즈 분석과 같은 제 경험이 자연스럽게 확장될 수 있는 역할을 찾고 싶었습니다. 따라서 업계는 바뀌지만, 제가 잘할 수 있는 역량을 기반으로 제품과 서비스를 기획하고 디벨롭하는 역할인 사업개발(BD) 직무가 가장 잘 맞는다고 판단했습니다. 이는 완전히 새로운 길이 아니라, 기존 경험의 연장선상에서 제 커리어를 확장시키는 전략적인 선택이었다는 메시지를 전달했습니다.

<면접은 설득. 공감은 설득의 촉매제입니다>
면접에서 앞서 설명드린 흐름으로 말을 이어나갈 때 가장 진정성 있게 전달되었고, 면접관들도 제가 단순히 호기심이나 현재 직무에 대한 불만 때문에 이직하는 것이 아니라, 더 오래 의미 있게 일하기 위해 선택한 커리어 확장이라는 메시지를 명확하게 이해해 주셨습니다.

멘티님께서도 '내가 왜 이 선택을 했는지'와 '이 선택이 나의 커리어 흐름에서 어떤 의미가 있는지' 이 두 가지를 한 줄의 이야기로 만들 수 있다면 면접에서 훨씬 설득력 있게 전달될 것입니다. 새로운 분야로의 이직은 용기와 고민이 함께 필요한 선택이지만, 그만큼 본인의 가치관과 강점을 더 잘 활용할 수 있는 기회가 되기도 합니다.
멘티님의 앞으로의 선택이 더 좋은 방향으로 이어지기를 진심으로 응원합니다. 궁금한 점이 있다면 언제든 편하게 질문 주세요.",
47,홍보/CSR,"광고 취업, 소재와 매체의 조합 ‘미디어 크리에이티브’",시나리오50-47,"선배님! 광고 기획 직무를 희망하고 있는 대학생입니다! 저학년 때부터 광고 기획, 즉 메세지를 기획하는 직무를 희망했는데 해당 직무만 염두에 두고 취준을 하려 하니 폭이 좁아져서 걱정입니다.

특히 최근에는 미디어 플래너/퍼포먼스 마케터 쪽의 신입 공고가 많이 올라오는 추세인 것 같은데요. 데이터를 활용하여 매체를 기획하는 업무에 대한 거부감은 없지만 아직 경험해 보지 못한 것에 대한 마음의 거부감이 있는 것 같습니다.

이런 경우 기간제 인턴이라도 좋은 기회가 있다면 매체 기획 직무도 도전해 보는 것이 좋을지 조언을 듣고 싶습니다. 시야를 넓혀 도전을 해보는 것이 어떨지 조언 한마디 부탁드립니다 :) 읽어주셔서 감사합니다!","질문 주신 내용 확인하였습니다.

취업과 관련된 세부 직무에 대한 고민이 있으신 것으로 보이는데, 커리어 초반의 방향성이 추후에도 영향을 많이 미칠 수 있기 때문에 초반 방향성이 중요한 것은 맞습니다.

결론부터 말씀드리자면, 현재 상황으로는 어떤 방향을 선택해도 나쁜 선택지는 아닐 것이라는 의견부터 전달드립니다. 이유는 아래와 같습니다.

우리가 흔히 말하는 '광고'를 구조적으로 본다면 크게 아래 2가지 요소로 구성되어 있습니다.
1) 광고 소재 (기획/크리에이티브를 통해 제작된 제작물)
2) 광고 매체 (제작된 광고 소재를 노출하는 플랫폼&채널)

광고 소재가 없으면, 플랫폼이 있어도 전달할 메시지가 없고 광고 매체가 없으면, 메시지가 있어도 전달할 플랫폼이 없습니다. 즉, 위 두 가지 요소는 필수적인 결합 요소로 어느 한 가지를 제외하기가 어렵습니다.

그렇기 때문에 멘티님의 경우 어떤 방향성을 선택하시던, 두 가지 요소에 대해 잘 알아야 하고, 특히 커리어 초반에 조금 더 다양한 영역에 대한 베이스가 될 수 있는 지식 정도는 익혀두시는 게 나중에 커리어 방향성을 좁혀 나가는 데에도 큰 도움이 될 것으로 예상됩니다.

'미디어 크리에이티브'
또한 매체의 특성을 잘 알고 있는 기획자라면, 기획 방향성부터 매체 특성을 잘 고려할 수 있습니다. 이걸 '미디어 크리에이티브'라고 하는데요. 단순히 매체를 광고 소재를 송출하는 플랫폼으로의 활용뿐만 아니라, 매체 플랫폼의 특성을 활용한 크리에이티브가 결합된다면 같은 크리에이티브도 훨씬 더 주목도가 높고 임팩트 있는 메시지 전달이 가능합니다.

다만, 원하는 방향이 명확하고 그 방향성이 앞으로도 바뀌지 않는다면, 어느 정도 익혀는 두시되, 원래 하시고 싶었던 방향성에서 멀어지지는 않도록 준비는 하셔야 합니다. (이직, 개인 공부 등)

충분한 답변이 되었는지 모르겠습니다만, 도움이 되었으면 좋겠습니다. 추가로 궁금한 부분이 있으시다면 언제든지 문의하세요 :) 감사합니다.

역시 멘토님,, 간지러웠던 곳을 긁어주는 명확한 답변 감사드립니다 :) 취업 준비에 많은 도움이 되었습니다.",
46,홍보/CSR,"광고대행사 취준, 꼭 준비해야 할 스펙이 있을까요?",시나리오50-46,"광고대행사 AE를 꿈꾸고 있는 26살 취업준비생입니다! 현업자의 생각과 조언을 공유 받고 싶어 멘토님께 몇 가지 여쭙고자 합니다! 예전에 종대사에서 인턴하셨던 경험이 있으셔서 혹시 광고대행사에 관한 얘기도 조언 주실 수 있을까요?

Q:입사하기 전 어떤 역량을 쌓는 게 중요할까요? 꼭 필요한 툴셋, 스킬셋과 지금은 굳이 준비하지 않아도 된다고 생각하시는 게 있는지 궁금합니다. GA / 엑셀 / 리포트 작성 / 매체 이해도 등등.","광고 취업 준비, 목표 설정이 우선입니다
일단 광고업은 아시다시피 다양한 사람들이 모여서 일을 해요. 어떤 특정 스펙만을 선호하지 않습니다. 그러니 to-do, not to-do는 없다고 생각하시면 돼요. 물론 아무 스펙도 없는 것은 문제겠죠.

우선 광고 쪽 일을 하고 싶은 이유나, 광고 일을 하면 어떤 것을 하고 싶은 지를 먼저 결정하세요. 목표가 막연하면 준비가 막연해집니다. 물론, 실무를 하면 목표하고 희망했던 일과 다른 일을 할 수는 있어요. 그렇다고 준비할 때부터 어차피 의미 없으니까라는 생각을 할 필요는 없습니다.

예를 들어볼게요. 본인이 창의적인 어떤 광고를 만드는 것이 목표라고 한다면 그걸 증명해야겠죠. 공모전이 됐든, 아이디어 경진대회가 됐든, 남들이 없는 어떠한 경험을 쌓든 해야겠죠. 아니면 최근 트렌드에 맞게 데이터를 활용한 온라인 매체 중심의 광고 프로모션을 생각하신 다면, 이를 위해 필요한 역량이 있겠죠. 자격증이 될 수도 있고, 관련 업종 실무 경험이 될 수도 있어요.

이렇게 본인이 하고자 하는 바를 명확히 하고 좁혀 가며 필요한 것들을 찾아보세요. Tool 같은 것들은 회사마다 쓰는 것이 다르기도 하고, 누구나 배울 수 있는 것이에요. 여유가 있다면 준비해도 좋겠지만 우선순위는 아닌 듯합니다. 만약 멘티님이 저러한 tool을 다뤄서 어떠한 광고를 만들어내는 것이 목표라면, 숙련도를 높이거나 자격증을 준비할 필요도 있겠죠. 그리고 그것을 증명하기 위한 경험이 필요할 거고요.

따라서 취업 준비에 있어 가장 먼저 할 것은 본인이 지향하는 광고 업무를 정리하고, 잘할 수 있는 것과 잘 못해서 보완해야 할 것들을 정리하는 것입니다. 정해진 역량 같은 건 없어요. 누구나 갖고 있는 자신의 장점이 역량이죠. 그다음으로 그것을 증명하고 업무에 적용할 수 있게 하는 방법이 무엇일지를 생각해 보세요. 그것이 앞으로 준비해야 할 경험이겠죠.

광고 준비하는 분들이 광고 공모전을 많이 준비합니다. 실제 저도 수상 경험이 있었고요. 하지만 쉽게 생각하는 분들이 많기도 해요. 공모전의 큰 장점은 본인의 역량을 공신력 있는 결과로 증명할 수 있다는 거예요. 하지만 공모전이 꼭 필요하지는 않아요. 예시로 이야기를 드린 겁니다. 실제 제 주변에 공모전 경험 없이 광고 대행사에 취업해서 잘 다니는 친구도 있으니까요. 다만 무언가는 있어야 해요. 그 무언가를 찾기 위해 스스로의 생각을 먼저 정리해 보는 것이 어떨까요?

혹시 답변이 부족하거나 더 궁금한 것 있으면 다시 질문 보내주세요. 날이 이제 많이 풀렸는데 한두 번의 추위가 더 찾아올 것도 같네요. 늘 건강 챙기시고 준비하는 일 모두 좋은 결과 있기를 바랄게요.",
45,홍보/CSR,광고기획자? 스펙과 워라벨 저는 이렇게 생각해요,시나리오50-45,"안녕하세요, 멘토님! 전략적인 사고와 크리에이티브한 아이디어를 결합하여 소비자의 마음을 움직이는 광고기획자(AE)를 꿈꾸고 있는 지망생입니다.

단순히 화려한 영상을 만드는 것을 넘어, ‘어떻게 해야 가장 효과적인 메시지를 전달할 수 있을까’를 고민하고 캠페인의 전체적인 방향을 설정하는 기획의 매력에 빠져 이 길을 선택하게 되었습니다. 하지만 막상 준비를 시작하려니 광고계의 문턱이 높게만 느껴져, 현직에 계신 멘토님께 현실적인 조언을 구하고자 질문을 드립니다.

1. 광고기획자가 되기 위한 핵심 스펙과 준비 과정
광고기획자가 되기 위해 기본적으로 갖춰야 할 스펙(어학, 학점 등)은 어느 정도 수준인지 궁금합니다. 또한, 광고업계는 소위 말하는 ‘스펙’보다 ‘포트폴리오’나 ‘경험’이 더 중요하다는 말을 많이 들었는데, 신입 지원자로서 나의 기획 역량을 증명하기 위해 공모전 수상이나 대외활동 중 어떤 것에 더 비중을 두고 준비하는 것이 전략적일까요?

2. 기획 역량을 기르기 위한 중점 학습 요소
성공적인 광고를 기획하기 위해 평소에 어떤 공부나 훈련을 하면 좋을지 알고 싶습니다. 시장 트렌드를 분석하는 통찰력을 기르는 방법이나, 광고주를 설득할 수 있는 제안서 작성 능력을 키우기 위해 지금 당장 시작할 수 있는 연습이 있다면 무엇일까요?

3. 광고계의 현실적인 근무 환경 (급여 및 워라밸)
직무에 대한 열정만큼이나 현실적인 여건도 궁금합니다. 광고기획팀으로 첫발을 내디뎠을 때의 평균적인 연봉 수준과, 흔히 ‘야근이 많다’고 알려진 광고계의 실제 워라밸(Work-Life Balance)은 어떤지 궁금합니다. 대행사의 규모나 성격에 따라 차이가 크겠지만, 멘토님께서 경험하신 업계의 전반적인 분위기를 들려주시면 큰 도움이 될 것 같습니다.","질문하신 내용에 대해 현직자의 시각에서 조금 더 피부에 와닿게 정리해 드릴게요.

광고기획자는 어떤 일을 하나요?
AE는 단순히 반짝이는 아이디어를 내는 사람이 아닙니다. 광고 캠페인의 시작부터 끝까지 설계하고 책임지는 '총괄 감독'에 가까워요. 브랜드가 처한 진짜 문제가 무엇인지 정의하는 것부터 시작해서, 누구에게 어떤 메시지를 던질지, 예산과 일정은 어떻게 쪼갤지를 종합적으로 관리합니다. 아이디어가 실제 성과로 이어지게 만드는 '설계와 관리'가 업무의 핵심이라고 보시면 됩니다.

어떤 스펙이 필요할까요?
사실 광고계는 전공이나 자격증보다 '이 사람이 어떻게 생각하는가'를 훨씬 중요하게 봅니다. 광고홍보나 경영학이 도움은 되겠지만 필수는 아니에요. 대신 채용 담당자가 궁금해하는 건 여러분의 사고력입니다. 실무 경험이 없더라도 평소 좋아하는 브랜드를 하나 정해서 '나라면 이 브랜드의 문제를 이렇게 정의하고, 이런 전략을 짜겠다'는 분석 노트를 만들어 보세요. 논리적으로 문제를 해결해 나가는 과정을 보여주는 포트폴리오가 그 어떤 자격증보다 강력한 무기가 됩니다.

미리 준비하면 좋은 기본기
현업은 결국 문서로 시작해서 문서로 끝납니다. 내 생각을 남에게 설득해야 하니까요. 그래서 PPT와 엑셀은 단순히 잘 다루는 수준을 넘어, 논리적으로 슬라이드를 구성하고 수치(예산, 성과 지표)를 꼼꼼하게 정리할 줄 알아야 합니다. 이 감각을 익히는 데는 공모전만 한 게 없어요. 수상을 못 하더라도 제안서를 끝까지 써본 경험 자체가 나중에 실무에서 바로 쓰일 자산이 됩니다. 또, 글로벌 클라이언트를 맡게 될 수도 있으니 영어 공부도 틈틈이 해두시면 기회의 폭이 확 넓어질 거예요.

연봉과 워라밸, 솔직히 어떤가요?
연봉은 회사 규모에 따라 차이가 꽤 큽니다. 대기업 계열 인하우스 대행사라면 신입 기준으로 4,000만 원 내외 혹은 그 이상을 받기도 해서 다른 업계에 비해 결코 적은 수준은 아니에요. 워라밸에 대해서는 예전처럼 무조건 밤을 새우는 문화는 많이 사라졌습니다. 다만 업무 특성상 '피크 타임'은 분명히 존재해요. 큰 광고주를 따내기 위한 '피치' 기간이나 캠페인 런칭 직전에는 업무 강도가 높아집니다. 상시 야근보다는 프로젝트 주기에 따라 업무의 밀도가 달라진다고 이해하시는 게 정확할 것 같아요.

광고기획자는 감각적인 천재보다는 전략적인 사고를 하고, 이를 문서로 증명하며 끝까지 책임지는 사람을 원합니다. 이 과정이 즐겁게 느껴진다면 광고계는 정말 도전해 볼 만한 가치가 있는 곳이에요. 멘티님의 도전을 진심으로 응원합니다!",
44,홍보/CSR,"국제회의 PCO 직무, 어떻게 취업을 준비해야 할까요?",시나리오50-44,"멘토님, 안녕하세요. 최근 국제회의 현장을 참관하며 PCO라는 직무에 매료되어 취업을 준비하고 있는 졸업 예정자입니다. 뒤늦게 진로를 결정하다 보니 관련 전공도 아니고, 실무 지식도 부족해 막막한 마음에 조언을 구하고자 합니다.

저는 그동안 전략기획 및 투어 콘텐츠 기획 동아리 활동을 하며 '기획' 역량을 쌓아왔습니다. 이를 MICE 산업에 녹여내고 싶지만, 현재 운영요원 경험조차 없어 무엇부터 시작해야 할지 고민이 많습니다. 멘토님께 세 가지만 여쭤보고 싶습니다.

첫째, 운영요원 경험만으로 취업이 가능할까요? 운영요원 지원을 계속하고는 있지만, 이것만으로 충분할지 의문이 생깁니다. 비전공자로서 실무 역량을 증명하기 위해 추가로 준비해야 할 자격이나 교육이 있다면 무엇인가요?

둘째, 기존의 기획 경험을 어떻게 직무와 연결하면 좋을까요? 전략 기획이나 투어 기획 경험이 PCO 업무에서 어떤 강점으로 발휘될 수 있을지, 실무자의 시선에서 조언 부탁드립니다.

셋째, 전공자들과의 격차를 어떻게 극복하면 좋을까요? 현업에서 전공 지식보다 더 중요하게 평가하는 자질은 무엇인지 궁금합니다. 이제 막 꿈을 정한 신입의 열정을 어떤 식으로 실무적 가능성으로 보여드리면 좋을까요?

새로운 시작을 앞둔 저에게 멘토님의 고견은 큰 힘이 될 것 같습니다. 긴 글 읽어주셔서 감사합니다.","PCO라는 명확한 목표를 정하신 멘티님의 열정이 느껴져서 참 반갑네요. 졸업을 앞두고 정보가 부족한 산업군을 준비하려니 막막한 마음이 크시겠지만, 실무자의 시선에서 현실적인 돌파구를 정리해 드릴게요.

1. 운영요원 경험보다 강력한 '프로젝트 계약직'에 도전해 보세요
단순 운영요원 경험은 주요 포지션의 보조 역할에 그치기 때문에 업무의 깊이를 느끼기에는 한계가 있습니다. 만약 PCO의 업무를 제대로 경험하고 싶다면, 운영요원보다는 계약직(기간제)이나 프로젝트 단위 인원으로 참여해 보시길 추천합니다. 운영요원보다 훨씬 무게감 있는 업무를 수행하게 되며, 이는 이력서에서도 운영요원 경험보다 훨씬 강력한 스펙으로 인정받을 수 있습니다.

2. PCO의 핵심 무기는 기획력과 '언어 역량'입니다
비전공자라는 점에 너무 위축될 필요는 없습니다. 관련 학과 전공이 산업의 흐름을 읽는 데는 유리하겠지만, 실무에서 더 중요하게 평가받는 것은 외국어(영어) 경쟁력입니다. 해외 연사와 소통하고 자료집을 관리하는 업무가 많기 때문이죠. 멘티님이 가진 기획력에 탄탄한 영어 실력을 더한다면 전공자들 사이에서도 충분히 독보적인 경쟁력을 가질 수 있습니다.

3. 기업의 규모보다 '경험의 질'에 집중해 보세요
우리 업계는 코엑스나 인터컴 같은 대형사도 있지만, 작지만 알찬 회사들이 정말 많습니다. 대기업과 중소업체의 업무 진행 방식이 근본적으로 큰 차이가 나지는 않거든요. 파리바게뜨의 단팥빵이나 동네 카페의 단팥빵이나 핵심 레시피는 비슷한 것과 같은 이치입니다. 처음부터 이름 있는 기업만 고집하기보다, 규모가 작은 곳이라도 실무를 깊게 배울 수 있는 곳에서 커리어를 시작해 보는 유연함이 필요합니다.

4. 지속 가능한 전문가로 성장하기 위한 마음가짐
마지막으로 당부드리고 싶은 점은, 본인과 맞는 기업 문화를 찾는 노력을 게을리하지 마세요. 일이 즐거워도 조직의 분위기가 맞지 않으면 버티기 어렵기 때문입니다. 처음부터 높은 급여를 기대하기보다는, 이 산업에서 '대체 불가능한 전문가'로 성장하겠다는 장기적인 로드맵을 그려보세요. 업계가 좁은 만큼 작은 회사에서의 경험도 성실히 쌓다 보면, 분명 몇 년 뒤에는 좋은 연봉과 함께 더 큰 기회가 찾아올 것입니다.

준비하시면서 또 궁금한 점이 생기면 언제든 편하게 질문해 주세요. 멘티님의 새로운 시작을 진심으로 응원합니다!",
43,홍보/CSR,"홍보 PR, 대학생은 어떻게 경험해 봐야 하나요?",시나리오50-43,"안녕하세요, 멘토님! 기업과 대중을 연결하는 홍보 직무에 매력을 느끼고 진로를 준비 중인 대학생입니다. 책이나 강의를 통해서 매체 관계나 위기관리 같은 이론은 접해왔지만, 매일 변화하는 최전선에서 일하시는 현직자 분들의 생생한 목소리와 실무 이야기가 늘 갈급했습니다. 멘토님의 소중한 경험을 나침반 삼아 단단히 준비해 보고 싶어 질문을 남깁니다.

1.홍보 분야로의 첫 발걸음: 멘토님께서는 대학 시절 혹은 커리어 초기, 어떤 계기로 수많은 마케팅/커뮤니케이션 영역 중 '홍보(PR)'라는 직무에 매료되어 진로를 결정하게 되셨는지 멘토님의 첫 시작이 궁금합니다.

2.가장 빛났던 프로젝트의 기억: 현업에서 다양한 보도자료 배포, 미디어 믹싱, 혹은 캠페인을 진행하시면서 가장 기억에 남거나 홍보 마케터로서 짜릿한 보람을 느꼈던 프로젝트 스토리를 소개해 주실 수 있을까요?

3.주니어를 위한 대학 생활 경험 제언: 홍보 신입사원에게 요구되는 가장 핵심적인 자질(예: 글쓰기 능력, 트렌드 센스, 커뮤니케이션 역량 등)은 무엇인가요? 이를 기르기 위해 대학 생활 중 '이것만큼은 꼭 경험해 봐라' 하고 추천하시는 활동이 있다면 조언 부탁드립니다.

멘토님의 소중한 커리어 이정표를 이어받아, 세상과 진정성 있게 소통하는 홍보 전문가로 성장하고 싶습니다. 귀한 시간 내어 읽어주셔서 진심으로 감사드립니다!","멘티님, 안녕하세요! 언론과 대중의 최전선에서 소통하는 홍보(PR) 직무에 관심을 가지게 되신 것을 환영합니다. 현재 저는 커뮤니케이션실에서 언론 대응 및 외부 PR 업무를 총괄하고 있습니다. 방송사, 종합지, 경제지, 온라인 매체 등을 전방위로 관리하며 취재 대응, PR 소재 발굴, 기사 콘텐츠 작성, 위기관리(리스크 대응) 등의 업무를 수행하고 있죠.

매일 기자들과 대면하며 소통하고 언론 관계의 신뢰도를 높이기 위해 발로 뛰고 있는 현직자의 시선에서, 질문하신 내용에 대해 솔직하고 구체적인 답변을 들려드리겠습니다.

1. 홍보실로의 여정: 거창한 계기보다 '나 자신에 대한 확신'
솔직히 말씀드리면, 저에게 처음부터 홍보실에 가겠다는 거창한 계기가 있었던 것은 아닙니다. 원래는 사내 조직문화 업무를 담당했었는데, 평소 친하게 지내던 홍보실 선배와 부장님의 제안, 그리고 회사의 인사 이동이 자연스럽게 맞물리면서 홍보 업무를 시작하게 되었습니다. 회사 생활에서는 의외로 이렇게 자연스러운 기회로 직무를 전환하는 경우가 많습니다.

다만, 계기보다 중요한 것은 '이 직무가 내 성향과 얼마나 맞는가'입니다. PR 업무는 텍스트 기반의 콘텐츠 제작과 대면 접촉이 핵심이기 때문에, '창작'과 '대인관계'에서 오는 스트레스 역치가 스스로 얼마나 높은지 반드시 점검해 보셔야 합니다.

저 같은 경우에는 작은 문예지에 등단할 정도로 평소 텍스트 창작에 깊은 자신감이 있었고, 사람 만나는 것을 워낙 좋아해 직무에 빠르게 적응할 수 있었습니다. 물론 단순히 사람만 좋아하는 싹싹함만으로는 부족합니다. 상대방에게 무리가 되지 않는 선에서 편안한 호감을 주어야 하며, 무엇보다 언론 관계자들에게 '설득력 있는 사람', '신뢰할 수 있는 사람'이라는 이미지를 심어줄 수 있어야 합니다.

2. 가장 보람찼던 기억: 지면 전체를 자사 기사로 채웠던 3개월의 사투
가장 기억에 남는 프로젝트는 신문 지면 2개 면 전체를 우리 회사의 PR 기사로 전면 기획하여 채웠던 대형 프로젝트입니다. 약 석 달 동안 쉼 없이 진행되었는데, 중간에 담당 기자가 교체되는 등 실무적인 난관도 많았지만 개인적으로 가장 재밌었고 보람찼던 순간이었습니다.

이 지면을 채우기 위해 우리 회사의 역사(사사)부터 미래 성장 전략, CEO의 경영 철학, 그리고 회사의 재무적인 숫자까지 전부 파고들며 치열하게 공부해야 했습니다. 힘든 과정이었지만 기업 경영 전반을 깊이 있게 이해하게 되면서 홍보인으로서 한 단계 크게 성장할 수 있었던 소중한 경험이었습니다.

3. 홍보인을 지망하는 대학생을 위한 실전 역량 조언
홍보 직무를 진심으로 희망하신다면 다음의 두 가지 필수 역량과 경험을 반드시 갖추셔야 합니다.

첫째, 텍스트 창작에 스트레스가 없어야 합니다. 홍보는 한마디로 '프레임 싸움'입니다. 작은 이슈를 크게 키워 긍정적인 가치를 부각할 줄도 알아야 하고, 반대로 회사에 치명적일 수 있는 거대한 위기(리스크)를 논리적인 방어로 축소할 줄도 알아야 합니다. 오늘날 언론의 힘이 예전보다 작아졌다고 하지만, 보도자료의 단어와 어휘 하나에 회사의 주가가 휘청이기도 합니다. 이 모든 것을 텍스트와 구두로, 그것도 한 치의 틈도 없는 논리적인 방식으로 소통해 내는 자신감이 필요합니다.

둘째, '영업 직무'를 꼭 경험해 보세요. PR은 매일 수많은 사람을 만나야 하기에 소극적이거나 내향적인 성향이라면 업무가 많이 힘들 수 있습니다. 그래서 저는 대학 시절 기회가 된다면 무언가를 직접 판매해 보는 '영업 관련 경험'을 쌓아보길 강력히 추천합니다. 대상을 설득하고 가치를 전달한다는 점에서 영업과 홍보는 일맥상통합니다. 무언가를 '셀링(Selling)' 해본 경험이 즐거웠고 본인에게 잘 맞았다면, 홍보 직무에서도 반드시 두각을 나타내실 것입니다.

4. 취업 성공과 서류/면접을 위한 마지막 한 끗
글로벌 역량은 기본: 글로벌 커뮤니케이션 환경인 만큼, 영어는 무조건 놓지 말고 끝까지 챙기셔야 합니다.

높은 수준의 '메타인지'를 기르세요: 신입사원의 업무 실력 자체는 솔직히 다들 비슷비슷합니다. 진짜 일 잘하고 조직에 빠르게 적응하는 친구들의 특징은 '자기 자신에 대한 메타인지'가 높다는 점입니다. 본인의 장단점, 강점과 약점을 객관적으로 정확히 파악하고 있는 친구들이 면접에서도 당당하고 실무에서도 자신감 있게 역량을 뽐냅니다.

학창 시절 동안 무작정 스펙만 쌓기보다, 다양한 경험 속에서 '나라는 사람은 어떤 사람인가'를 객관적으로 끊임없이 관찰해 보세요. 높은 메타인지에서 나오는 당당한 자신감이 멘티님을 빛나는 홍보인으로 만들어 줄 것입니다. 항상 응원하겠습니다. 화이팅하세요!",
42,유통/무역/구매,"물류, 30초반에 제가 도전해도 괜찮을까요?",시나리오50-42,"안녕하세요, 긴 공백기를 거쳐 매장 아르바이트를 하고 있는 30대 초반 취업준비생입니다. 일을 하면서 물류, 자재 관리, 발주 업무에 흥미가 생겨 이쪽 분야로 진로를 정해 보려 합니다.

하지만 제가 맡은 매장 진열과 계산 업무만으로는 직무 경험을 쌓기 어렵고, 비전공자라 어떻게 시작해야 할지 막막합니다.

1.매장 진열 및 계산 경험만으로 자재 관리, 발주, 물류 직무까지 도전할 수 있을까요?

2.사람과의 대면이 힘들어 물류 직무 중에서도 운영 쪽을 희망합니다. 하지만 이 또한 협력사와의 소통이 필수적이라고 하는데, 내성적인 성격인 저에게 이 직무가 적합할지 고민입니다.

3.긴 공백기로 인해 나이가 꽤 있는 편인데, 30대 신입도 물류 직무 취업이 가능할까요? 포워딩 직무는 여성 채용이 많은 것 같은데, 다른 물류 직무에도 여성 취업자가 많은지 궁금합니다.

4.현재 다른 일을 병행하기 어려운 상황이라 자격증으로 역량을 보완하려 합니다. ERP 정보관리사, 물류관리사, CPIM 중 어떤 자격증이 가장 도움이 될까요? 또한, 채용 공고에 엑셀 숙련자를 요구하는 곳이 많은데, 컴활 1급이 필수적인가요? 컴활 2급과 실무 엑셀 공부만으로는 부족할지 궁금합니다.

읽어주셔서 감사합니다!","안녕하세요! 용기를 내어 질문해주셔서 감사합니다. 긴 공백기를 잘 견디고 새로운 직무에 흥미를 가지신 모습이 정말 멋있네요. 멘티님의 진심을 담아 응원의 마음을 전해드리고 싶습니다.

멘티님이 일하는 매장이 어떤 곳인지 정확히는 모르지만, 매일 재고를 확인하고 발주를 넣고 입고와 출고를 처리하며 마감하는 과정 자체가 물류의 기본 업무와 매우 밀접하게 연결되어 있습니다. 다른 일을 더하기 어려운 상황이시니, 지금 하고 있는 업무를 물류와 연관 지어 생각하시는 것을 적극 추천합니다.

질문에 대한 답을 하나씩 드릴게요.

<1. 매장 경험, 물류 직무로 확장하기>
현재 근무하는 매장에서 발주나 재고 관리 쪽 업무를 담당할 기회가 있다면 도전해보는 것이 좋습니다. 기회가 없다면 어깨너머로라도 감만 잡아보세요. 이렇게 간접적으로 쌓은 경험도 충분히 자기소개서에 활용할 수 있습니다. 일반적으로 자재 관리와 발주는 생산관리나 구매팀에서 담당하며, 물류팀은 물건의 이동(입고, 보관, 출고)을 관리하는 역할을 합니다.

<2. 내성적인 성격, 물류 직무에 괜찮을까?>
물류는 유관 부서의 요청을 받아 업무를 수행하기 때문에 소통이 필수적입니다. 하지만 멘티님이 물류 운영 직무를 희망하셨다면 충분히 가능합니다. 물류 운영은 크게 물류센터 운영과 포워딩 운영으로 나뉩니다.

-물류센터 운영: 물류센터에서 근무하며 협력사를 관리하는 역할로, 남성 비율이 높습니다.
-포워딩 운영: 사무실에서 근무하며 서류 작성, 운송 부킹, 오더 추적 등을 담당하며, 90% 이상이 여성입니다.

포워딩 운영은 사무실에서 많은 사람과 함께 일하지만, 대부분 서류, 이메일, 메신저로 소통하기 때문에 대면 소통이 생각보다 적습니다. 오히려 구매나 기획 직무에 내향적인 성향의 담당자들이 많아 더 잘 맞을 수도 있습니다.

<3. 30대 신입, 나이와 성비는?>
30대 초반이 신입으로 취업하기에 적은 나이는 아니지만, 충분히 가능합니다. 다만 포워딩 운영직의 경우 신입사원의 나이가 보통 20대 중반이어서, 나이 어린 선배에게 배워야 할 수도 있다는 점은 감안해야 합니다. (저도 조금 늦은 나이에 취업해서 어린 선배에게 배울 때 말도 안 되는 군기를 잡는 경우도 있었지만요.) 직무별 성비를 보면, 구매나 기획은 남녀 비율이 5:5 정도이고, 영업이나 물류센터 운영은 남성 비율이 높은 편입니다.

<4. 어떤 자격증이 도움이 될까?>
자격증을 취득하기 전에 먼저 물류의 세부 직무를 결정해야 합니다.
-구매/포워딩 운영: 국제무역사
-물류센터 운영: 물류관리사
-생산관리: CPIM (가장 난이도가 높습니다.)

채용 공고에서 엑셀 숙련자를 요구한다고 해서 컴퓨터활용능력 자격증을 취득하는 것은 추천하지 않습니다. 실무에서 효용성이 낮기 때문입니다. 차라리 엑셀 실무 강의를 듣고, 입사 후 부딪히며 배우는 것이 훨씬 효율적입니다.

우선 지금 하는 아르바이트를 물류와 연결하는 데 집중하면서, 세부 직무를 결정하고 관련 자격증을 준비하세요. 그리고 절대 아르바이트를 그만두지 마세요. 회사에서는 취업 준비만 한 지원자보다 사회생활 경험이 있는 지원자를 훨씬 더 선호합니다.

나중에 추가 질문이 있으시면 언제든지 편하게 문의하세요. 참고로, 잇다에서 9월 24일 온라인 멘토링도 진행하니 참여해 보시는 것도 추천합니다. 응원합니다! :)",
41,유통/무역/구매,"해외영업 스펙, 26년에도 이게 중요합니다",시나리오50-41,"멘토님, 안녕하세요. B2B와 B2G 분야의 해외영업 및 사업개발 직무를 꿈꾸고 있는 대학생입니다. 저는 지난 2025년 하반기에 첫 취업 준비를 시작하며 총 11곳에 서류를 지원했습니다. 그중 2곳에서 서류 합격 소식을 들었고, 특히 A사 서아프리카 지역 해외영업 직무에서 최종 면접까지 진출했으나 아쉽게도 탈락의 고배를 마셨습니다.  이번 하반기에 최종 합격이라는 결실을 보지 못해 내년 상반기를 다시 준비하고자 합니다.

1. 2026년 상반기 대비 준비 계획에 대한 피드백 요청
내년 상반기 채용 시즌 전까지 다음과 같은 구체적인 학습 및 자격증 취득 계획을 세웠습니다. 
- 인적성 공부
- 무역영어 1급
- 컴활 1급
- SQLD/ADSP
- 품질경영기사
- 자소서 경험 분석

실무적인 관점에서 또 취업 준비 관점에서 이런 스펙 준비에 관해  어떻게 생각하시는지 멘토님의 고견을 여쭙고 싶습니다.

2. 현재 역량에 대한 객관적인 진단 및 보완점 질문
최종 면접까지 갔던 경험을 비추어 볼 때, 멘토님께서 생각하시기에 저의 현재 강점은 무엇이며 반대로 부족한 부분은 어느 지점인지 궁금합니다. 특히 하반기 최종 탈락의 원인을 분석하고 내년 상반기에 승부수를 띄우기 위해 제가 추가로 보완해야 할 실무 역량이나 준비 사항이 있다면 가감 없는 조언 부탁드립니다.","본격적인 취업 준비의 길에 들어서신 것을 환영하며, 제가 드리는 말씀이 멘티님께 실질적인 도움이 되기를 바랍니다.

해외영업 직무에서 스펙보다 중요한 외국어 실력
첫 번째로, B2C, B2B, B2G를 막론하고 해외영업 직무에서 소위 말하는 자격증 스펙은 크게 중요하지 않습니다. 내년 상반기를 목표로 다양한 자격증 공부를 계획하고 계시지만, 저는 이를 추천드리지 않습니다.

오히려 가장 중요한 건 외국어 실력입니다. 특히 영어의 경우에는 오픽 AL까지는 반드시 만들어 놓으셔야 합니다. 그 외의 자격증들은 정말 부차적인 요소로 여겨지며, 자기만족이라면 괜찮겠지만 효율적인 시간 관리를 위해서는 영어 실력을 향상시키는 데 더 집중하셔야 합니다.

경험을 통한 역량 발휘와 강점 인식
두 번째로, 스스로의 강점을 명확히 인식해야 합니다. 제가 본 멘티님의 강점은 다양한 경험을 통해 다져진 환경 적응력입니다. 군 생활은 물론이고 그 이후의 여러 인턴 경력 역시 매우 글로벌합니다. 다만 이러한 경험 자체가 합격을 보장하지는 않습니다. 이런 경험을 통해서 구체적으로 어떤 역량을 배웠고, 실제 업무에서 어떻게 발휘할 수 있는지가 훨씬 중요합니다. 기존 경험의 기반 위에서 회사에 어떤 점으로 도움을 줄 수 있을지를 자기소개서와 면접을 통해 명확하게 제시해야 합니다.

산업 및 회사 분석의 결정적인 중요성
세 번째로, 지원하는 회사에 대해서 깊이 있게 알아야 합니다. 의외로 많은 취업 준비생들이 산업과 회사 분석의 중요성을 간과하곤 합니다. 하지만 결정적인 승패는 바로 이 이해도에서 갈립니다. 특히 면접관들이 좋아하는 포인트는 매출이나 이익 같은 정량적인 지표보다 '현직자들이 알만한' 회사의 작은 스토리 같은 내용입니다. 정량 지표는 어디서든 구할 수 있지만, 회사의 숨은 스토리는 쉽게 알 수 없기 때문입니다. 나무위키나 인터넷 검색 등을 통해 얻을 수 있는 다양한 이야기들을 함께 공부해 간다면 면접에서 좋은 효과가 있을 것입니다.
직무 방향성의 확장과 적극적인 지원
마지막으로, 해외영업만을 고집하기보다는 시야를 폭넓게 넓혀보시는 것을 추천합니다. 상사 해외영업이나 트레이딩 분야는 물론이고, 전공이 산업공학계열이신 만큼 품질이나 제조 관리, 혹은 ESG 쪽으로도 방향을 고려해 보셨으면 좋겠습니다.좁아진 문만큼, 이제는 전략적인 행보가 중요합니다. 이제 본격적으로 취업 시장의 문을 두드릴 때입니다. 자격증 공부에 너무 많은 시간을 쓰기보다는, 지금 바로바로 입사 지원을 시작하시길 바랍니다.경험은 준비가 아니라 시도하는 데서 쌓입니다.",
40,회계/재무/금융,영어 능통자 우대? 능통자가 아니면 지원하면 안될까요?,시나리오50-40,"안녕하세요, 멘토님! 지난여름에 질문을 드리고 어느덧 찬 바람이 부는 연말이 되었네요.

저는 올해 세무사 2차 시험에서 아쉽게 불합격한 뒤, 내년 유예 시험 합격을 목표로 다시 매진하고 있습니다. 본격적인 유예 강의가 시작되기 전, 실전 감각도 익히고 자기소개서 작성이나 면접 경험을 쌓아보고자 몇몇 기업에 지원해 보았습니다. 중견기업부터 대기업까지 총 3곳 정도에 도전해 보았는데, 결과적으로 모두 서류 전형에서 탈락하게 되었습니다.

시험 공부와 병행하며 얻은 결과라 마음이 복잡하기도 하지만, 탈락의 원인을 분석해 내년에는 더 단단하게 준비하고 싶어 실무적인 궁금증 두 가지를 여쭤보고자 합니다.
1. 영어 성적의 실질적인 필터링 기준 (Q1)
제가 지원했던 기업들은 채용 공고상에 영어 점수를 '명시적 지원 자격'으로 못 박아둔 곳들은 아니었습니다. 다만, 우대사항에 '영어 능통자'라는 문구가 기재된 경우는 많이 보았습니다.

이처럼 영어가 필수 자격이 아닌 '우대사항'인 경우에도, 대기업이나 중견기업 서류 전형에서는 토익스피킹이나 오픽 같은 성적이 아예 없는 지원자를 내부적인 기준에 따라 탈락시키는 경우가 흔한지 궁금합니다. 성적 보유 여부가 당락에 어느 정도의 실질적인 영향력을 미치는지 멘토님의 고견을 듣고 싶습니다.
2. 자소서 작성 시 AI 활용의 적정성과 효과적인 방법 (Q2)
기업마다 문항이 제각각이다 보니 효율적인 작성을 위해 구글 제미나이(Gemini) 같은 AI의 도움을 많이 받았습니다. AI가 써준 내용을 그대로 복사해서 붙여넣지는 않았고, AI를 통해 초안의 구조를 잡거나 문장을 다듬은 뒤 제가 직접 살을 붙여 완성하는 방식을 택했습니다.

혹시 기업 측에서 AI 감지 툴 등을 활용해 'AI가 작성한 자기소개서'라고 판단하여 불이익을 줄 가능성도 있을까요? 또한, 지원자만의 진정성을 잃지 않으면서도 AI를 효과적으로 활용하여 서류 합격률을 높일 수 있는 멘토님만의 노하우가 있다면 알려주시면 감사하겠습니다.

올 한 해 마무리 잘하시고, 답변 주시면 저에게는 큰 새해 선물이 될 것 같습니다. 멘토님께서도 건강하고 행복 가득한 새해 맞이하시길 진심으로 바랍니다. 감사합니다!","오랜만에 연락 주시고 근황 알려주셔서 저도 반갑습니다. 세무사 유예 준비와 취업 도전을 병행하시느라 고생이 많으셨을 텐데, 멘토님의 진심 어린 조언을 바탕으로 궁금하셨던 부분들을 정리해 드립니다.

직무 수행 역량으로서의 영어 우대사항과 활용도
우대사항에 영어 능통자를 기업이 명시했다는 것은, 다시 말해 '해당 직무 수행 시 영어를 활용하면 직무 담당자와 기업 입장에서 원활하게 성과를 낼 수 있다'고 고려해 적어두었다고 생각합니다. 따라서 영어 점수를 보유하고 있다면 반드시 제시할 필요가 있습니다.

그러나 영어 점수를 보유하지 않았다고 해서 '필수 사항'에 없는 내용을 가지고 일부러 떨어뜨리는 경우는 많지 않을 것이라 생각합니다. 다만, 해당 기업의 사업 영역을 잘 살펴보시고, 글로벌 기업이거나 수출 중심의 기업, 또는 직무 수행 시 해외 자회사 또는 해외 바이어들과 의사소통 및 상호교류가 빈번하게 필요할 경우 '영어 점수 제시'는 당락에 영향을 미칠 수 있다고 생각합니다.

AI 활용의 주체와 채용 담당자가 체감하는 차이
저도 LLM 서비스 자주 활용합니다. 다만 초안 작성 자체를 LLM에게 맡기신 후 그 초안을 가지고 당사자가 수정했다면, 결과물을 뽑는데 원활할 수는 있으나 '과연 이 글이 나의 것이 맞는가'라는 생각이 들 수도 있습니다. 이 생각은 '읽는 사람'인 채용담당자 입장에서도 마찬가지일 수 있다고 봅니다.

따라서 목차 및 초안의 뼈대는 당사자가 직접 작성하되, 그 작성내용을 LLM에 프롬프팅할 때 세세하게 지시해주고 결과값을 받은 후, 이를 다시 내 컨셉과 방향에 맞게 수정한다면 온전히 LLM의 도움을 받은 '자신의 글'이 될 수 있다고 봅니다. 제가 말씀드린 2가지 작업방식의 차이를 곰곰이 생각해 보세요. 이 두 가지 방식에 대한 결과값을 '읽는 사람(채용담당자)' 입장에서 생각해 본다면 그 차이는 클 것이라 봅니다.

언제든지 궁금한 사항 있으시면 문의해 주세요. 메리 크리스마스! 그리고 새해에는 좋은 일만 가득하시길 바랍니다.",
39,회계/재무/금융,"재무, 회계 취업도 스토리가 중요합니다.",시나리오50-39,"안녕하세요, 멘토님! 재무 및 회계 직무를 목표로 커리어를 설계 중인 멘티입니다.

저는 지난 3년간 공인회계사 시험을 준비하며 1차 합격이라는 성과를 거두었으나, 아쉽게도 최종 합격에는 이르지 못했습니다. 이후 2025년 하반기부터 본격적인 취업 준비를 시작하여 금융공기업 1차 면접과 A전자 재무팀 최종 면접까지 진출하며 가능성을 확인했습니다. 하지만 마지막 문턱에서 고배를 마신 원인이 '실무 경험의 부족'에 있다는 판단이 들어, 이를 보완한 뒤 다시 한번 도전하고자 합니다.

최근에 미국 내 기업의 재무팀에서 약 3개월간 인턴으로 근무할 수 있는 기회가 생겼습니다. 다만, 선택을 앞두고 몇 가지 고민되는 지점이 있어 현직에 계신 멘토님의 조언을 구합니다.

1. 재무/회계 직무에서 해외 인턴 경험의 실효성
재무와 회계는 국가별로 법규나 회계 시스템(IFRS, US-GAAP 등)에 차이가 있다 보니, 해외 현지에서의 실무 경험이 한국 기업의 재무팀 지원 시에도 직접적인 메리트로 작용할지 궁금합니다. 단순히 '해외 체류 경험'을 넘어, 재무적 역량으로 인정받을 수 있는 수준이 어느 정도인지 알고 싶습니다.
2. 국내 실무 인턴 vs 해외 인턴의 전략적 선택
만약 해외 인턴을 포기한다면, 국내 금융권이나 대기업 재무팀 인턴에 집중하여 한국 실무 시스템을 빠르게 익히는 전략을 취하려 합니다. 신입 채용 시장의 눈높이에서 볼 때, '글로벌 감각을 갖춘 재무 인재'와 '국내 실무 프로세스에 능숙한 인재' 중 어떤 방향이 합격 확률을 높이는 데 유리할까요?
3. 최종 면접 탈락 보완을 위한 직무 경험의 깊이
금융공기업과 대기업 최종 면접까지 경험한 상황에서, 단순한 사무 보조 수준의 인턴십이 제 커리어에 유의미한 변화를 줄 수 있을지도 고민입니다. 이번 인턴십을 통해 어떤 구체적인 과업을 경험해야 다음 면접에서 '직무 전문성'을 확실하게 증명할 수 있을까요?","먼저 회계사 시험 준비부터 최근 A전자 최종 면접에 이르기까지, 목표를 향해 치열하게 달려오신 노력에 큰 박수를 보냅니다. 최종 면접 단계까지 진출했다는 사실은 멘티님의 기본적인 역량과 자질이 이미 주요 기업들이 요구하는 높은 수준에 도달해 있다는 강력한 증거입니다. 비록 마지막 문턱을 넘지 못했더라도, 본인의 실력에 대해 충분한 자부심과 자신감을 가지셔도 좋습니다.

<해외 회계 시스템에 대한 우려와 실무적 관점>
해외 인턴을 고민하시며 국가 간 회계 시스템의 차이를 걱정하셨는데, 결론부터 말씀드리면 그 부담은 덜어두셔도 괜찮습니다. 회계의 근간은 전 세계적으로 유사하며, 특히 글로벌 주요 기업들은 대부분 국제회계기준(IFRS)을 따르기 때문에 큰 틀에서의 프로세스는 동일합니다. 따라서 시스템의 차이가 실무 역량의 결격 사유가 되지는 않습니다. 오히려 기업은 해외 인턴을 통해 낯선 환경에서 동료들과 소통하며 업무를 완수한 적응력, 도전정신, 그리고 글로벌 마인드라는 직무 태도를 매우 긍정적으로 평가할 것입니다.

<차별화된 스토리>
만약 현재 해외 인턴 기회가 확정된 상태라면 적극적으로 다녀오시는 것을 추천합니다. 냉정히 말해 인턴에게 아주 비중 있는 재무 업무를 맡기지는 않겠지만, '해외 재무 인턴'이라는 이력 자체가 국내 취업 시장에서 상당히 희소한 스펙입니다. 단순히 이력서 한 줄을 채우는 것을 넘어, 한국과는 다른 프로세스를 경험하며 겪은 에피소드들은 서류와 면접에서 본인만의 확실한 차별화 포인트이자 매력적인 스토리가 될 것입니다.

<목표 기업 성격에 따른 전략적 선택>
다만, 선택의 기준은 멘티님이 지향하는 기업의 성격에 따라 달라질 수 있습니다. 만약 금융공기업처럼 다소 보수적이고 국내 규정 준수가 엄격한 곳을 최우선 순위로 둔다면 국내 인턴십이 실질적인 도움이 될 수 있습니다. 하지만 사기업이나 글로벌 대기업 재무팀을 목표로 하신다면, 해외 인턴 경험이 글로벌 비즈니스 감각을 증명하는 데 훨씬 유리하게 작용할 것입니다.
결국 지금의 고민은 멘티님의 커리어를 더욱 풍성하게 만드는 과정입니다. 어떤 길을 선택하시든 이미 검증된 역량을 바탕으로 멋진 스토리를 만들어내실 거라 믿습니다. 화이팅하세요!",
38,회계/재무/금융,은행 경력이 증권사 이직 시 어떤 도움이 될까요?,시나리오50-38,"멘토님, 안녕하세요! 금융권 취업을 준비하며, 먼저 입사가 용이한 곳에서 경력을 쌓은 뒤 증권사로 이직하는 전략을 계획 중인 멘티입니다. 실무를 병행하며 더 높은 목표를 향해 나아가는 과정에 대해 현직자의 조언을 구합니다.

1. 은행 경력이 증권사 이직 시 어떤 실무적 강점이 되며, 핵심적인 차이는 무엇인가요?
은행의 여신, 외환 등의 업무 지식이 증권사의 IB나 WM 직무로 넘어갈 때 어떻게 '브릿지 역량'이 될 수 있을까요? 또한, 안정 중심의 은행과 수익 중심의 증권사 사이에서 업무 방식이나 성과를 바라보는 시각 차이를 극복하는 방법이 궁금합니다.

2. 현직을 유지하며 이직을 준비할 때 마주하는 현실적인 애로사항은 무엇인가요?
은행의 높은 업무 강도 속에서 퇴근 후 공부나 면접 준비를 병행할 때 겪게 되는 시간 관리 노하우가 궁금합니다. 특히 금융권 특유의 좁은 인적 네트워크 안에서 보안을 유지하며 이직을 준비하는 실무적인 팁이 있다면 알고 싶습니다.

3. 지치지 않고 이직 준비를 이어갈 수 있는 실무자의 '원동력'은 어디서 나오나요?
근무와 이직 준비를 병행하는 것은 체력적, 정신적으로 매우 고된 일이라 생각합니다. 멘토님 혹은 주변 사례를 보셨을 때, 현재의 안정을 뒤로하고 더 높은 목표를 향해 끊임없이 움직이게 만드는 실질적인 원동력이나 동기부여 방식은 무엇이었나요?","1. 이직의 핵심은 기관의 간판이 아닌 '유관 경력'의 전문성
은행에서 증권사로 가는 과정에서 가장 중요한 것은 단연 유관 경력입니다. 단순히 어느 은행에서 근무했느냐는 이력보다 어떤 부서에서 구체적으로 어떤 업무를 수행했는지가 핵심입니다.

실제로 제가 근무했던 기업금융(RM/IB) 분야는 업무 특성상 증권사나 신탁사와의 교류가 매우 빈번하여 이직 시 경험을 자연스럽게 연결하기에 최적의 환경이었습니다. 따라서 증권사 이직을 최종 목표로 삼고 있다면, 첫 직장인 은행 내에서도 증권사 업무와 접점이 큰 부서를 전략적으로 목표하여 실무를 익히는 것이 유리합니다.

2. 재직 중 이직 준비가 마주하는 현실적인 체력적 한계
근무와 이직 준비를 병행하는 것은 생각보다 훨씬 더 큰 시간적, 체력적 부담을 동반합니다. 은행 업무 자체가 기본적으로 강도가 높다 보니 퇴근 후 개인적인 준비 시간을 확보하는 것이 가장 큰 애로사항이었습니다. 절대적인 물리적 시간이 부족한 상황이므로, 단기전으로 승부를 보기보다는 호흡을 길게 가지고 효율적으로 시간을 관리하는 끈기가 필수적입니다.

3. 성장을 향한 갈망과 주변 환경이 주는 강력한 원동력
이직을 준비하는 과정은 고되지만 이를 지속하게 만드는 힘은 결국 본인의 성장 욕구에서 나옵니다. 더 나은 처우를 받으며 더 큰 시장에서 활약하는 주변 동기들이나 업계 지인들을 보며 얻는 긍정적인 자극이 큰 힘이 되었습니다. 또한 주변에 이직을 준비하거나 자기계발에 열심인 동료들이 있다면 그 분위기에 휩쓸려 자연스럽게 동기부여를 얻고 끝까지 완주할 에너지를 얻게 됩니다.

4. 신뢰받는 커리어를 위한 '최소 3년'의 법칙
금융업계 특성상 1년 미만의 너무 잦은 이직은 지원자의 성실성이나 조직 적응력에 대해 부정적인 인상을 줄 위험이 큽니다. 따라서 한 기관에서 최소 3년 정도는 진득하게 근무하며 해당 분야에서 의미 있는 성과를 내보시길 권합니다. 이 정도의 시간은 쌓여야 비로소 시장에서 전문가로 인정받는 제대로 된 실력이 형성되기 때문입니다.",
37,회계/재무/금융,"금융권 취업, 내향인도 가능할까요?",시나리오50-37,"멘토님, 안녕하세요! 불어불문학을 전공하며 금융권 취업을 꿈꾸고 있는 멘티입니다. 멘토님의 독보적인 인턴 경력과 전문성을 보며 큰 자극을 받아, 막막한 준비 과정에서 이정표를 찾고자 질문을 드립니다.

1. 주요 금융권 인턴십을 5차례나 성공적으로 수행하신 멘토님만의 비결은 무엇인가요? 한 번의 기회를 얻기도 힘든 주요 금융사 인턴십을 다수 경험하신 과정이 궁금합니다. 비전공자로서 첫 단추를 어떻게 꿰셨는지, 그리고 인턴 경험이 다음 인턴으로 이어지게 만든 멘토님만의 차별화된 지원 전략이나 태도가 있다면 알고 싶습니다.

2. 남은 기간, 어떤 순서로 역량을 집중하는 것이 가장 전략적인 로드맵일까요? 현재 투자자산운용사는 취득했으나 학점과 어학 등 보완할 점이 남아 있는 상태입니다. CFA Level 1 준비, 금융 학회 활동, 추가 인턴 지원 등 여러 선택지 중 현실적으로 어떤 순서에 에너지를 쏟아야 서류와 면접에서 가장 경쟁력 있는 후보자가 될 수 있을지 조언 부탁드립니다.

3. 증권사 RA 및 운용역 직무가 '개별적이고 집중적인 업무 성향'과 실제로 잘 맞을까요? 제가 이 진로를 설정한 이유는 사람과의 대면 접촉보다는 혼자 몰입하여 일할 때 효율이 높은 제 성향 때문입니다. 하지만 현직에서 보시기에 실제 RA나 운용역의 업무가 이러한 성향과 부합하는지, 아니면 예상보다 훨씬 높은 수준의 네트워킹과 소통 능력이 요구되는지 솔직한 의견이 궁금합니다.","비전공자라는 어려운 조건 속에서도 명확한 목표를 가지고 도전하시는 멘티님을 위해, 제가 경험하며 느낀 금융권 취업의 실전 전략을 정리해 드립니다.

첫 관문을 여는 치트키, 금융 학회의 중요성
주요 인턴십을 여러 번 경험할 수 있었던 비결은 결국 '첫 번째 연결고리'를 잘 만든 덕분이었습니다. 금융권은 철저히 실무 역량 중심으로 돌아가기에, 경력이 없는 상태에서 첫 인턴을 뚫는 것이 가장 어렵습니다. 이때 강력한 무기가 되는 것이 바로 금융 학회 활동입니다. 학회는 단순히 지식을 쌓는 곳이 아니라, 실무에 가까운 리서치와 팀 프로젝트를 수행하며 '업무 DNA'를 증명하는 곳입니다. 학회를 통해 단련된 역량은 첫 인턴 지원 시 기업에 강력한 신뢰를 주며, 일단 첫 단추만 잘 꿰면 그다음 인턴은 훨씬 수월하게 확보할 수 있습니다.

에너지 집중을 위한 전략적 우선순위 로드맵
시간과 에너지는 한정되어 있기에 철저히 효율적으로 분배해야 합니다. 제가 추천하는 우선순위는 인턴 > 학회 > CFA Level 1 순입니다.

-인턴 및 학회: 금융권은 '현장 경험'을 최우선으로 칩니다. 학회에 들어가서 이름만 올리는 유령 회원이 되지 마시고, 적극적으로 프로젝트에 참여하며 인적 네트워크와 실무 감각을 쌓으세요.
-학점과 어학: 학점은 3점 중후반대만 유지하신다면 큰 걸림돌이 되지 않습니다. 제 주변에도 3점대 초반의 학점으로 증권사에 입사해 훌륭히 커리어를 이어가는 동료들이 많습니다.
-CPA/CFA 자격증: 만약 무언가를 포기해야 한다면 CFA를 뒤로 미루세요. 자격증은 보조적인 수단일 뿐, 실무 경험을 압도할 수는 없습니다.

내향적 성향을 위한 금융권 직무 가이드
저 또한 멘티님과 비슷한 성향을 가지고 있었습니다. 저 역시 사람을 상대하는 에너지가 많이 소모되는 스타일이라 증권사 IB 인턴 시절 적지 않은 고민을 했고, 결국 제 성향에 더 잘 맞는 길을 찾아 방향을 틀었습니다.
 금융권의 영업직군은 외향성이 필수적일 수 있지만, 모든 직무가 그런 것은 아닙니다. 제가 현업에서 만난 주식·채권 운용역, 애널리스트, 리스크 심사 부서 분들 중에는 내향적이고 독립적인 성향을 가진 분들이 아주 많았습니다. 혼자 깊이 있게 분석하고 논리를 세우는 데 강점이 있다면, 운용역이나 RA는 멘티님께 충분히 매력적인 선택지가 될 것입니다.",
36,마케팅/MD,"패션기획 MD, 포트폴리오 어떻게 만들어야 할까요",시나리오50-36,"안녕하세요. 패션기획MD를 준비 중인 취준생입니다. 전공은 패션이며, 다양한 분야에서 인턴·아르바이트 경험을 쌓아왔습니다. 이런 경험들이 오히려 방향성이 없어 보일까 걱정되기도 하지만, 직접 기획하고 실행하는 일에 흥미를 느껴 기획MD 직무에 확신을 갖고 준비 중입니다.

혹시 아래 질문들에 대해 조언을 부탁드려도 될까요?

1.다양한 경험을 자기소개서나 면접에서 기획MD와 어떻게 연결해 어필하면 좋을까요?
2.OPIc과 PPT 자격증 중, 실무에 더 도움이 되는 쪽이 궁금합니다. 혹은 추천하실 다른 자격증이 있을까요?
3.포트폴리오 제작 시,
  - 참고할 만한 자료나 사이트,
  - 시장 조사 데이터를 수집할 수 있는 방법,
  - 구성 시 유의할 점이 있다면 조언 부탁드립니다.
4.마지막으로 패션기획MD 취준생에게 해주고 싶은 말씀이나 추천 도서가 있다면 알려주세요. 짧게라도 답변 주시면 정말 감사하겠습니다.","<다양한 경험, 오히려 강점입니다>
글을 읽어보니 이미 잘 준비하고 계신 것 같고, 성향도 MD 직무에 잘 맞으시는 것 같아요. MD는 광고 AE처럼 생산, 디자인, 영업, 마케팅 사이에서 중간 조율과 협업을 많이 해야 하는 직무예요. 그래서 다양한 일을 해본 경험이 오히려 큰 장점이 됩니다.

저도 입사할 때 에세이에서 ‘미스터 초밥왕’ 얘기를 꺼낸 적이 있어요. 최고의 요리사가 되기 위해 물 긷고 쌀 고르는 일부터 차근차근 배우는 과정처럼, 저도 MD가 되기 위해 다양한 일을 경험했다고 말했죠. 멘티님도 비슷한 흐름으로 “기획 MD를 목표로 다양한 현장을 경험해 왔다”는 식으로 자기소개서를 구성해 보시면 좋겠습니다.

<자격증보다 실무 경험>
자격증은 있으면 좋지만, 아주 결정적인 요소는 아닙니다. 저는 면접 때 자격증보다는 인턴이나 아르바이트 등 실무에 가까운 경험을 더 중요하게 봅니다. 물론, 대기업 중 일부는 OPIc 자격증에 가산점을 주는 경우도 있어서 시간이 된다면 준비해두는 것도 좋겠죠. PPT 자격증보다는 OPIc 쪽을 추천드려요. 중요한 건 자격증 그 자체보다는 그걸 준비하는 과정에서 어떤 태도를 보여주는가라고 생각해요.

<포트폴리오, 논리와 관심 중심으로>
제가 취업 준비할 당시엔 디자이너를 제외한 MD 같은 직군은 포트폴리오가 필수는 아니었어요. 그래도 만약 지금 제 후배가 포트폴리오를 만든다고 하면, 저는 그 친구가 얼마나 논리적으로 생각하는 사람인지, 그리고 지원 업종과 브랜드에 어떤 관심을 가지고 있는지를 볼 것 같아요.

예를 들어 남성복 MD에 지원한다면, 남성복 시장을 어떻게 분석했고, 어떤 문제를 발견했고, 그에 대해 어떤 해결방안을 제시하는지 — 이런 과정을 포트폴리오에 담는 거죠. 저는 예전에 J사에 지원할 때, 당시 회사가 중국 진출과 SPA 브랜드에 관심이 많았던 흐름을 분석해서 PT를 준비한 적도 있어요.

<데이터 수집, 너무 부담 갖지 마세요>
데이터는 사실 구하기 쉽지 않아요. 저도 그랬고요. 하지만 이건 면접관도 충분히 알고 있어요. 그래서 열정을 보여주는 방식이 더 중요하다고 생각합니다.

제가 추천드리는 방법은 다음과 같아요:
-어패럴뉴스 같은 패션 매체 기사를 매일 읽고 스크랩해두기
-통계청, 산업자원부 등의 국가통계에서 유용한 자료 찾기
-관련 논문을 참고해서 인용하거나
-매장에 직접 가서 조사하거나, 브랜드 사이트에서 유저 반응 분석하기
이런 방식으로 직접 발로 뛴 데이터는 면접장에서 꽤 인상 깊게 작용할 수 있어요. “이 친구, 진짜 준비 많이 했구나” 하고요.

<결국 실력을 만드는 건 습관입니다>
저는 비전공자 출신 MD였는데, 입사 후 처음 팀장님이 시킨 일이 아직도 기억에 남아요.
-매일 패션 뉴스 10개 정독하고, 그중 중요한 기사 10개를 골라 요약 보고
-일주일에 한 번은 시장조사를 나가서, 모르는 브랜드를 찾아 조사하고 리포트 제출

이걸 꾸준히 하다 보니 6개월, 1년쯤 지나서부터는 누구보다 패션 산업을 잘 아는 사람이 되더라고요. 멘티님도 꼭 가고 싶은 브랜드나 기업이 있다면, 관련 뉴스를 매일 읽고 정리하는 습관부터 시작해보세요. 그게 나중에 면접 때 가장 빛을 발하는 경험이 될 수 있습니다.

<마지막으로>
저도 MD라는 좁은 문을 두드려본 입장에서, 이 길이 결코 쉽지 않다는 걸 잘 압니다.  운이 따라야 할 때도 있고, 생각보다 시간이 오래 걸릴 수도 있죠. 하지만 지금처럼 방향을 잘 잡고, 꾸준히 준비해나간다면 반드시 좋은 결과가 올 거라고 믿어요. 끝까지 응원하겠습니다. 언제든 궁금한 점 있으면 또 질문 주세요!",
35,마케팅/MD,"마케팅 취업, 정말 포트폴리오가 중요한가요?",시나리오50-35,"2학년 1학기까지 마친 후 군 복무를 마치고, 현재 복학을 앞두고 있는 학생입니다. 전역 후 복학까지 약 5개월 정도의 시간이 남아서 자격증 공부도 하고, 서포터즈 활동도 하며 차근차근 미래 준비를 시작하고 있습니다.

직무를 먼저 정하는 게 중요하다는 얘기를 듣고 다양한 분야를 알아보던 중, 마케팅에 흥미가 생겨 진지하게 이쪽을 고민하고 있는데요. 아직 관련 지식이 많지 않아서 몇 가지 질문을 드리고 싶습니다.

첫째, 마케팅 직무는 포트폴리오가 중요하다고 들었는데, 학벌이나 학점도 많이 영향을 미치는지 궁금합니다. 또, 포트폴리오에는 어떤 내용이 꼭 포함되어야 하는지, 혹시 추천해주실 만한 대외활동이나 준비 방향이 있을지도 알고 싶습니다.

둘째, 복수전공을 고민 중인데 경영학과와 미디어커뮤니케이션학과 사이에서 고민하고 있습니다. 경영학과는 이수 학점이 많아 졸업까지 최소 1~2년이 더 걸릴 수 있고, 미컴은 상경계열이 아니라는 점이 걱정되어 망설여지고 있습니다. 현재로서는 미컴 복전과 실무경험 병행을 생각하고 있는데요, 마케팅 직무에 꼭 상경계열 전공이 필요한지도 궁금합니다.

긴 글 읽어주셔서 감사합니다. 조언을 들을 수 있다면 정말 큰 도움이 될 것 같습니다!","복학을 앞두고 마케팅 진로를 고민하고 계시다니 정말 멋지십니다. 지금처럼 진지하게 고민하고 움직이는 그 과정 자체가 이미 좋은 출발이라고 생각해요. 질문 주신 부분들 하나씩 정리해서 답변드릴게요.

<1. 마케팅 취업 시 학벌/학점 vs 실무경험/포트폴리오>
결론부터 말씀드리면, 마케팅 분야는 학벌이나 학점보다 실무경험과 포트폴리오가 훨씬 더 중요합니다. 기업에서 마케터를 뽑을 때 가장 중요하게 보는 건 센스, 열정, 실행력입니다. 말씀하신 것처럼 서포터즈 활동, SNS 채널 운영, 콘텐츠 제작 경험, 온라인 마케팅 실습 등은 전부 포트폴리오로 활용할 수 있는 좋은 활동입니다.
 직접 경험해보고, 기획부터 실행까지 과정을 정리하는 게 가장 중요해요.

<2. 포트폴리오에 꼭 들어가야 할 내용은?>
포트폴리오는 '내가 실제로 어떤 마케팅 활동을 했고, 어떤 결과를 냈는가'를 보여주는 자료입니다. 예를 들어,

-서포터즈 활동이라면 어떤 브랜드에서 어떤 역할을 했고, 어떤 성과가 있었는지
-직접 운영한 SNS 계정이 있다면 기획 의도, 팔로워 수 변화, 반응 등을 정리
-마케팅 기획서를 직접 써보거나, 브랜드 분석 보고서를 만들어보는 것도 좋은 방식입니다

하나하나 완벽할 필요는 없습니다. 다만 활동 후에 어떤 고민과 과정을 거쳤는지를 구체적으로 정리해두는 습관이 중요해요.

<3. 마케팅에 꼭 상경계 전공이 필요한가요?>
많은 분들이 궁금해하는 부분인데, 결론적으로 전공보다는 실력이 훨씬 중요합니다. 실제로 현업 마케터들 중에는 문과, 공과, 예체능 등 다양한 전공자가 많아요. 전공보다는 내가 어떤 활동을 해봤고, 그 안에서 어떤 문제를 해결해봤는지가 더 중요하게 평가됩니다.

복수전공으로는 미디어커뮤니케이션학과를 추천드리고 싶어요. 마케팅에서도 콘텐츠 기획, 브랜딩, 커뮤니케이션 감각이 중요하기 때문에 실무 연계 측면에서 미컴 수업이 더 와닿을 수 있습니다. 반면 경영학과는 마케팅보다는 회계나 재무 수업이 많아, 졸업 요건 대비 효율이 낮을 수도 있습니다.

<4. 앞으로의 로드맵>
-지금 (복학 전) : 서포터즈 1~2개 참여, SNS 운영 도전, 마케팅 관련 자격증 하나
-3학년 : 실무형 대외활동 참여, 인턴십 탐색
-4학년 : 포트폴리오 완성, 인턴 지원, 마케터 세부 직무 방향 정리
복학 전 시간이 여유로운 만큼, 지금은 서포터즈나 콘텐츠 제작 등 소규모 프로젝트부터 경험해보면서 내가 어떤 마케팅 업무에 흥미를 느끼는지 확인해보시는 게 좋겠습니다. 너무 조급해하지 마시고, 작더라도 직접 해보는 경험을 차곡차곡 쌓아보세요. 그 안에서 진짜 내가 하고 싶은 마케팅이 보일 거예요.

멘티님의 진로 고민, 충분히 공감되고 또 멋지다고 생각합니다. 궁금한 점이 생기면 언제든 편하게 질문 주세요. 꾸준히 준비해나가신다면 분명 좋은 기회가 찾아올 거예요. 화이팅입니다!",
34,마케팅/MD,이 스타트업 정말 더 다녀도 될까요?,시나리오50-34,"스타트업 글로벌 마케터 최종 합격, 하지만 입사를 망설이고 있습니다 11~13인 규모의 스타트업에 글로벌 마케터로 최종 합격했지만, 다음과 같은 이유들로 입사를 고민하고 있습니다

1. 과도한 근무 시간과 출퇴근 부담
10 to 10 근무 체제가 사실상 기정사실화되어 있습니다. 연봉은 높지 않으며, 출퇴근에 편도 2시간이 걸리는 상황입니다. 자취를 하더라도 퇴근 후 취업 준비를 병행하기 어려울 것 같아 걱정됩니다.
2. 열악한 복지와 부담스러운 조직 문화
식사 제공 외에 복지는 없으며, 대신 스톡옵션을 강조하고 있습니다. CEO는 ""회사를 위해 일하는 것이 아닌, 나를 위해 일하는 것이므로 강한 업무 강도는 당연하다""는 태도를 보이고 있습니다. 이처럼 높은 노동 강도에 대한 기대치와 조직 문화의 방향성이 우려됩니다.
3. 사업 구조와 마케팅 환경에 대한 불확실성
유료 서비스는 올해 안에 도입할 예정이라고는 하나, 정확한 시기나 전략은 불분명합니다. 지금까지는 바이럴, 이벤트 등 비용이 들지 않는 방식의 마케팅만 진행해왔으며, 향후 2~3년 근무했을 때 직무적으로 어떤 포트폴리오를 쌓을 수 있을지 CEO에게 설명을 듣지 못했고, 본인도 감이 잘 오지 않는 상황입니다.
4. 일단 어떤 일이든 하자는 마음은 있지만...
저는 산업이나 직무에 크게 상관없이 일단 일을 하자는 마음이었고, 불리한 취준 조건이라는 것도 잘 인지하고 있습니다. 그러나 막상 합격 후, 고노동에 비해 직무적인 성장도, 인간적으로도 무엇을 배울 수 있을지 불분명하다는 점이 계속 마음에 걸립니다.
주변에 마케터 선배가 없어 판단 기준이 부족하다 보니, 혹시 내가 너무 편협한 시야로 고민하고 있는 것은 아닌가 하는 생각이 들기도 합니다. 현업 마케터로서 현실적인 조언을 듣고 싶어 이렇게 질문을 드리게 되었습니다. 긴 글 읽어주셔서 감사합니다.","급한 상황이라 하셔서 최대한 빠르게 답변드립니다. 질문 내용을 읽으며 느낀 점은, 사실 마음속으로 어느 정도 결정을 내리고 계신 건 아닐까 하는 생각이 들었어요.  말하자면 ‘이 회사에 가는 게 맞는 걸까?’보다, ‘가지 않아도 괜찮을까요?’라는 질문에 더 가까워 보였습니다.

그렇다면 저도 솔직하게 말씀드릴게요. 지금 마음 상태로는 입사를 해도 오래 버티기 어려울 가능성이 크고, 그렇다면 차라리 조금 더 본인을 위한 시간을 갖고 다른 기회를 준비하시는 게 좋을 것 같아요.

<고민이 될 때는 이렇게 생각해보세요.>
1. 이곳보다 더 나은 곳을 갈 수 있을 것 같다
그렇다면 지금은 입사하지 않아도 괜찮습니다. 앞으로의 취준 과정이 쉽진 않겠지만, 지금 받은 최종합격 경험 자체가 앞으로의 준비에 좋은 자산이 될 거예요.

2. ‘그때라도 갈 걸’ 하고 후회할 것 같다면
일단 경험 삼아 입사해보고, 정말 아니다 싶을 때 그만두셔도 괜찮습니다. 짧더라도 그 안에서 분명 배우는 것이 있을 수 있고, 그 경험 역시 다음 선택의 발판이 되어줄 거예요. 다만, ‘언제든 그만둘 수 있다’는 전제 아래 입사하신다면, 스스로를 너무 몰아붙이지 않아야 한다는 점도 꼭 기억해 주세요.

저는 개인적으로, 열심히 일하는 것도 ‘나의 성장과 동기’에서 출발해야 한다고 생각해요. 회사가 전제부터 ‘강한 노동이 당연한 것’이라는 자세라면, 처음부터 정당한 배움이나 대우를 기대하기는 어려운 환경일 가능성이 큽니다. 그리고 그 환경이 본인을 ‘단련’시켜주기보다는, 자신감을 깎고 회의감을 만들 수 있는 공간이 될 수 있다는 점도 꼭 고려해보셨으면 해요.

이번에 최종합격까지 올라가셨다는 건 분명 경쟁력을 갖고 있다는 의미입니다. 인턴 경험이 없다는 점이 불안할 수 있지만, 대신 경험을 대체할 수 있는 스토리와 시선을 갖추는 것이 더 중요해요. 다음 기회엔 이번 경험을 기반으로 더 자신감 있게 지원하실 수 있을 거예요. 혹시 다음 기회를 준비하면서 또 고민되거나 힘든 순간이 생기면, 언제든지 멘토링 신청 주셔도 좋고 이렇게 글 남겨주셔도 됩니다.

앞으로 좋은 방향으로 나아가실 수 있도록 진심으로 응원할게요! 남은 주말 따뜻하게 보내시길 바랍니다.

주말임에도 불구하고 빠르게 답변 주셔서 정말 감사합니다..! 제 상황을 기반해서 현실적으로 답변을 주셨고, 말씀해주신 내용들 잘 새겨들어 저에게 좋은 선택을 해보겠습니다!",
33,마케팅/MD,"마케팅 취업, 경험과 산업군이 다를 때 어떻게 해야 할까요?",시나리오50-33,"현재 그로스 마케터 및 브랜딩 마케터를 목표로 커리어를 준비하고 있는 취업준비생입니다.

저는 IT 스타트업에서 4개월간 그로스 PO 인턴으로 근무하며, B2C AI 글로벌 마케팅 전략 수립과 서비스 기획을 경험했습니다. 이 경험을 통해 마케팅 직무에 대한 흥미와 확신을 갖게 되었고, 이후에는 그로스 마케터 중심의 커리어를 준비 중입니다.

<1. 산업군이 다른 기업에 지원할 때, 기업 분석의 방향은?>
앞선 인턴 경험은 IT 스타트업 기반이지만, 최종적으로는 L전자와 같은 전통적인 대기업 마케팅 직무에 진입하는 것이 목표입니다. 다만 산업군의 성격과 기업 문화가 매우 다르다 보니, 자기소개서 작성 시 기업 분석의 방향성을 어떻게 잡아야 할지 막연한 상태입니다.

-IT 스타트업에서의 경험을 대기업 마케팅 직무 맥락에 맞게 어떻게 풀어낼 수 있을지,
-자기소개서에서 기업과 산업군에 대한 분석 포인트나 접근법은 어떻게 설정해야 할지 조언을 구하고 싶습니다.
<2. 유사한 인턴 경험의 반복, 괜찮을까요?>
최근 또 다른 AI 챗봇 기반 앱을 운영하는 기업에서 그로스 마케터 인턴십에 최종 합격한 상태입니다. 기업 규모는 이전보다 커졌지만(스타트업 → 중소기업), 다루는 프로덕트 유형이 유사해 비슷한 경험을 반복하는 것에 대한 고민이 있습니다.

-이 경험이 향후 타 산업군으로 지원할 때 경력의 고착화로 비춰지지 않을지 걱정이고,
-지금은 전문성을 더 깊게 쌓을 기회로 받아들이는 것이 맞을지, 아니면 산업군을 다르게 경험해보는 것이 장기적으로 더 나은 선택일지 고민입니다.
이 두 가지에 대해 멘토님의 조언을 듣고 싶습니다. 감사합니다.","산업군이 달라도 ‘직무의 본질’은 같다는 점을 기억하세요
우선 산업군의 차이 때문에 고민이 많으실 것 같은데요. 하지만 신입 채용의 경우 경력을 뽑는 것이 아니라 ‘가능성과 태도’를 보는 자리이기 때문에 너무 걱정하지 않으셔도 괜찮습니다.

지원하고자 하는 기업의 정보는 이미 공식 홈페이지, 뉴스, 리포트 등 다양한 채널을 통해 확인할 수 있어요. 중요한 건, 그런 자료를 바탕으로 본인만의 생각과 시선을 어떻게 녹여내는가입니다. 비록 산업군은 다르더라도 직무가 같다면 ‘업의 본질’은 유사하기 때문에, 기존에 IT 업계에서 경험한 그로스 마케팅 역량도 충분히 대기업 마케팅 직무로 연결할 수 있습니다.

신입 채용, ‘분석력’보다는 ‘논리적 사고’와 ‘문제 해결 경험’
대기업이 신입에게 기대하는 것은 해당 산업에 대한 깊은 분석보다는, 이미 공개된 정보를 바탕으로 자신의 생각을 논리적으로 전달할 수 있는지, 그리고 실제 인턴 경험을 통해 어떤 문제를 어떻게 해결해왔는지에 대한 역량입니다.

즉, 자기소개서에는 문제해결능력, 일에 대한 태도와 책임감, 협업 경험 등을 중심으로 서술하되, 그것을 지원 기업의 방향성과 연결할 수 있으면 충분합니다. ‘내가 이 회사에 왜 잘 맞는 사람인지’를 드러내는 것이 핵심이에요.

경험이 겹치더라도 도전은 가치 있습니다
현재 새로운 인턴십의 제품군이 유사하다는 점에서 고민하셨는데요. 개인적으로는 경험의 깊이를 더하는 것 역시 충분히 의미 있는 방향이라고 생각합니다. 새로운 기업과 조직에서의 경험은 분명 다른 관점과 배움으로 이어질 수 있습니다.

또한 반복된 경험이라고 해도, 그 안에서 느낀 점이나 문제 해결 방식은 다를 수 있고, 그것은 분명히 스토리로 발전할 수 있는 자산이 됩니다. 결국 자기소개서나 면접에서 더 자신 있게 말할 수 있는 기반이 되기 때문에 산업군에 대한 우려보다 ‘직무 전문성’을 키워가는 기회로 생각해보셔도 좋을 것 같습니다.

앞으로 어떤 선택을 하시든, 그 과정 자체가 커리어를 단단하게 만드는 시간이 될 거예요. 응원합니다!

친절히 답장해주셔서 감사합니다 갖고 있는 불안감과 걱정을 많이 내려놓게 되었습니다",
32,마케팅/MD,"MD, 저는 이렇게 꿈을 구체화 했어요",시나리오50-32,"안녕하세요, 멘토님. 저는 의류디자인학과에 재학 중인 3학년 학생입니다.

사실 그동안 전공에 큰 흥미를 느끼지 못해 진로에 대해 많이 방황했었는데요, 최근 들어서야 ‘그래도 전공을 살려보자’는 마음을 갖게 되었고, 이제 막 방향을 잡아가려는 단계입니다. 그래서 이렇게 실례를 무릅쓰고 질문을 드리게 되었습니다.

1)먼저, 멘토님께서는 MD나 마케팅 쪽에서 커리어를 쌓아오신 것으로 알고 있는데요. 처음에는 어떤 계기로 이쪽 진로를 선택하게 되셨는지, 또 어떤 방식으로 준비하셨는지가 궁금합니다. 진로를 막 고민하기 시작한 입장에서 멘토님의 초기 경험이나 고민이 큰 도움이 될 것 같아 여쭙게 되었습니다.

2)지금 저는 막연하게 상품기획이나 마케팅 직무 쪽으로 관심을 갖고 있는데요. 멘토님께서 실제로 현업에서 일해보시면서 이 직무의 장점은 어떤 부분에서 느끼셨는지, 반대로 조금 아쉬운 점이나 힘든 부분이 있었다면 어떤 게 있었는지도 듣고 싶습니다.

3)지금 방학 중이라 시간이 있는 만큼, 뭔가라도 준비해야겠다는 생각에 OPIC 공부를 시작했는데요. 진로 방향이 뚜렷하지 않다 보니 준비하는 것에 확신이 없고, 괜히 엇나가는 건 아닌가 하는 불안감도 있습니다. 그래서 진로를 보다 명확히 정하기 위해 어떤 것부터 시작하면 좋을지, 멘토님의 조언을 듣고 싶습니다.

바쁘신 와중에 긴 글 읽어주셔서 감사드리며, 답변 기다리겠습니다. 감사합니다","멘티님, 안녕하세요!  패션 회사에 입사를 원하는 분들이 진로를 선택할 수 있는 방향은 크게 전문직과 공통직으로 나뉘어요.

-공통직: MD, 영업, 마케팅 등
-전문직: 디자이너, 모델리스트(패턴사), VMD 등
최근 패션 산업은 오프라인(백화점, 쇼핑몰, 거리 매장 등)은 물론 온라인까지 영역이 계속 확장되고 있어요. 변화가 빠르고 잦은 업계인 만큼, ‘호기심’을 가지고 스스로 간극을 줄여나가는 자세가 있다면 분명 좋은 기회를 만들어갈 수 있을 거예요!

<1. 진로 선택과 준비 과정>
저는 사실 처음부터 패션 마케팅 쪽으로 진로를 정한 건 아니었어요. 전공은 마케팅이었지만 패션 업계에는 큰 관심이 없었죠. 그런데 우연히 뉴욕에서 인턴을 하게 되면서 패션 업을 접하게 됐고, 그 경험을 통해 흥미를 느끼게 되었습니다. 그렇게 인연이 닿아 벌써 16년째 패션 업계에서 일하고 있네요.

그동안 마케팅 – MD – 영업 – 교육 등 다양한 직무를 거쳤고, 남성복 / SPA 등 다양한 브랜드도 경험했습니다. 특히 S물산에서 14년을 근무했는데, 새로운 직무나 브랜드를 맡게 될 때마다 기존 룰과 팀의 색깔 속에서 저만의 철학을 보여주는 게 항상 큰 도전이었어요. 그래서 저는 늘 ‘압도적으로 잘하자’는 마음으로 임했어요. 그 방법은 크게 두 가지예요. 시간을 많이 쓰거나, 재능이 뛰어나거나, 혹은 둘 다!

MD를 처음 시작했을 때는 정말 모든 게 어색했어요. 소재도 모르고, 포트폴리오를 보는 법도 몰랐죠. 그래서 저는 과거 데이터를 누구보다 많이 분석하고, 경쟁사 제품도 열심히 들여다봤습니다. 직접 제 돈으로 상품을 사서 체험하기도 했고요.

실수도 많고 시간도 많이 허비했지만, 그런 경험들이 나중에 저만의 ‘레슨’이 되어 강력한 무기가 되었습니다. 늘 꼼꼼하게 보고 머릿속에 메모해두고 다시 복기하는 습관 덕분에 생각의 양이 쌓였고, 그러다 보니 생각의 질도 좋아지더라고요.

패션 마케팅이나 MD 일을 하다 보면 결국 중요한 건 트렌드와 고객 니즈입니다. 하지만 이걸 단번에 파악하긴 어려워요. 그래서 저는 매달 책 3권을 읽고, 다양한 잡지 구독, 그리고 현장 방문과 대화를 통해 트렌드를 읽으려 노력합니다. 특히 요즘은 러닝 브랜드를 담당하고 있어서 주말마다 러닝 대회에도 참가해요. 그 안에서 직접 소비자들을 만나고, 멤버들과 함께 관찰하고 의견을 나누며 인사이트를 얻습니다. 중요한 건 ‘빠르게’보다는 정확하게 파악하는 것이에요. 방향을 설정하는 제 입장에서는 정확성이 훨씬 더 중요하거든요.

<2. 상품기획/마케팅 직무의 좋은 점과 아쉬운 점>
먼저 간단히 이야기하자면,
-상품기획(MD): ‘상품’이라는 콘텐츠에 깊이 파고드는 일
-마케팅: ‘매체’와 ‘디지털 콘텐츠’를 다루는 일이라고 생각해요.
두 직무 모두 시간과 에너지를 많이 요구하는 노동집약적인 일이에요. 하지만 그만큼 자기 성장에도 도움이 되는 투자라고 생각해요. MD는 해외 출장이 많아서 세계 트렌드를 상품의 시선으로 볼 수 있다는 장점이 있어요. 실제로 브랜드의 핵심은 ‘상품’이기 때문에, 디자이너와 상품 방향을 정하고, 생산부서와 생산 협의, 마케팅과는 컨셉 협의, VMD와 연출, 영업부서와는 판매 계획까지 협의합니다.

이처럼 브랜드의 모든 과정에서 MD가 중심을 잡고 리딩한다고 볼 수 있죠. 그래서 저는 MD의 역할을 한 단어로 표현하면 Branding이라고 생각해요. 마케팅은 시장 선도적 전략을 세우고 브랜드의 인지도와 매력도를 관리하는 일입니다. 다양한 매체와 콘텐츠를 다루다 보니, 창의력과 상상력을 발휘할 수 있다는 점이 가장 큰 매력이에요.

다만, 패션 업계는 기술보다는 ‘감도’와 ‘감성’, 즉 사람의 마음을 다루는 일이다 보니, 언제나 기준이 변하고 관계 이슈가 발생할 수 있다는 점은 단점일 수 있어요. 물론 모든 사람에게 해당되진 않지만, 많이 겪는 어려움이긴 합니다.

<3. 진로 방향 설정과 준비 방법>
우선 정량적인 스펙(학점, 어학 등)은 꾸준히 준비하시되, 그보다 더 중요한 건 정성적인 경험입니다. 요즘은 인턴 경험을 통해 입사로 이어지는 경우가 많기 때문에 인턴 선호도가 굉장히 높아요. 그리고 패션은 글로벌 산업이기 때문에, 가능하다면 해외 연수나 인턴 경험도 추천드려요. 특히 미국이나 이탈리아처럼 패션 중심 국가에서의 경험은 커리어에 큰 도움이 될 수 있어요.

또 졸업이 다가올수록 구체적인 직무(예: 바잉MD, 생산MD 등)와 관심 카테고리(여성복, 남성복, 스포츠 등)를 좁혀보는 게 좋아요. 그 후에는 그 분야에서 조금씩 깊이 있는 경험을 쌓아보시면 됩니다. 무엇보다 좋아하는 분야에 시간을 투자하는 것이 가장 중요합니다. 저도 남성복이 좋아서 MD와 영업을 모두 경험했고, 옷을 살 때도 다양한 브랜드를 찾아보고 직접 입어보고, 여행을 가면 그 나라의 남성복 편집샵이나 박람회는 꼭 방문해요. 사람들의 옷차림도 유심히 관찰하죠. 그런 모든 경험이 지금의 저를 만들었습니다.

사람들은 흔히 ‘좋아하는 일을 하라’고 말하지만, 그걸 실천하는 건 쉽지 않죠. 억지로 하기보다, 자연스럽게 몰입하게 되는 분야를 찾아보세요. 그러면 분명히 자신감도 생기고, 스스로를 믿게 될 거예요.

멘티님의 고민이 질문 속에서 잘 느껴졌어요. 제 답변이 최고의 해답은 아닐 수 있지만, 수많은 옵션 중 하나로 참고해주시면 좋겠습니다. 아직은 정답을 찾기보다, ‘해답’을 찾아가는 시기라고 생각하세요! 미래에 패션 업계에서 멋진 후배님으로 다시 만나 뵙기를 기대하겠습니다. 감사합니다 :)

멘토님 너무 정성스러운 답변 감사드립니다.. !저도 멘토님이 해주신 말씀들 보면서 저에 대해서도 다시 돌아보고, 진로에 대한 좋은 인사이트를 얻을 수 있었습니다. 진로는 지금부터 차근차근 준비하면서 좋아하는 분야에 대해서도 더 생각해보고 고민해봐야겠다는 생각이 많이 들었네요. 바쁘신데도 이렇게 좋은 답변 남겨 주셔서 감사합니다!!",
31,전략/기획,"경영지원 기획, 현실에서는 어떤 일을 하나요?",시나리오50-31,"글로벌 기업의 기획실에서 어떤 업무를 수행하는지 궁금해서 이렇게 질문드립니다. 현재 경영지원 본부 산하의 기획 직무에 지원을 준비 중인데, 채용 공고에는 '전사 사업계획 수립 및 평가'가 주요 업무로 간단히 적혀 있어 실제로 어떤 일을 하는지 감이 잘 오지 않아 고민입니다.

특히 현직에서는 구체적으로 어떤 방식으로 사업계획을 수립하고 평가하는지, 그리고 신입사원이 입사 후 초기에는 어떤 업무부터 맡게 되는지 궁금합니다. 단순히 보조 업무를 하는 수준인지, 아니면 실제로 계획 수립 과정에 일부라도 참여하게 되는지도 알고 싶습니다.

아직 부족한 점이 많지만, 기획 직무에 대한 이해를 높이고 준비 방향을 잡고 싶어 이렇게 글을 남깁니다. 답변 주시면 감사히 잘 읽겠습니다.","경영지원 직군의 기획 직무에 관심을 갖고 계시군요. 공고에 ‘전사 사업계획 수립 및 평가’라고만 적혀 있다 보니, 실제로 어떤 일을 하는지 감이 잘 오지 않으셨을 것 같습니다.

저는 현재 기획 직무에서 일하고 있는 사람으로서, 현장에서 어떤 업무를 주로 하는지, 또 신입사원은 어떤 일부터 시작하는지 제 경험을 바탕으로 설명드리겠습니다.

기획 직무는 크게 세 가지 역할로 나눌 수 있습니다.
첫째는 사내 컨설턴트(in-house consultant) 역할입니다. 둘째는 전사 경영 데이터를 수집하고 분석해 경영진에 보고하는 업무입니다. 셋째는 IR(주주 대응), 이사회 운영, 해외 법인 관리 업무입니다.

먼저, 사내 컨설턴트 역할은 말 그대로 회사 내부에서 컨설팅 기능을 수행하는 일입니다. 외부 회계법인, 컨설팅펌, 법무법인 등에 맡길 수 있는 전략적 과제를 내부에서 먼저 검토하는 것이죠.

예를 들면 인수합병(M&A), 회사 분할, 경영 진단, 사업 구조조정, 신사업 검토 등의 이슈가 생기면 기획팀이 중심이 되어 검토하고 실무를 조율합니다. 그래서 이 업무에는 재무회계 지식은 물론, 다양한 산업과 조직에 대한 기본적인 이해가 필요합니다. 경영의 방향성과 직결되다 보니 회사 내에서도 매우 중요한 위치에 있는 직무이기도 합니다.

다음으로, 기획팀에서 실질적으로 가장 많이 하는 업무는 전사 경영 데이터의 관리 및 분석 업무입니다. 각 부서에서 매출, 이익, 비용 등 다양한 데이터를 수집한 후, 이를 정리하고 분석해 경영진에게 보고하는 과정입니다.

예를 들어, 월 단위로 “이번 달 매출은 왜 늘었는지, 혹은 줄었는지”, “비용 중에 이상 지출은 없었는지”, “이익률은 어떻게 변화했는지” 등을 분석해 인사이트를 도출합니다.이 작업은 반복성과 정확성이 요구되며, 실제로 신입사원이 처음 맡는 업무이기도 합니다.

초반엔 이렇게 일하게 될 가능성이 높습니다:
-유관 부서에 메일을 보내 실적 데이터를 요청하고
-마감이 임박하면 전화를 돌려 자료를 독촉하고
-어렵게 받은 자료를 정리해 보고서를 만들고
-상사의 피드백에 따라 수정하고 보완하며
-최종적으로는 경영진 보고용 자료를 작성하거나 부서에 지시사항을 전달하는 일까지 수행합니다.
이 사이클이 매월 반복된다고 보시면 됩니다. 마지막으로는 IR, 이사회, 해외 법인 관련 업무입니다. IR(Investor Relations)은 상장사의 경우 특히 중요한데요, 주주나 투자자 문의에 대응하거나 정기적으로 정보를 제공하는 역할을 합니다. 기업이 안정적이라면 업무 부담이 크지 않지만, 소위 ‘테마주’나 재무 불안정 기업이라면 문의량이 많아 꽤 힘든 업무가 될 수도 있습니다.

이사회 담당은 매월 열리는 이사회 회의를 준비하는 일입니다. 회의 자료를 정리하고, 회의실 환경이나 동선을 챙기는 등 의전 관련 업무도 수행하며, 회의록 초안도 작성합니다. (공식 기록은 법무법인이 작성하더라도 내부 초안은 기획팀에서 맡는 경우가 많습니다) 해외 법인 담당은 앞서 말한 데이터 관리 업무를 해외 법인 대상으로 확장한 형태라고 보시면 됩니다.

기획 직무는 다양한 부서와의 협업이 많고, 회사의 전반적인 전략과 흐름을 이해할 수 있는 좋은 포지션입니다. 처음에는 다소 반복적이고 실무 중심의 업무가 많지만, 경력이 쌓일수록 전략과 의사결정에 깊이 관여할 수 있는 기회가 주어지기도 합니다.

취업 준비에 도움이 되셨기를 바라며, 기획 직무에 도전하시는 걸 진심으로 응원합니다.",
30,디자인/예술,"브랜딩 디자이너, 포트폴리오는 몇 개를 담는 게 좋을까요?",시나리오50-30,"포트폴리오에 담을 수 있는 브랜딩 작업물은 학부 시절 프로젝트 2개 정도입니다. 에이전시나 인하우스 신입 채용 시장에서 이 정도 분량으로도 충분히 승부가 가능할까요? 만약 보완이 필요하다면, 새로운 프로젝트를 추가해 전체적인 개수를 늘리는 것이 시급할지, 아니면 기존 프로젝트의 응용 디자인 등 기능적 깊이를 더하는 것이 더 효과적일지 멘토님의 의견이 궁금합니다.

1. 공백기를 메우기 위한 활동의 선택과 집중
졸업 후 1년이라는 시간 동안 다소 무뎌진 실무 감각을 어떻게 증명해야 할지 고민입니다. 지금이라도 독학을 통해 개인 프로젝트를 완성도 있게 다듬는 데 집중하는 것이 나을까요? 아니면 조금 늦어지더라도 기업 연계 인턴십이나 대외활동에 참여하여 협업 경험을 쌓는 것이 취업 시장에서 더 유리한 흐름을 만드는 방법일까요?

2. 신입 디자이너의 경쟁력을 높여줄 '플러스 알파' 역량
최근 브랜드 디자이너에게 디자인 툴 숙련도는 기본이고 기획력, 영상, 3D 등 다양한 멀티 역량이 요구되는 추세라고 들었습니다. 멘토님이 보시기에 신입 지원자가 당장 집중했을 때 가장 즉각적인 경쟁력을 확보할 수 있는 보조 역량은 무엇인지, 현업의 시선에서 조언 부탁드립니다.

공백기에 대한 막막함을 자신감으로 바꿀 수 있도록 멘토님의 소중한 인사이트를 나누어 주시면 감사하겠습니다. 바쁘신 와중에 긴 글 읽어주셔서 감사합니다.","1. 포트폴리오 구성: 프로젝트의 다양성과 디테일 보완
신입 브랜드 디자이너의 포트폴리오에 정해진 개수는 없지만, 브랜딩 작업물 최소 4개와 본인의 역량을 보여줄 수 있는 그래픽 작업물을 조합해 총 8개 내외로 구성하는 것을 추천합니다.

현재 브랜딩 프로젝트 개수가 부족하다면, 관심 있는 브랜드를 선정해 리노베이션이나 리브랜딩 작업을 진행해 보세요. 이때 단순히 로고만 만드는 것이 아니라, 실제 현장에서 쓰이는 어플리케이션 디자인(응용 디자인)까지 세밀하게 구현해내는 것이 중요합니다. 최근에는 효율적인 작업을 돕는 AI 툴이 많으니 이를 적극적으로 활용해 퀄리티를 높여보시길 바랍니다.

2. 실무 감각 회복: 개인 프로젝트보다는 '대외활동' 우선
공백기 동안 무뎌진 감각을 되찾고 싶다면, 혼자 하는 개인 작업보다는 대외활동을 통해 실무에 가까운 경험을 쌓는 것이 훨씬 유리합니다. 실제 협업 과정에서 실무 프로세스를 익히다 보면, 예상치 못한 기회들이 연결되는 경우가 많기 때문입니다. 현장의 호흡을 직접 느끼며 실질적인 결과물을 만들어내는 환경에 본인을 노출시키세요.

3. 신입의 플러스 알파: 'AI 툴 활용 능력'이 곧 경쟁력
솔직한 업계 현황을 말씀드리면, AI 기술의 비약적인 발전으로 인해 신입 디자이너 채용 규모가 예전보다 줄어들고 있는 추세입니다. 저를 포함한 현업의 디렉터들과 팀원들은 이미 업무 전반에 AI 툴을 적극적으로 도입하고 있습니다.
이제는 단순히 디자인 툴을 잘 다루는 것을 넘어, '어떤 AI 툴을 어떻게 활용해 성과를 낼 수 있는가'가 신입의 가장 강력한 경쟁력이 되었습니다. 본인의 작업 스타일과 시너지를 낼 수 있는 AI 툴을 찾아 깊이 있게 공부해보세요. 이것이 현재 시장에서 가장 돋보일 수 있는 확실한 무기가 될 것입니다.",
29,디자인/예술,"디자인 포트폴리오, 면접관이 보는 키 포인트는?",시나리오50-29,"멘토님, 안녕하세요! 디지털산업디자인과 3학년에 재학하며 제품, 그래픽, 비주얼 디렉팅 등 디자인의 다양한 영역에서 가능성을 열어두고 있는 예비 디자이너입니다. 졸업과 취업이 다가오면서 저를 증명할 가장 강력한 무기인 '포트폴리오'를 어떻게 채워야 할지 고민이 깊습니다. 수많은 프로젝트와 스펙 중 무엇이 디자이너의 경쟁력을 결정짓는지 멘토님의 소중한 가이드라인을 듣고 싶습니다.

1. 포트폴리오의 핵심: '결과물'인가요, '과정'인가요?
포트폴리오에서 가장 비중 있게 다뤄야 할 요소가 무엇인지 궁금합니다. 화려한 최종 렌더링이나 그래픽 결과물이 우선인지, 아니면 문제를 발견하고 해결해 나가는 '디자인 프로세스(논리적 흐름)'가 더 중요한지 알고 싶습니다. 멘토님이 보시기에 ""이 친구는 진짜 디자이너다""라고 느껴지는 포트폴리오의 결정적 한 끗은 무엇인가요?

2. 스펙의 영향력: 수상 경력과 자격증의 실제 비중
디자인 분야 취업에서 수상 경력이나 자격증이 실질적으로 어느 정도의 변별력을 가지는지 궁금합니다. 만약 화려한 수상 실적이 부족하더라도, 개인 프로젝트나 실무 경험만으로 충분히 탑티어 기업이나 스튜디오에 어필할 수 있을까요? 포트폴리오의 질을 높이는 것과 대외 활동 스펙을 쌓는 것 중 어디에 더 집중해야 할지 조언 부탁드립니다.","반갑습니다! 예비 디자이너로서 가장 고민이 많을 시기에 실질적인 도움이 되고자, 최근 제가 수십 건의 포트폴리오를 직접 검토하며 느낀 생생한 생각들을 정리해 드립니다.

1. 스펙보다는 결국 실력! 수상이나 자격증보다 ‘감각’이 먼저 보여요
수상이나 자격증은 사실 눈에 들어오지 않습니다. 별로 중요하게 생각되지 않는 것 같습니다. 포트폴리오에서는 오로지 감각과 퀄리티만을 따지게 됩니다. 결국은 결과물로 말해야 하는 직업인만큼 얼마나 감각적인가, 일관된 감각을 보여주는가를 살피게 되는 것 같아요. ""무슨 상 받았대!"" 하는 건 사실 50건의 포트폴리오 조회에서 인상 깊게 남은 게 없습니다.

2. 이건 꼭 체크하세요! 내가 무엇을 했는지 알려주는 ‘기여도’
포트폴리오 프로젝트의 기여도는 필수입니다. 어떤 부분을 내가 했는지, 어떤 부분에서 그 작업을 평가해야 하는지 가이드는 필수입니다. 팀 프로젝트를 내 포트폴리오에 올린다면 온전히 그 사람을 평가하기 어려워지는 것 같습니다. 기여도가 몇 %이고, 내가 어떤 부분을 맡아서 진행했다는 설명은 반드시 들어가야 합니다.

3. 포트폴리오도 하나의 작품! 논리가 담긴 ‘전체 구성’의 힘
포트폴리오를 펼쳐내는 전체 구성도 전략입니다. 개별 프로젝트가 좋아 보여도, 전체 구성과 정렬, 문서로서 정리된 그 흐름이 너무 아마추어 같은 경우도 있습니다. 개별 포트폴리오 작업이 내 심미적인 역량을 보여준다면, 하나의 문서로서 포트폴리오는 나의 논리력을 보여주는 총합이라고 생각됩니다.

어떤 순서로 보여줄지, 프로젝트별로도 내부 순서와 강약 조절은 어떻게 할지, 전체 포트폴리오의 구성 위계상 각 요소의 볼륨감과 위치 등은 어떻게 설정할지 등 앞뒤로 넘겼을 때의 시각적 연장선을 고려한 배치는 매우 전략적이고 논리적인 선택이 따릅니다.

이정도로 짧게 의견을 드려봐요! 부디 도움이 되셨기를 바랍니다!",
28,생산/품질/제조,"설비 취업, 현장에서 느낀 핵심 역량은?",시나리오50-28,"멘토님, 안녕하세요! 전기공학에 대한 흥미를 바탕으로 설비 문제를 분석하고 해결하는 과정에 보람을 느껴 설비기술 직무를 희망하고 있는 멘티입니다. 학부 연구생과 현장 실습 등을 통해 기본기를 다져왔으나, 본격적인 취업 준비를 앞두고 몇 가지 현실적인 고민이 생겨 조언을 구합니다.

1. 산업군 타겟팅 시, 특정 분야 집중과 폭넓은 준비 중 어떤 전략이 효율적일까요?
반도체, 배터리, 자동차 등 산업별로 설비 특성이 상이하다 보니, 처음부터 특정 산업을 정해 깊이 있게 준비하는 것이 좋을지, 아니면 여러 가능성을 열어두고 폭넓게 지원하는 것이 유리할지 고민입니다. 멘토님이 보시기에 신입 지원자에게 더 적합한 방향 설정은 무엇인지 궁금합니다.

2. 효과적인 직무 분석 범위와 정보 수집 노하우가 궁금합니다.
개별 설비의 세부 구조와 작동 원리 공부에 집중해야 할지, 아니면 전체 생산 공정의 흐름을 이해하는 데 초점을 맞춰야 할지 우선순위가 정해지지 않습니다. 또한 유튜브나 구글링만으로는 실무적인 정보를 얻는 데 한계를 느끼고 있는데, 관련 정보를 체계적으로 정리하고 학습하는 멘토님만의 효과적인 방법이 있다면 알고 싶습니다.

3. 현업에서 가장 중요하게 보시는 설비기술 직무의 핵심 역량은 무엇인가요?
전공 지식, 설비 이해도, 어학, 의사소통 능력 등 여러 요소 중 실제 현장에서 가장 비중 있게 평가받는 역량은 무엇인가요? 특히 이러한 역량을 자소서나 면접에서 설득력 있게 증명하기 위해, 남은 취준 기간 동안 어떤 경험(자격증, 외부 교육 등)을 추가로 쌓는 것이 실질적인 도움이 될지 조언 부탁드립니다.","먼저 설비 직무에 관심을 가지신다니 굉장히 드문 케이스라고 생각합니다. 보통 힘든 직무라고 생각되어 희망하시는 분이 적거든요. 저도 설비 직무를 처음부터 희망하고 지원한 케이스는 아니지만, 면접 준비를 할 때 비슷한 고민을 한 적이 있어 제가 아는 대로 답변드려 보겠습니다. 다만 제 답변은 반도체 설비 엔지니어 직무를 기반으로 한 점을 고려해서 봐주시면 좋겠습니다.

산업군 타겟팅과 직무 중심의 준비 전략
만약 제가 다시 취업 준비를 한다면, 저는 특정 산업을 파고들기보다는 전반적인 산업에 걸쳐 준비를 할 것 같습니다. 대신 '직무' 자체에 대해 깊게 파고드는 것을 추천합니다. 말씀하신 대로 산업군마다 설비는 차이가 커서 직무만 가지고 경력 이직을 하는 게 쉽지는 않습니다.

특히 반도체 설비의 경우 다른 산업군에서 경력으로 인정해주지 않는다는 말이 있을 정도로 독특합니다. 하지만 설비 관리 직무가 크게 보았을 때 수행하는 업무는 거의 비슷합니다. 따라서 전반적인 산업을 열어두고 준비하되, 자기소개서 작성 시 해당 산업의 특징적인 부분만 추가하는 방법이 효율적일 것입니다.

학습 우선순위와 실무 정보 접근법
반도체 설비 기준으로 말씀드리면, 사실 취업 준비생 신분으로 개별 설비의 구조나 작동 원리를 공부하기는 매우 어렵습니다. 인터넷에서 구할 수 있는 정보는 너무 구형 설비가 많고, 최신 설비는 보안상 정확한 구조가 표현되지 않은 경우가 많기 때문입니다.

그래서 저는 개별 설비보다는 전체 생산 공정에 대한 이해를 먼저 하는 것이 훨씬 유리하다고 생각합니다. 저 역시 반도체 8대 공정을 위주로 공부했던 기억이 납니다. 우선 설비 직무의 전반적인 업무 프로세스를 정리하고, 공정 흐름을 학습하는 방향으로 준비해 보세요.

현업에서 느낀 핵심 역량과 정의
설비기술 직무에 대해 나름대로 정의를 먼저 내려보는 것이 도움이 될 것입니다. 제가 약 9년 정도 일하며 느낀 바로는, 이 직무는 다양한 부서와 협업이 매우 많고 돌발 상황에 대한 대응이 필수적이며, 문제 발생 시 빠르게 상황을 판단해 결정을 내릴 수 있어야 한다는 점입니다.

이를 취업 준비생의 입장에서 풀어본다면 다음과 같습니다.
-전공 지식: 실무에 직접 쓰이는 빈도는 낮을 수 있으나, 면접에서 기본적으로 질문을 받게 되므로 기초적인 것은 반드시 공부해야 합니다.
-커뮤니케이션 능력: 저는 면접 때 다양한 사례를 들며 제가 소통을 잘한다는 점을 특히 강조했었습니다.
-문제 해결 경험: 돌발 상황을 해결했던 경험들을 잘 정리해서 어필하신다면 큰 도움이 될 것입니다.
-관련 경험의 활용: 당시 저도 관련 경험이 부족해 해양플랜트 고정설비 자격증(API SIFE) 응시 경험까지 끌어왔던 기억이 납니다. 설비 관련 경험은 흔치 않기 때문에, 사소하더라도 연결 고리를 만드신다면 큰 점수를 얻으실 수 있습니다.

멘토의 마지막 조언
결국 회사에서 묻는 것은 한 가지입니다. ""그래서 당신이 우리 회사 설비 직무로 들어오면 무엇을 할 수 있습니까?"" 멘티님의 경우 학점이 매우 좋으시니 성실함은 충분히 어필할 수 있고, 기사 자격증 또한 설비와 잘 연결 지을 수 있을 것 같습니다.

저라면 가지고 계신 경험 중 설비에 엮을 만한 실습 경험을 정리하고, 혹 가능하다면 자격증 명칭에 '설비'가 들어가는 것을 하나 정도 추가해 볼 것 같습니다(저도 실제 취득은 못 했지만, 시험 응시 사실만으로도 면접 분위기가 달라졌었습니다). 여기에 앞서 언급한 문제 해결 및 협업 경험을 잘 준비해 보세요. 분명 좋은 결과가 있으실 겁니다. 응원합니다!

진짜 이렇게 까지 친절하게 답변해주셔서 감사합니다. 멘토님 조언을 바탕으로 열심히 준비해보겠습니다! 감사합니다!",
27,생산/품질/제조,"말이 통하는 면접 준비, 이렇게 해보는 건 어떨까요?",시나리오50-27,"멘토님! 건축공학을 전공하고 시공사 건축기사(공사관리) 직무 취업을 목표로 준비하고 있는 지원자입니다.

오늘 취업 준비 과정의 일환으로 모의면접에 참여하게 되었는데, 면접관분들께서 던지신 현장 실무 관련 질문에 제대로 대답하지 못하고 침묵하는 순간이 많았습니다. 막상 면접이라는 실전 시뮬레이션을 겪고 나니, 제가 현장 실무에 대해 알고 있는 내용이 정말 턱없이 부족하다는 것을 뼈저리게 느꼈습니다.

학부생 수준에서는 그저 '막연하게 공사를 총괄한다', '도면대로 시공이 잘 진행되고 있는지 감시하고 확인한다' 정도의 개념만 가지고 있었던 것이 화근이었습니다. 부족함을 깨닫고 집에 돌아와 실무 지식을 보완하려고 인터넷을 찾아보았지만, 워낙 방대하고 전문적인 분야이다 보니 어디서부터 손을 대야 할지, 당장 포털이나 유튜브에 뭐라고 검색해야 면접에 도움 되는 제대로 된 정보가 나오는지조차 감이 잡히지 않아 막막한 심정입니다.

현업에서 공사관리를 진두지휘하시는 멘토 선배님의 관점에서, 저처럼 현장 경험이 없는 신입 지원자가 실무 프로세스를 빠르게 파악하고 면접에서 '말이 통하는 지원자'가 되기 위해 어떤 방식으로 공부해야 할지 조언을 구하고 싶습니다.

1.학부생이 반드시 알아야 할 현장 실무 핵심 프로세스: 건축기사가 현장에 발령받아 준공 때까지 겪게 되는 가장 핵심적인 업무 흐름(예: 공정관리, 품질관리, 안전관리, 기성 관리 등)의 우선순위가 궁금합니다.

2.실무 지식 독학을 위한 추천 검색 키워드 및 채널: 네이버나 유튜브, 혹은 전문 사이트에서 현장 실무나 시공 트렌드를 공부할 때 검색하면 좋은 '실무 키워드'나 추천해 주실 만한 전문 콘텐츠 채널이 있을까요?

3.면접관을 설득하는 '경험 공백' 대처법: 실제 면접에서 잘 모르는 실무 현장 질문(예: 특정 하자 처리 방안, 협력업체 관리 등)을 받았을 때, 경험이 없는 신입으로서 감점당하지 않고 유연하게 대답할 수 있는 면접 팁이 있다면 알고 싶습니다.","안녕하세요. 모의면접을 보며 많이 당황하고 걱정도 커졌을 것 같습니다. 하지만 아직 입사하기도 전이고 실무를 겪어보지 않은 상태이기에, 현장 관련 질문에 곧바로 답변하기가 쉽지 않은 것은 지극히 당연한 일입니다.

저 역시 멘티님 같은 취업 준비생 시절에는 아무것도 모른 채 막막해하던 시기가 있었으니 너무 걱정하지 마세요. 충분히 잘 해내실 수 있습니다. 만약 앞으로 건설사 인턴 기회가 생긴다면 실무를 접할 가장 좋은 기회이니 꼭 지원해 보시기를 권해드립니다.

1. 신입사원 실무 면접의 본질: 건축기사 지식의 '현장 적용'
실제 면접관들이 건설사 신입사원에게 물어보는 실무 질문의 범위는 생각보다 그리 다양하거나 거창하지 않습니다. 면접관들이 확인하고자 하는 것은 대단한 현장 노하우가 아니라, 멘티님이 건축기사를 공부하며 취득한 이론적 지식들을 '실제 현장에서 어떻게 적용하고 발휘할 수 있는가'입니다.

따라서 지금 당장 실무 경력을 만들어내려고 조급해하기보다는, 면접에 나올 만한 질문들을 스스로 장악해 나가는 영리한 준비가 필요합니다.

2. 면접을 준비하는 3단계 실전 로드맵
인터넷에서 무작정 실무를 검색하면 막막할 수밖에 없습니다. 아래의 3단계 과정을 통해 체계적으로 면접을 준비해 보세요.

1단계 [실무 질문 리스트업]: 건설사 면접에서 자주 나오는 기출 실무 질문들을 먼저 수집하고 리스트를 만듭니다.
2단계 [나만의 모범 답안 작성]: 수집한 질문들에 대해 인터넷 자료나 ChatGPT 같은 AI를 활용하여 논리적인 모범 답안을 초안으로 작성해 봅니다.
3단계 [시각 자료를 통한 내재화]: 작성한 답변을 기계적으로 외우는 것이 아니라, 실제 현장에서 어떻게 적용되는지 유튜브 동영상이나 현장 사진 등의 인터넷 자료를 찾아보며 매칭해 봅니다. 이 과정 속에서 자연스럽게 멘토님의 실무 면접 준비가 완성될 것입니다.

참고로 건설사 모집공고를 보면 공사관리, 공무관리, 안전관리 등으로 직무가 세분되어 있고 각 역할도 다릅니다. 이 세부 역할에 대한 이야기는 이번 질문의 본질과 조금 다르므로 우선 논외로 하겠지만, 전체적인 공사 프로세스를 전반적으로 이해하고 현장을 시각적으로 많이 접해두는 것은 어떤 직무에서든 큰 도움이 됩니다.

종합하자면, 지금 멘티님에게 필요한 것은 '실무 질문 리스트업 ➡️ 모범 답안 만들기 ➡️ 시각 자료 검색을 통해 내 것으로 만들기'의 반복입니다.

지금도 충분히 방향을 잘 잡고 나아가고 있으니 기죽지 마시고 앞으로 더욱 파이팅 하시기를 바랍니다. 저 역시 서울에서 근무하며 멘티님을 위한 멘토링 시간을 낼 수 있으니, 알려드린 로드맵대로 차근차근 준비하시다가 도움이 필요하시면 언제든지 다시 질문을 달아주거나 연락해 주세요. 멘티님의 도전을 진심으로 응원합니다!",
26,회계/재무/금융,"재무 면접, 어떻게 준비하는 게 좋을까요?",시나리오50-26,"멘토님! 재무팀 취업을 목표로 졸업유예 중인 경영학과 학생입니다. 주변에 정보가 부족해 막막한 마음에 질문을 남깁니다.

현재 제 스펙은 학점 3.86/4.5 (재무 전공 전 과목 A+), 토익 970점, 오픽 AL, 전산세무 1급이며, 인턴 경험은 없습니다.

현직자 관점에서 아래 4가지 고민에 대해 현실적인 조언을 부탁드립니다.

1.재경관리사 vs 신용분석사: 현재 활발한 성향을 살려 영업관리와 은행원도 병행 지원 중입니다. 재무팀만을 위해 재경관리사를 따기엔 부담이 큰데, 현업에서 실질적으로 메리트가 큰지, 아니면 은행권과 병행할 수 있는 신용분석사가 나을지 궁금합니다.
2.독학으로 재무제표 분석 역량 키우는 법: 인턴 면접에서 특정 기업의 재무제표 분석 질문을 받고 당황한 적이 있습니다. 관련 학회나 동아리 경험 없이, 혼자서 실제 기업의 재무제표를 뜯어보고 면접에 대비할 수 있는 팁이 있을까요?
3.재무팀 신입의 핵심 자질: 인턴 경험이 없는 신입 지원자를 평가하실 때, 서류와 면접에서 가장 중요하게 보시는 역량이나 태도는 무엇인가요?
4.컴활 자격증 필수 여부: 현재 엑셀 자격증이 없습니다. 지금 시점에서 컴활 2급이라도 급하게 취득해야 할지, 아니면 실무 함수만 다룰 줄 알면 자격증은 없어도 무방한지 궁금합니다.

주변에 도움을 구할 곳이 없어 질문이 길어졌습니다. 소중한 시간 내어 읽어주셔서 진심으로 감사드립니다!","훌륭한 정량적 스펙을 갖추고 계심에도 불구하고, 주변에 조언을 구할 곳이 없어 많이 막막하셨을 것 같습니다. 질문해 주신 고민들에 대해 현직자의 시선에서 솔직하고 실전적인 답변을 드리겠습니다.
1. 자격증 선택과 직무 설정: 효율적인 선택과 집중이 필요한 시점
결론부터 말씀드리면, 재경관리사는 회계와 자금 업무를 골고루 아우르며 기본기를 증명할 수 있는 자격증입니다. 재무와 회계 양쪽 팀을 모두 준비하는 데 있어서 가장 범용성 있고 안정적인 자격증이므로, 현재 준비하시는 방향이 적합합니다.

반면 신용분석사는 일반 기업 재무팀보다는 자금팀에서만 제한적으로 활용될 수 있는 자격증입니다. 특히 재무팀 관리자분들도 신용분석사가 금융권 취업용 자격증이라는 것을 잘 인지하고 있기 때문에, 자칫 '우리 회사 재무팀 외에 은행권 등 다른 직무에도 양다리를 걸치고 있는 리스크 있는 지원자'라는 편견을 줄 수도 있습니다.

현재 멘티님께서 영업관리, 은행원, 재무담당자를 동시에 지원하고 계시는데, 이 세 직무는 업무적 공통점이 많지 않습니다. 지금 멘티님에게 가장 중요한 것은 자격증 추가가 아니라 ""명확한 진로의 결정""입니다. 분산된 에너지를 하나로 모으는 선택과 집중이 선행되어야 취업 성공률을 높일 수 있습니다.

2. 독학으로 끝내는 재무제표 분석 역량: 4단계 실전 프로세스
면접에서 재무제표 질문을 받으면 당황하기 쉽지만, 분석하는 방식은 의외로 틀이 정해져 있어 어렵지 않습니다. 다음의 4가지 절차를 반복하며 연습해 보세요. 학회나 동아리 없이도 스스로, 혹은 ChatGPT 같은 AI의 도움을 받아가며 충분히 독학할 수 있습니다.

1단계 (숫자 도출): 관심 기업의 최근 3개년치 재무제표를 펼쳐놓고 주요 계정 과목의 증감 숫자를 도출합니다.
2단계 (원인 분석): 매출이나 부채 등 특정 숫자가 왜 증가하거나 감소했는지 그 원인을 추적합니다.
3단계 (이슈 결합): 해당 시기의 기업 주요 뉴스나 공시, 산업 트렌드와 결합하여 '왜 그런 증감이 발생할 수밖에 없었는지' 유기적으로 연결해 봅니다.
4단계 (전망 도출): 그로 인해 변화한 회사의 주요 재무비율(안정성, 수익성 등)을 평가하고 향후 재무 전망에 대한 나름의 의견을 정리합니다.

기업 입장에서는 자신들의 재무제표조차 뜯어보지 않고 온 지원자를 회사에 진지한 관심이 있는 지원자로 보지 않습니다. 이는 재무팀뿐만 아니라 영업관리 직군 면접에서도 마찬가지로 적용되는 핵심 태도입니다.

3. 재무팀 신입의 핵심 자질: 디테일에 바탕을 둔 논리적 사고
저는 재무팀 신입을 평가할 때 'Detail-Oriented(디테일에 강한 성향)'라는 단어를 가장 선호합니다. 재무 데이터는 아주 작은 숫자의 오류도 큰 리스크로 이어질 수 있기 때문입니다.

단순히 숫자를 받아적는 것을 넘어, 세부적으로 데이터를 꼼꼼히 살펴보고 그 데이터가 의미하는 바를 논리적인 글로 표현해내려고 노력하는 지원자들에게서 현업 관리자들은 큰 포텐셜을 느낍니다. 활발한 성향과 아르바이트 경험에서 얻은 소통 능력을 이러한 논리적 디테일과 결합한다면 훌륭한 무기가 될 것입니다.

4. 엑셀 역량과 자격증: 실무 무기 장착과 좋은 인상 심어주기
재무 필드에서 엑셀은 선택이 아닌 필수적인 기본 역량입니다. 엑셀 자격증(컴활 등)이 고민되신다면 취득을 추천해 드립니다. 자격증 취득 과정을 거치면서 자연스럽게 실무 역량도 키울 수 있고, 이력서에 기재함으로써 '재무 실무를 위해 기본적인 스킬셋을 성실히 준비한 지원자'라는 좋은 인상도 동시에 줄 수 있어 다방면으로 유익합니다.

주변에 선배가 없어 조바심이 났겠지만, 멘티님이 가진 학점과 어학 실력, 전산세무 자격증은 이미 훌륭한 기반이 되어주고 있습니다. 이번 기회에 가고 싶은 길을 명확히 정하셔서, 그 방향으로 단단하게 밀고 나가시길 바랍니다. 충분한 답변이 되었기를 바라며, 멘티님의 성공적인 취업을 진심으로 응원합니다!",
25,전략/기획,"아직도 결정 못한 내 적성, 이것 저것 다 시도해봐도 될까요?",시나리오50-25,"안녕하세요, 멘토님. 커리어 방향을 한 가지로 정하지 못하고 여러 가능성 앞에서 고민하고 있어 불안한 마음이 큽니다.

저는 전공이나 관심 분야가 계속 바뀌고 있고, 하나로 좁히기보다 여러 가지 가능성을 열어두고 싶은데, 괜히 이것저것 다 시도하다가 오히려 중요한 기회를 놓치게 될까 걱정됩니다.

멘토님께서는 재무 분야에서 시작해 인사, 조직 운영까지 다양한 역할을 성공적으로 수행하셨습니다. 멘토님처럼 커리어 방향을 넓혀갈 때, 어떤 기준으로 새로운 분야를 선택하셨는지, 그리고 그런 방향 전환의 결정적인 계기가 있었다면 조언을 부탁드립니다.

멘토님의 경험을 통해 저도 불안함을 해소하고 현명한 커리어 선택을 할 수 있기를 바랍니다. 감사합니다.","진로를 한 가지로 정하지 못해 불안해하는 멘티님의 마음, 저 역시 커리어 초기에 겪었던 감정이라 충분히 이해합니다. 저도 처음에는 현실과 상황에 이끌려 재무·회계 분야를 선택했고, '나에게 더 맞는 분야가 있지 않을까?' 고민하며 직무 전환을 시도했던 경험이 있습니다.

멘티님이 넓은 가능성을 열어두고 싶어 하는 것은 분명한 장점이지만, 기회를 놓칠까 걱정하는 불안감을 해소하고 싶다면 다음의 기준들을 참고해 보세요.

<1. 하나의 분야에 몰입하여 '전문성'을 확보하세요>
커리어를 확장하기 위해서는 먼저 '깊이'를 만들어야 합니다.

- 2년 몰입의 법칙: 제가 경력을 쌓던 시기에는 '1만 시간의 법칙'처럼 10년 정도는 해봐야 진짜 실력이 붙는다고 여겨졌지만, 변화가 빠른 요즘 시대에는 10년은 너무 깁니다. 그래서 저는 최소 2년 정도는 한 분야를 끝까지 파고드는 경험이 꼭 필요하다고 생각합니다.

- 전문성의 힘: 막상 꾸준히 한 분야를 깊이 파고들어 숙련도가 높아지다 보면, 자연스럽게 전문성이 생깁니다. 이 전문성에서 오는 성취감과 통찰력이 다시 멘티님을 그 길로 이끌어주는 원동력이 될 것입니다.

<2. 마스터 경험이 주는 '융합적 시너지'>
어떤 한 분야에서 마스터가 되었다고 느끼는 순간, 놀랍게도 내가 해보지 않은 새로운 영역에도 자연스럽게 통찰력이 생기기 시작합니다.

- 경험의 확장 동력: 하나의 전문성은 '다른 분야를 이해하고 흡수하는 힘'의 근원이 됩니다. 저 역시 재무 분야의 깊은 전문성이 있었기에, 이후 인사나 조직 운영과 같은 새로운 역할로 확장할 때 시너지를 낼 수 있었습니다. 모든 경험이 쌓이면 결국 경계 없는 전문가가 될 수 있으며, 실제로 조직은 이러한 융합적 역량과 넓은 시야를 가진 인재를 점점 더 원하고 있습니다.

<3. 모든 선택에 '성장 질문'을 던지는 태도>
관심 분야가 바뀌는 것 자체를 두려워하지 마세요. 다양한 시도 속에서 본인의 진짜 흥미와 강점이 보이기 시작합니다. 다만, 매 순간의 선택에는 '기준이 되는 나만의 질문'을 가지고 임하는 것이 중요합니다.
-스스로에게 던질 질문: ""이 경험이 내 성장에 어떤 의미가 있을까?"" 혹은 ""지금 이 시간이 내 경력의 큰 그림에 어떻게 연결될까?""와 같은 '성장 질문'을 스스로에게 계속 던져보며 업무에 임하세요.
-전략적 설계: 그저 이것저것 해보는 것이 아니라, ""이 경험에서 무엇을 배우고, 내 다음 기회로 어떻게 연결할지""를 전략적으로 설계하는 것이 중요합니다. 저 역시 완벽한 계획은 없었지만, 경험의 확장, 핵심 역량의 축적, 그리고 나만의 질문을 잃지 않는 태도가 다양한 역할로 커리어를 넓혀올 수 있는 원동력이었습니다.

불안은 너무나 당연한 감정입니다. 하지만 그 속에서 자신만의 성장 기준과 질문을 잃지 않는다면, 여러 가능성은 오히려 멘티님의 큰 자산이 될 것입니다. 응원합니다.",
24,전략/기획,"B2B 영업, 현직에서는 신입사원에게 어떤 역량을 원하나요?",시나리오50-24,"멘토님, 안녕하세요. 그동안 전략 직무를 중심으로 커리어를 준비해 왔으나, 채용 시장의 현실을 고려하여 현재 B2B 영업마케팅 및 사업관리 직무로 지원 방향을 수정한 취업 준비생입니다. 직무에 대한 사전 지식을 쌓기 위해 자습과 사례 분석을 병행하고 있지만, 실제 현업에서 요구하는 '핏(Fit)'한 역량이 무엇인지에 대해서는 여전히 갈증이 큽니다. 비전공자이자 비경험자의 시선에서 고민하고 있는 몇 가지 핵심 사항에 대해 멘토님의 고견을 여쭙고 싶습니다.

-전략 관련 인턴 경험을 영업의 '프런트엔드(마케팅/기획)' 영역과 연결하는 것이 유효할까요?
직접적인 영업 경험은 부족하지만, 컨설팅 학회 활동과 전략 인턴십을 통해 시장을 분석하고 신규 고객 발굴 및 진입 전략을 수립하는 과정을 거쳤습니다. 저는 이 경험들이 B2B 영업의 앞단인 마케팅 영역과 맞닿아 있다고 생각하는데, 실제 실무에서 이러한 전략적 자산이 영업 마케팅 직무의 차별화 포인트로 충분히 기능할 수 있을지 궁금합니다.

-B2B 영업마케팅 신입사원에게 기업이 기대하는 최우선 역량은 무엇인가요?
B2B는 개인 고객이 아닌 기업을 상대로 하는 만큼, 일반적인 영업력 외에 인사팀이나 현업에서 가장 비중 있게 평가하는 신입의 자질(예: 기술적 이해도, 커뮤니케이션, 산업 통찰력 등)이 무엇인지 알고 싶습니다.

-자기소개서 작성 시 한 가지 핵심 역량에만 집중하여 전개해도 괜찮을까요?
영업 직무에서 요구하는 역량이 매우 다양하다 보니, 이를 모두 담아내려다 오히려 색깔이 흐려질까 걱정입니다. 여러 장점을 나열하기보다 저만의 뾰족한 '핵심 직무 역량' 한 가지를 설정해 전체 스토리라인을 이끌어나가는 전략이 실제 평가 과정에서 어떻게 비춰질지 궁금합니다.

막막한 상황에서 멘토님의 조언이 저에게는 가장 확실한 길잡이가 될 것 같습니다. 바쁘신 와중에 긴 글 읽어주셔서 진심으로 감사드리며, 소중한 답변 기다리겠습니다.","전략 직무를 준비하며 쌓아온 탄탄한 기초 체력은 B2B 영업 마케팅 현장에서 아주 강력한 무기가 될 수 있습니다. 멘티님이 가진 전략적 사고가 어떻게 실무 역량으로 치환될 수 있는지, 현직자의 시선에서 정리해 드릴게요.

전략적 기획력이 B2B 영업의 핵심인 이유
전략 경험을 B2B 영업에 활용할 수 있느냐는 질문에 대한 제 대답은 ""당연하다""입니다. B2B 영업은 단순히 물건을 파는 행위를 넘어, 고객사의 비즈니스 구조를 완벽히 이해하고 ""우리 서비스를 도입했을 때 귀사가 얻을 실질적 이득""에 대한 논리를 구축하는 과정이기 때문입니다.

인턴 기간 수행했던 시장 분석이나 진입 전략 수립 경험을 활용해 보세요. '고객사보다 그들의 비즈니스를 더 정교하게 분석하여 최적의 솔루션을 제안하는 영업사원'이라는 컨셉을 잡는다면 충분히 경쟁력이 있습니다. 특히 컨설팅 학회에서 기업을 대상으로 솔루션을 제안해 본 경험은 B2B 영업의 실전과 다름없으니, 본인의 기획력을 믿고 강력하게 어필하셔도 좋습니다.

기업이 신입사원에게 기대하는 두 가지 핵심 자질
냉정하게 말해서 회사가 신입사원에게 당장 수십억 원대의 계약을 따올 것이라 기대하지는 않습니다. 대신 '숫자 감각'과 '집요함'이 있는지를 유심히 살펴봅니다.

여기서 숫자 감각이란 단순히 ""열심히 하겠다""는 다짐이 아니라, ""현재 시장 규모가 이러하니 특정 업체를 확보할 경우 매출이 몇 % 상승할 것""이라고 구체적인 데이터로 말하는 능력을 의미합니다. 또한 집요함은 책상에서 전략을 짜는 데 그치지 않고, 그 전략이 현장에서 먹힐 때까지 직접 문을 두드리는 실행력을 뜻합니다. 분석은 기본이되, 결과가 나올 때까지 발로 뛰는 '실천하는 전략가'라는 인상을 주는 것이 중요합니다.

역량의 집중과 확장: 필살기와 보조 무기
자기소개서에서 한 가지 핵심 역량에 집중하는 것도 좋지만, 멘티님의 무기는 다양할수록 자신감이 됩니다. 본인을 대표하는 확실한 컨셉과 브랜딩을 잡되, 이를 뒷받침할 수 있는 보조 역량을 1~2개 더 준비해 보세요. 2~3가지의 역량이 조화를 이룰 때 훨씬 안정감 있는 지원자로 보일 것이고, 실무에서도 더 큰 성과를 낼 수 있을 겁니다.

전략적 분석 능력이라는 훌륭한 '칼'을 가졌으니, 이제 이를 현장에서 어떻게 휘두를지 보여줄 '실행력'이라는 방패만 갖추면 됩니다. 멘티님만의 논리적인 브랜딩으로 밀어붙여 보세요. 화이팅입니다!",
23,전략/기획,"기획, 전략 신입은 어떻게 준비해야 할까요?",시나리오50-23,"멘토님, 안녕하세요! 행정학 및 경영학을 전공하며 전략·기획 직무를 목표로 하고 있는 대학교 3학년 학생입니다. 멘토님의 폭넓은 커리어 경험을 바탕으로, 기획 직무에 대한 궁금증을 풀고자 질문을 드립니다.

1. 사업지원팀에서 담당하시는 전략 및 기획 관련 핵심 업무는 무엇인가요?
사업지원팀 내에서 전략과 기획의 역할이 구체적으로 어떻게 실무에 녹아있는지 궁금합니다. 특히 전사적인 사업 방향 설정이나 자원 배분 등 멘토님이 체감하시는 기획자의 일상이 어떤 모습인지 알고 싶습니다.

2. 기획 직무를 위해 대학 시절 반드시 갖춰야 할 역량과 추천 교과목은 무엇인가요?
전략적 사고를 키우기 위해 학부 과정에서 수강하면 좋은 과목이나, 실무에서 요긴하게 쓰이는 전문 지식(자격증 포함)이 있다면 조언 부탁드립니다. 기획자로서 갖춰야 할 '데이터 해석 능력'이나 '문서 구조화 능력' 등을 대학에서 어떻게 훈련하면 좋을까요?

3. 영업 및 컨설팅 경험과 비교했을 때, 기획 직무의 가장 큰 매력과 고충은 무엇인가요?
다양한 분야를 경험하신 멘토님의 관점에서 기획 직무만이 가지는 독보적인 장점과 반대로 가장 극복하기 어려운 지점은 무엇이었나요? 이러한 어려움을 관리하고 장점을 극대화하기 위한 멘토님만의 노하우가 궁금합니다.

4. 신입으로서 기획 직무 진입의 현실적인 벽과 직무 전환 가능성은 어떠한가요?
현실적으로 기획 신입 채용이 적은 상황에서, 영업 등 다른 직무로 시작해 기획으로 커리어를 확장하는 것이 가능할까요? 신입 취업 준비 시 직무 범위를 넓게 잡는 것이 전략적으로 유리할지, 멘토님의 직무 변경 경험에 비추어 조언 부탁드립니다.

5. 학보사 기자 및 편집장 활동 경험을 기획 직무 역량으로 어떻게 연결할 수 있을까요?
대학 생활 중 가장 공을 들인 학보사 활동(기획, 기사 작성, 협업)이 기획 직무 지원 시 어떤 강점으로 비춰질 수 있을까요? 편집장으로서의 리더십이나 콘텐츠 기획 경험을 '전략적 기획력'으로 치환하여 어필할 수 있는 방법이 궁금합니다.","1. 전략과 기획 부서의 실체와 사업지원팀의 역할
먼저, 전략과 기획은 사실 모든 업무에서 기본이라 할 수 있는 영역입니다. 회사에서 'ㅇㅇ전략팀' 혹은 '기획ㅇㅇ실'과 같이 부서명에 명칭이 들어가는 경우에는 해당 영역에서 보다 전문적인 역할을 수행한다고 보시면 됩니다.

-사업지원팀의 업무 영역: 사업지원팀은 회사마다 업무 범위가 다를 수 있습니다. 말 그대로 사업을 지원하는 역할이기에, 어떤 사업을 하느냐에 따라 지원 영역이나 업무도 달라지기 때문입니다. 예를 들어 건설사 사업지원팀의 역할과 IT 플랫폼사의 역할은 다를 수밖에 없습니다. 제가 경험한 세라젬 사업지원팀은 영업 직군에 대한 리쿠르팅과 교육 업무를 주로 담당했는데, 조직 개편에 따라 팀 이름과 역할은 언제든 달라질 수 있습니다.

-모든 업무의 기본: 전략과 기획은 모든 업무의 기본입니다. 교육 성과를 높이기 위한 '전략'을 수립해야 하고, 더 나은 콘텐츠를 '기획'해야 하기 때문입니다. 그래서 대부분의 회사와 조직(팀/실/부 등)은 매년 '사업계획'이라는 이름으로 연간 전략 수립과 기획 과정을 거칩니다. 내년에 우리 조직이 어떤 전략으로 회사 성과에 기여할지, 어떤 아이템을 실행할지를 계획하는 것이죠.

부서명에 '전략'이나 '기획'이 들어가는 경우엔 더 전문적인 역할을 수행합니다.
-전략기획팀: 보통 대표이사 직속이거나 보고 라인에 위치하며, 전사적 성장을 위한 큰 틀의 전략을 수립합니다.
-경영기획팀: 회사의 연간 손익이 극대화될 수 있도록 경영상의 여러 실행 과제와 비용 관련 이슈를 기획하고 관리합니다.

사실 기업의 전략/기획 조직이 구체적으로 어떤 일을 하는지는 직접 경험해보기 전에는 가늠하기 어렵습니다. 따라서 현재 3학년인 멘티님께는 '전략'과 '기획'의 기본기만 익혀도 충분하다는 조언을 드리고 싶습니다.

2. 기획자가 갖춰야 할 핵심 기본기 (구조화·정보력·수리력)
1)구조화 역량 (Logical Thinking): 생각을 논리적으로 정리하는 힘이 필요합니다. 관련 서적으로 『로지컬 씽킹(데루야 하나코 저)』을 추천합니다. 쉽게 읽히는 책은 아니지만, 전략/기획 분야를 꿈꾼다면 필독서라 할 수 있습니다. 로직 트리(Logic Tree)나 MECE 같은 개념을 잘 이해하고 실습해 보는 경험이 필요합니다.

2)정보 탐색 및 AI 활용 능력: 단순히 검색창에 단어를 입력하는 수준을 넘어, 통계청이나 코트라 같은 전문 기관 중 어디를 찾아야 가장 신뢰할 수 있는 양질의 정보를 얻을 수 있는지 아는 역량이 필요합니다. 또한 AI 툴을 활용해 어떤 프롬프트로 정보를 이끌어낼지, 답변 내용을 어떻게 교차 검증할지도 매우 중요합니다.

훈련법: 특정 기업을 주제로 현재 이슈(예: 이란 전쟁 등) 상황에서 해당 기업이 어떤 문제에 직면해 있고 어떻게 해결해야 할지 AI와 대화해 보세요. 정보를 교차 검증하고 재구성(구조화)하여 하나의 문서를 만들어보는 과정이 큰 도움이 될 것입니다.

3)수리력 및 MS 엑셀: 기획 실무의 필수 역량은 수리력입니다. 대부분의 기업에서 사용하는 엑셀의 함수와 숫자를 다루는 능력은 기본기입니다. 신입에게 엄청난 수준을 요구하진 않지만, 프로그램을 다루는 수준이 현저히 낮다면 업무 수행이 어렵습니다. 유튜브 채널 '오빠두엑셀' 등을 통해 충분히 학습하시길 권합니다.

4)자격증 및 대학 수업: 자격증은 애매할 수 있지만 컨설팅 인턴이나 프로젝트 기획/수행 경험은 긍정적으로 평가됩니다. 특히 전략/기획 부서는 숫자를 다루는 능력 때문에 CPA 자격증 소지자를 선호하는 경향이 있습니다. 자격증이 없더라도 회계 관련 수업을 듣는다면 실무와 밀접하게 연결되어 큰 도움이 될 것입니다.

3. 직무 진입 전략과 커리어에 대한 조언
신입이나 저연차 때는 업무 관여도가 낮을 수 있지만, 연차가 쌓여 조직의 리더가 되면 매우 중요한 역량이 됩니다. 전략의 기초는 '제한된 자원으로 최대한의 가치를 창출하는 것'입니다. 자원과 가치, 그리고 그 전환 과정을 모두 숫자로 표현해야 하기에 숫자를 좋아하는 사람이 기획 업무를 잘합니다.

전략 부서는 기업의 꽃이라 불릴 만큼 자부심을 가질 수 있는 곳이지만, 그만큼 들어가기 어렵고 채용 규모도 작습니다. 취업 준비 단계에서 전략 부서만을 무조건적인 목표로 삼기보다, 어느 조직에서 시작하든 전략적 역량을 갈고닦으세요. 그러면 향후 해당 부서로 이동할 기회가 생길 것입니다.

저 또한 HR 컨설팅으로 시작해 CS, 영업컨설팅, 사업지원, 전략기획 등 다양한 분야를 경험했습니다. 계획했다기보다 매 순간 주어진 역할에 최선을 다했을 뿐입니다. 인생이 계획대로 흐르기는 어렵지만, 중요한 건 항상 최선을 다하고 기본기를 잘 다지는 것입니다.

4. 학보사 경험의 가치
학보사에서 기자와 편집장으로 활동한 경험은 충분히 도움이 됩니다. '기사를 기획'했다는 것 자체가 이미 기획 경험이며, '동료와의 협업' 과정에서 본인이 전략적으로 어떤 생각을 했고 어떤 계획을 세웠는지를 잘 풀어낸다면 훌륭한 자산이 될 것입니다.

""전략 부서는 기업에서 자부심을 가질 수 있는 곳입니다. 지금은 너무 조급해하지 말고, 정보를 논리적으로 구조화하고 숫자를 다루는 기본기 연습에 집중하세요. 멘티님은 이미 학보사 활동을 통해 그 역량의 싹을 틔우셨습니다. 추가로 궁금한 점이 있으면 언제든 질문해 주세요!""",
22,마케팅/MD,"상품 기획, 현직자가 본 매력적인 신입은?",시나리오50-22,"안녕하세요! 경영학을 전공하며 식품 회사의 기획 직무를 목표로 하고 있는 멘티입니다. MD와 기획 업무의 접점이 많다고 생각하여, 멘토님의 소중한 경험을 바탕으로 현실적인 조언을 구하고자 합니다.

1. 비전공자의 진입 전략과 커리어 경로가 궁금합니다.
경영이나 식공 전공이 아닌 분들은 사회 현상을 읽는 통찰력을 어떻게 구체적인 제품 성과로 연결하시나요? 또한, 사회학에서 배운 '조사 방법론'이나 '데이터 분석' 경험이 소비자 페르소나 설정에 실질적인 메리트가 될 수 있을지 궁금합니다. 처음부터 기획직으로 입사하는 케이스가 있는지, 아니면 영업 등 특정 직무를 거치는 것이 유리한지도 알고 싶습니다.

2. 기술적 협업과 데이터 활용 역량은 어느 정도여야 하나요?
식공 지식이 부족한 상태에서 연구소나 생산팀과 소통할 때 발생하는 오류를 어떻게 극복하시나요? 비전공자가 숙지해야 할 최소한의 지식 수준과, MD/BM이 실무에서 가장 자주 활용하는 데이터 지표(점유율, 재구매율 등)를 분석하는 논리적 프레임워크가 궁금합니다. 추가로 포토샵 같은 디자인 툴 활용 능력이 실제 협업 시 유의미한 효율을 만드는지도 궁금합니다.

3. 기획의 디테일과 산업 트렌드 대응 방식이 알고 싶습니다.
'제로'나 '건강' 같은 강력한 트렌드와 브랜드 고유 정체성 사이에서 의사결정 기준은 무엇인가요? 또한, 기획한 제품이 반응이 없을 때 어떤 논리로 '단종'이나 '리뉴얼'을 결정하시는지, K-푸드 글로벌 확장 시 국내와 해외 타깃 제품 기획의 관점 차이는 무엇인지 궁금합니다.

4. 멘토님이 기억하시는 '논리적인 신입'의 특징은 무엇인가요?
지금까지 보셨던 지원자 중 전공을 불문하고 '이 사람은 정말 BM으로서 사고 체계가 잡혔다'라고 느꼈던 포트폴리오나 답변의 특징이 있다면 팁을 부탁드립니다.","4학년이라는 중요한 시기에 명확한 목표를 세우신 것을 진심으로 축하드립니다. 졸업이 얼마 남지 않아 조바심이 나겠지만, 입사 후에도 경험을 쌓을 기회는 충분하니 너무 서두르지 않으셨으면 합니다. 멘티님의 고민에 대해 현직자의 시선으로 하나씩 답변해 드리겠습니다.

1. 커리어 경로 및 진입 전략
가. 사회 전반에 대한 통찰과 일상의 관찰자 되기
평소 정치, 경제, 사회, 문화 등 장르를 가리지 않고 관심을 가져야 합니다. 예컨대 2026년은 다양한 스포츠 이벤트가 많은데, 종목별 특징을 이해하고 있다면 이를 업무에 적용할 요소가 무궁무진합니다. 포인트는 누가 더 빠르고 정교하게 고객의 마음을 사로잡느냐입니다. MZ의 성지인 성수동 지도를 눈감고 그릴 정도가 되거나, 올리브영과 다이소의 진열 변경을 주기적으로 모니터링하는 등 온·오프라인을 가리지 않는 지속적인 시장조사가 상품기획의 출발점입니다.

나. 현장의 목소리를 대변하는 영업 직무의 중요성
상품기획이나 BM은 경력자 선호 추세가 뚜렷합니다. 만약 직무 전환을 고려한다면 현장의 감각을 익힐 수 있는 영업 관련 직무가 가장 유리합니다. 하나의 상품을 런칭하고 운영할 때 영업의 도움 없이는 성공이 불가하기 때문입니다. 재무나 회계보다는 현장 이해도가 높은 직무 경험을 쌓는 것이 추후 상품기획 시 유리한 고지를 점하는 길입니다.

다. 정량적 스펙보다 차별화된 시장 분석 보고서
유통관리사 같은 기초 자격증은 큰 변별력이 없습니다. 공란 방지용으로 최소한의 시간만 투자하시길 권합니다. 어학은 영어 외에 중국, 태국, 베트남 등 한류 영향력이 큰 국가의 언어를 하신다면 큰 도움이 됩니다. 특히 직접 시장분석 보고서를 써보는 시도는 그 자체만으로도 면접에서 매우 높은 점수를 받을 수 있는 훌륭한 전략입니다.

라. 구체화된 고객 페르소나 설정 역량
최근에는 고객 페르소나 설정이 무의미해질 정도로 변화가 빠르지만, 여전히 거주지나 소득 수준 등 직군별 차이를 명확히 도출해내는 역량은 필요합니다. 핵심은 페르소나를 최대한 구체화하는 것입니다. 사회학에서 배운 조사 방법론을 통해 이를 정교하게 다듬는 연습을 해보시기 바랍니다.

2. 실무 역량 및 기술적 협업
가. 지식의 한계를 넘어서는 소통과 조율 능력
공학적 지식이 부족해도 프로젝트 총괄자로서 경청하는 태도를 갖춘다면 충분히 커버 가능합니다. 부서별 입장을 조율하고 최소한의 원칙과 기준을 세워 업무를 진행한다면 연구소나 생산 부서와의 마찰을 줄이고 하나의 목표를 향해 나아갈 수 있습니다.

나. 데이터에 근간한 의사결정과 AI 툴 활용
MD는 실적으로 증명하는 부서입니다. 모든 주장과 근거를 데이터와 수치로 제시하는 습관을 기르세요. 점유율, 이익률, 재구매율 등 지표 자체보다 '이 데이터를 통해 어떤 의사결정을 내릴 것인가'가 본질입니다. 또한, 포토샵 숙련도보다는 AI 툴을 다루는 능력이 더 중요해지고 있습니다. 저 역시 현업에서 AI로 제작한 초안을 통해 유관부서와 빠르게 소통했습니다. 텍스트보다 강력한 한 장의 이미지를 AI로 만들어내는 스킬이 더 유용할 것입니다.

3. 산업 트렌드 및 기획의 디테일
가. 트렌드 수용과 차별화 사이의 의사결정
제로 트렌드 역시 하나의 유행이며, 식품의 본질인 '맛'과 '차별점'이 우선되어야 합니다. ""고객이 구매할 이유가 있는가?"", ""기존 상품 대비 확실한 경쟁 요소가 있는가?""가 기획의 기준입니다. 때로는 존재하지 않는 맛을 최초로 출시해 스스로 트렌드를 만드는 결단력도 필요합니다.

나. 데이터로 판단하는 상품의 흥망성쇠
상품 출시 후 2주에서 1개월이면 성패가 갈립니다. 재구매율 등의 데이터와 제조사의 의견을 종합하여 빠르게 단종할지, 혹은 프로모션을 통해 붐업을 시도할지 결정하게 됩니다.

다. K-FOOD의 글로벌 전략: 정체성의 승리
해외 시장은 기후와 법적 절차가 다르지만, 최근에는 해외 맞춤형보다 '한국 고유의 정체성'이 담긴 상품(불닭볶음면, 바나나우유 등)이 더 큰 인기를 얻습니다. 국내에서 검증된 우리만의 색깔이 곧 글로벌 경쟁력이 되는 시대입니다.

4. 포트폴리오 및 면접 팁
자신감과 산업에 대한 깊은 애정
지나치게 외운듯 대답하는 지원자는 오히려 높은 점수를 받지 못합니다. 무엇보다 행여나 틀린 답이라도 자신감있게 말하는게 가장 중요합니다. 어차피 신입사원에게는 높은 수준의 답변을 기대하긴 어렵기 때문입니다. 혹시라도 모르거나 막히는 부분이 있어도 자신감을 갖고, 배우고자 하는 자세하에, 그동안의 경험을 통해 어떻게 이를 해결하고 극복할 것인지를 보여준다면 좋은 점수를 받을 수 있습니다. 또한 지원코자 하는 산업군에 대해 깊은 애정을 나타낼 수 있는 경험은 차별화가 될 수 있습니다.예컨대 편의점에 지원한 지원자중 한분은 창업설명회까지 다녀왔다고 한 적이 있는데, 인상깊었습니다.

4. 자소서와 면접에서 지원자들이 가장 많이 범하는 치명적인 실수
가장 흔하게 접하는 실수는 바로 '이력서 낭독형 자소서'입니다. 자신의 경험을 시간 순서대로 주저리주저리 나열하는 방식을 말합니다. ""1학년 때는 무엇을 했고, 2학년 때는 무엇을 했으며..."" 같은 방식으로 글이 길어지면, 정작 본인의 강점이라는 핵심이 흐려집니다. 결국 평가자에게 ""그래서 이 지원자를 왜 뽑아야 하지?""라는 의문만 남기게 되죠. 자소서는 이력서 요약본이 아닙니다. 경험 나열을 멈추고, 본인이 던지고 싶은 '핵심 메시지'를 명확히 만들어서 어필해야 합니다.

5. ""왜 우리 회사인가?"" 질문에 대한 논리적인 답변 구조
특정 기업에 지원한 이유를 밝힐 때는 아래의 두 가지 축을 중심으로 접근하면 훨씬 탄탄한 답변 구조를 만들 수 있습니다.

-커리어 방향성의 일치: 본인이 장기적으로 추구하는 커리어의 비전과 지원하는 회사의 사업 방향성이 어떻게 맞닿아 있는지 연결합니다.
-인재상과 잠재력의 연결: 회사가 지향하는 인재상과 내가 가진 잠재력(Potential)이 어떻게 일치하는지 증명합니다.
6. 서류 심사 시 단번에 눈에 띄는 자기소개서의 특징
합격하는 자소서들은 도입부부터 선명합니다. 서류에서 눈에 띄고 싶다면 문단을 시작할 때 [Performance(성과) 한 줄 + Potential(잠재력) 한 줄 + 지원 동기]의 구조로 명확한 두괄식 문장을 만들어 보세요. 이해를 돕기 위해 예시를 보여드리겠습니다.

""저는 뷰티 트렌드 분석 프로젝트를 통해 타겟 인사이트를 도출해 본 경험이 있으며(Performance), 이 과정에서 데이터 기반의 소통 역량을 키웠습니다(Potential). 이 경험을 무기로 귀사의 화장품 BM 직무에서 고객의 니즈를 정확히 저격하는 제품 라인업을 기획하고 싶습니다(지원 동기).""

이처럼 본인의 성과와 잠재력을 직관적인 프레임에 담아낸다면 대외활동 개수와 상관없이 아주 매력적인 자기소개서가 될 것입니다. 직무 작성법에 대해 조금 더 자세한 내용과 예시를 알고 싶으시다면, 아래에 첨부해 드리는 제 칼럼 글을 함께 참고해 보세요. 멘티님의 준비 과정을 응원합니다!",
21,마케팅/MD,"마케팅, 스펙 없이 어떻게 역량을 연결할까요?",시나리오50-21,"멘토님! 현재 뷰티 산업에 매료되어 화장품 상품 기획(BM) 및 브랜드 마케팅 직무 취업을 목표로 준비하고 있는 대학생입니다. 화장품 시장의 빠른 트렌드 변화를 보며 꼭 이 업계에서 제 역량을 펼치고 싶다는 확신이 섰지만, 본격적인 취업 전선에 뛰어들려 하니 막상 서류와 면접을 어떻게 채워야 할지 고민과 불안감이 앞섭니다. 특히 남들에 비해 직무 관련 대외활동이나 인턴 경험이 부족하다 보니, 정량적 스펙을 뛰어넘는 스토리텔링 전략이 간절한 상황입니다.

현직자 선배님의 관점에서 제가 가진 공백을 메우고 매력적인 지원자로 보일 수 있도록, 아래의 고민들에 대해 조언해 주시면 정말 감사하겠습니다.

1.경험이 부족한 대학생의 자소서 소재 선별법: 직무 관련 인턴이나 프로젝트 경험이 부족한 대학생의 경우, 자소서에 일상적인 경험(학업, 아르바이트, 개인 취미 등)을 활용해야 할 텐데, 어떤 경험을 중심으로 풀어내는 것이 뷰티 직무 역량과 연결하기 가장 좋을까요?

2.단순한 '관심'을 넘어선 '설득력' 있는 마케팅 자소서 작성법: 많은 지원자가 ""화장품을 좋아한다"", ""트렌드에 민감하다""는 식의 단순한 관심 표현에 그친다고 들었습니다. 이 단계를 넘어 현직자 보기에 정말 설득력 있고 프로페셔널해 보이는 논리 전개 방식이나 서술 팁이 있을지 궁금합니다.

3.적은 대외활동을 상쇄할 나만의 차별화 전략: 대외활동 개수나 공모전 수상 경력이 많지 않은 지원자가 자소서 안에서 타 지원자들과 차별화를 두려면 무엇을 강조해야 할까요? (예: 깊이 있는 시장 분석력, 소비자 관점의 디테일 등)

4.지원자들이 자소서와 면접에서 가장 자주 범하는 치명적인 실수: 멘토님께서 수많은 지원서를 보시거나 면접관으로 참여하셨을 때, ""이 부분은 정말 흔하게 실수한다"" 혹은 ""이런 표현은 오히려 마이너스가 된다""고 느끼신 부분이 있다면 무엇인가요?

5.""왜 우리 회사인가?""에 대한 합격률을 높이는 답변 구조: 수많은 뷰티 브랜드 중 '특정 회사'여야만 하는 이유를 묻는 질문에, 기업 조사 수준의 나열을 넘어 면접관의 고개를 끄덕이게 만드는 좋은 답변의 구조나 전개 방식이 알고 싶습니다.

6.서류 심사 시 단번에 눈에 띄는 자기소개서의 공통적인 특징: 수백 대 일의 경쟁률 속에서 인사담당자나 실무진의 시선을 단번에 사로잡는 매력적인 자기소개서들은 대개 어떤 특징(첫 문장, 서술 방식, 키워드 등)을 가지고 있는지 현장의 팁이 궁금합니다.","멘티님, 안녕하세요! 3학년인데 벌써 이렇게 진지하게 자기소개서를 고민하고 계시네요. 준비를 시작하며 고민하는 시간이 깊은 만큼, 앞으로 분명히 좋은 결과가 있을 것이라 믿습니다. 질문해 주신 내용에 대해 현업에서 통하는 실전 팁 위주로 답변을 드리겠습니다.

1. 경험이 부족한 대학생을 위한 자소서 소재 선별법과 작성 프레임
경험이 부족하더라도 낙담할 필요는 전혀 없습니다. 모든 포지션에서 기업이 원하는 최고의 잠재력은 결국 '커뮤니케이션 능력', '종합적인 사고력', 그리고 '문제해결 능력'이기 때문입니다.

대단한 대외활동이 아니더라도 학교 조별 과제 같은 일상적인 경험을 S-B-I(상황-행동-결과 및 가치) 프레임에 맞춰 작성해 보세요. 예를 들어 다음과 같은 구조로 작성할 수 있습니다.
-Situation (상황): ""신제품 마케팅 조별 과제를 수행할 당시,""
-Behavior (행동): ""타겟 고객층의 데이터를 직접 분석하여, 조원들에게 프로젝트의 최소 및 최대 기대 효과를 논리적이고 명확하게 제시했습니다.""
-Impact (결과 및 가치): ""이 경험을 통해 추상적인 감에 의존하는 것이 아니라, 철저히 데이터 기반으로 타당성을 입증하고 소통하는 역량을 체득할 수 있었습니다.""

2. 자소서에 '단순 관심'을 넘어 '설득력'을 더하는 서술 방식
자소서를 설득력 있게 완성하려면 작성 프레임부터 직관적이어야 합니다. 성과나 경험을 적을 때는 구구절절 길게 쓰지 마시고, ""~을 통해(수단), ~을 만들었다(결과)""의 구조로 인사담당자의 눈에 직관적으로 꽂히게 작성해 보세요. 만약 자소서에 담을 명확한 수치나 숫자가 없다면, 해당 경험을 통해 '의사결정 속도가 빨라졌다'거나 '조직 내 협업 능력이 향상되었다'와 같은 정성적인 가치를 구체적으로 작성해 주시는 것도 좋은 방법입니다.

3. 대외활동이 적은 지원자를 위한 나만의 차별화 전략
대외활동 개수가 많지 않다면 팀 플레이, 프로젝트, 학과 조별 과제 등 학교 생활 내에서 겪은 경험들을 적극적으로 활용해 본인의 역량을 자랑하시면 됩니다. 여기서 가장 중요한 차별화 포인트이자 반드시 강조해야 할 핵심은 ""내가 이 경험을 통해 구체적으로 무엇을 배웠는가""입니다. 단순히 활동의 나열이 아니라, 그 안에서 얻은 배움과 성장의 깊이로 승부를 보셔야 합니다.",
20,마케팅/MD,"B2B 마케팅, 학부생은 어떻게 경험을 쌓아야 하나요?",시나리오50-20,"멘토님! 마케팅 직무를 희망하고 있는 대학생입니다.

다양한 마케팅 분야를 탐색하던 중 B2B 마케팅에 큰 흥미를 느끼게 되었습니다. 하지만 대다수 대학 커리큘럼이 B2C나 브랜드 마케팅 중심으로 짜여 있다 보니, B2B 마케팅은 혼자 공부하기에 정보도 부족하고 방향성을 잡기가 쉽지 않습니다.

B2B 마케터가 되기 위해 전공자가 혼자서 공부할 수 있는 로드맵과, 신입으로서 관련 경험을 어떻게 만들어 나가야 하는지 현직자 분들의 조언을 구하고자 질문을 남깁니다.

1. B2B 마케팅 독학 로드맵 및 추천 리소스: B2B 마케팅의 기본 개념(예: 세일즈 퍼널, 리드 너처링 등)을 익히기 위해 주니어가 읽으면 좋은 서적, 뉴스레터, 혹은 추천 채널이 있다면 알고 싶습니다.

2.대학생 신분으로 B2B 마케팅 경험 쌓기: B2B는 기업 비밀이 많아 인턴십 기회도 적고, 대외활동도 B2C에 집중되어 있는 경우가 많습니다. 학업을 병행하면서 B2B 마케팅과 관련된 유의미한 경험이나 포트폴리오를 만들 수 있는 현실적인 방법이 있을까요?","멘티님, 안녕하세요! 솔직하게 말씀드리면,저도 신입 마케터 분들을 종종 채용하고 있지만, 솔직하게 주니어로서 B2B에 대해 이해하고 관련 경험을 쌓는 건 현실적으로 어렵다고 생각합니다.  B2B는 본질적으로 '기업 간 거래'가 핵심이기 때문에, 실제 회사 조직에 속해 일해보지 않은 상태에서 기업의 구매 심리와 거래 프로세스를 상상하기란 쉽지 않기 때문입니다.

하지만 너무 낙담하실 필요는 없습니다. B2B 마케팅의 공통적인 방법론은 회사마다 집중하는 영역에 조금씩 차이가 있을 뿐, 대체로 비슷한 양상을 보이기 때문입니다. 멘티님이 지금 시점에서 현실적으로 준비할 수 있는 실무 로드맵과 관점의 전환에 대해 조언해 드릴게요.

1. 신뢰를 구축하는 'Thought Leadership'
B2B 마케팅을 구글링해 보시면 가장 많이 접하게 될 단어가 바로 'Thought Leadership(해당 분야의 사상적/기술적 리더십을 선점하는 것)'일 것입니다. 기업 간 거래는 B2C처럼 순간의 감정이나 유행으로 이루어지지 않습니다. 철저하게 기업의 인지도와 탄탄한 '신뢰'가 바탕이 되어야 하며, 이후 영업(Sales) 활동을 통해 최종 계약이 성사됩니다.

따라서 B2B 마케팅에서는 시장과 고객 기업에 신뢰감을 주기 위한 다양한 장기 호흡의 지식 콘텐츠(백서, 웨비나, 블로그, 콘퍼런스) 전파 활동이 매우 중요하게 다뤄집니다.

2. 주니어가 지금 당장 쌓아야 할 '콘텐츠 마케팅' 소양
학업을 병행하며 당장 기업의 B2B 마케팅을 총괄해 볼 수는 없지만, 위에서 언급한 지식 콘텐츠 마케팅을 잘 수행하기 위한 '기본적인 소양과 스킬셋'은 얼마든지 혼자서도 쌓을 수 있습니다. 지금 당장 거창한 B2B 전략을 짜기보다, 아래의 세부 스킬들을 어떻게 다루는지 먼저 살펴보고 본인이 가볍게 시도해 볼 수 있는 것부터 포트폴리오로 쌓아보세요.

-핵심 실무 스킬셋: 콘텐츠 기획, 카피라이팅, 비즈니스 글쓰기, 이메일 마케팅, 블로그 운영, SEO(검색엔진 최적화) 등
-추천하는 셀프 경험 설계: 관심 있는 산업군이나 IT 솔루션을 하나 정해 유저의 시선에서 깊이 있는 분석 블로그를 운영해 보거나, 관련 인사이트를 전달하는 1인 뉴스레터를 발행하며 구독자를 모으고 이메일 마케팅을 직접 실천해 보는 것도 훌륭한 B2B 마케팅 경험이 됩니다.

3. 관점의 전환: ""내가 소비하는 모든 브랜드가 B2B다""
B2B 비즈니스 모델을 막연하게 찾으려고 하면 어렵게 느껴질 수 있습니다. 이럴 때는 우리가 개인 소비자로 구매하는 모든 브랜드가 사실 B2B 거래도 함께 하고 있다는 점을 이해하는 것부터 시작하면 좋습니다. 예를 들어, 우리가 커피를 마시기 위해 카페에 가서 한두 잔을 개별 결제하면 B2C입니다. 하지만 똑같은 원두나 커피 머신을 일반 기업의 사내 카페테리아용으로 대량 납품하거나 렌탈 계약을 맺는다면 그것이 바로 B2B가 됩니다.

이러한 로직을 바탕으로 주변의 기업들이 어떻게 기업 간 거래를 성사시키고 매출을 내고 있는지 관찰해 보세요. 이 관점의 전환이 이루어지면 '이 기업들은 담당자들을 설득하기 위해 어떤 마케팅 콘텐츠를 만들고 있을까?'가 조금 더 구체적이고 명확하게 상상되실 것입니다.

실무 경험이 없다고 조급해하지 마시고, B2B의 무기가 되는 '논리적인 비즈니스 콘텐츠를 기획하고 확산시키는 역량'부터 차근차근 다져나가시길 바랍니다. 기본기가 탄탄한 주니어는 어디서든 환영받으니까요. 멘티님의 앞날을 응원합니다. 화이팅하세요!",
19,마케팅/MD,"콘텐츠 마케팅, 성과가 안 나올 때 어떻게 하나요?",시나리오50-19,"AI 발전과 콘텐츠 트렌드 변화 속에서 마케터의 본질적인 역량에 대해 고민하고 있는 예비 마케터입니다. 콘텐츠 기획의 시작점부터 성과 측정, 그리고 AI 시대의 경쟁력까지 실무 현장의 이야기가 궁금하여 몇 가지 질문을 남깁니다.

1.기획의 최우선 순위: 새로운 콘텐츠를 기획할 때 트렌드, 타깃 페르소나, 브랜드 메시지, 채널 특성 중 실무에서 가장 먼저 정의하고 고려하는 핵심 요소는 무엇인가요?

2.'좋은' 콘텐츠 vs '성과 나는' 콘텐츠: 감도 높고 기획력이 훌륭한 콘텐츠와 비즈니스 지표(전환율, 매출 등)를 견인하는 콘텐츠 중, 실무 환경에서는 어느 쪽에 더 무게중심을 두시는지 그 리얼한 이유가 궁금합니다.

3.타 부서와의 협업 모멘트: 콘텐츠 마케터가 제품(개발/디자인), 퍼포먼스 마케팅, 세일즈 등 사내 타 부서와 가장 긴밀하게 소통하고 협업하는 시점과 주요 어젠다는 무엇인가요?

4.성과 부진 시 리커버리 프로세스: 발행한 콘텐츠가 기대 이하의 성과를 냈을 때, 가장 먼저 뜯어보는 데이터 지표나 점검 포인트가 무엇인지 알고 싶습니다.

5.AI 시대의 대체 불가능한 경쟁력: 생성형 AI가 콘텐츠 양산을 주도하는 지금, AI와 차별화되는 콘텐츠 마케터만의 고유한 무기와 역량은 무엇이라고 생각하시나요?

현업 선배님들의 생생한 경험담을 이정표 삼아 깊이 있는 마케터로 성장하고 싶습니다. 귀한 인사이트 공유해 주시면 감사하겠습니다!","반갑습니다. 질문해 주신 다섯 가지 내용 모두 결이 참 좋고 깊이가 있네요. 이미 콘텐츠를 단순히 '만드는 일'이 아니라 비즈니스의 문제를 '푸는 일'로 바라보고 계신 것 같아 현직자로서 무척 기쁩니다. 제가 실무를 하며 느끼고 정립한 기준들이 멘티님의 성장에 좋은 참고가 되길 바라며 답변을 전합니다.

1. 콘텐츠를 기획할 때 가장 먼저 고려하는 요소
저는 ""무엇을 만들까""보다 ""누구에게, 무엇을 위해"" 만들까를 가장 먼저 정합니다. 콘텐츠 마케팅에서 가장 흔히 하는 실수가 내가 만들고 싶은 것부터 시작하는 거예요. 하지만 실무에서는 이 콘텐츠를 과연 누가 보고, 보고 나서 어떤 행동을 하길 바라는지를 최우선으로 정의해야 합니다. 광고의 본질이 결국 문제를 정의하고 해결하는 일인 것처럼 콘텐츠도 마찬가지입니다. 브랜드가 풀어야 할 비즈니스 과제와 타깃의 욕구가 만나는 지점에서 기획이 출발해야 합니다.

2. 좋은 콘텐츠 vs 성과가 나는 콘텐츠
둘 중 하나를 고르는 문제는 아니라고 봅니다. 다만 냉정하게도 실무는 성과로 평가받습니다. 여기서 중요한 건 '좋은 콘텐츠'의 기준이 기획자 개인의 자기만족이면 안 된다는 점이에요. 진짜 좋은 콘텐츠는 목적에 맞게 작동하는 콘텐츠입니다. 둘이 충돌하는 것처럼 보이는 이유는 보통 '좋다'의 기준이 만든 사람의 시선에만 머물러 있기 때문입니다. 타깃의 눈높이에 맞고 목적에 맞게 유저를 움직이는 콘텐츠가 결국 성과로 이어집니다. 단, 이때도 조회수 같은 단기 지표와 브랜드 인식이라는 장기 자산을 구분해서 볼 줄 알아야 합니다.

3. 다른 부서와 가장 많이 협업하는 순간
기획자는 혼자서는 아무것도 못 하지만, 기획자가 없으면 일이 안 돌아갑니다. 사내에서 협업이 가장 치열하게 일어나는 건 두 순간인데, 바로 캠페인 목표를 정의할 때와 결과를 해석할 때입니다. 시작 단계에서 영업, 제품, 브랜드팀과 목표를 명확히 합의하지 못하면 콘텐츠가 산으로 가기 쉽습니다. 반대로 끝나는 단계에서는 같은 숫자를 두고도 부서마다 해석이 갈리곤 하죠. 그래서 마케터는 단순히 콘텐츠를 만드는 사람을 넘어, 관계의 정중앙에서 중심을 잡고 조율하는 사람입니다.

4. 기대만큼 성과가 안 났을 때 먼저 점검하는 부분
보통 콘텐츠의 완성도나 디자인 퀄리티부터 의심하는 분들이 많은데, 저는 그 순서를 거꾸로 가져갑니다. 먼저 우리가 설정한 목표가 명확했는지, 타깃 세팅이 맞았는지, 메시지가 타깃에게 닿는 그들의 언어였는지, 그리고 유통 채널이 적절했는지를 차례로 점검합니다.

좋은 콘텐츠가 터지지 않는 경우는 콘텐츠 자체의 문제보다 도달이 안 됐거나 타깃이 어긋났을 때가 더 많기 때문입니다. 콘텐츠 자체의 완성도는 이러한 외부 가설들을 다 확인하고 지운 다음에 가장 나중에 뜯어봅니다.

5. AI 시대 콘텐츠 마케터의 차별화 경쟁력
AI는 콘텐츠를 만드는 속도를 획기적으로 빠르게 해줍니다. 하지만 무엇을 왜 만들어야 하는지 판단하는 일은 여전히 인간의 몫입니다. 그렇기에 차별화는 기술을 써서 '더 잘 만드는 것'이 아니라 '무엇을 만들지 명확히 정의하는 것'에서 나옵니다. 타깃과 브랜드가 처한 상황과 맥락을 이해하는 눈, 데이터를 읽고 날카로운 가설을 세우는 분석력, 정답이 없는 상황에서 최선을 고르는 판단력 이 세 가지가 마케터의 핵심 무기가 될 것입니다. AI가 보편화될수록 오히려 기획과 전략을 쥔 사람의 가치가 커질 수밖에 없습니다.

다섯 가지 질문을 통해 멘티님이 이미 마케팅의 본질을 깊이 고민하고 계신다는 게 느껴집니다. 지금 가지고 계신 그 건강한 관점을 잃지 않고 차곡차곡 경험을 쌓아가시길 바랍니다. 현업에서 멋진 동료로 만나기를 기대하며, 진심으로 응원합니다!",
18,IT개발/데이터,서비스 기획 취업 도전! 휴학 동안 뭘 하면 좋을까요?,시나리오50-18,"멘토님, 안녕하세요! 한 학기를 남겨두고 하반기 본격적인 서비스 기획직 지원을 준비 중인 대학생입니다. 5개월간의 인턴십과 한 차례의 웹 프로젝트 경험이 있지만, 기획 실무 역량을 한 단계 더 끌어올리기 위해 휴학 기간 동안 어떤 선택을 해야 할지 고민이 깊어 조언을 구합니다.

현재 저는 SQLD 취득과 데이터 분석 강의 수강을 병행하며, 협업 실력을 확실히 증명할 수 있는 프로젝트 1~2회를 추가로 경험하는 것을 최우선 목표로 삼고 있습니다. 이를 위해 7개월 과정의 부트캠프 참여를 고려 중이나, 실효성과 기회비용 측면에서 다음과 같은 의문이 생겨 멘토님의 솔직한 인사이트를 듣고 싶습니다.

1. 신입 채용 시장에서 부트캠프 경험의 실질적인 위상은 어떠한가요?
인사 담당자들 사이에서 부트캠프에 대한 평가가 예전만 못하다는 이야기가 들려 혼란스럽습니다. 현직자의 시선에서 볼 때, 부트캠프 수료가 신입 기획자에게 필수적인 역량을 증명하는 유효한 어필 포인트가 되는지, 아니면 포트폴리오의 중복성 등으로 인해 가치가 낮게 평가되는지 궁금합니다.

2. 하반기 취업 목표 달성을 위한 '7개월'이라는 시간 투자가 전략적으로 타당할까요?
올해 하반기 공채와 수시 채용을 타겟으로 하는 상황에서, 7개월간 부트캠프에 몰입하는 것이 시간과 비용 대비 효율적인 선택인지 고민입니다. 수료 시점과 채용 시즌이 맞물리는 리스크를 감수할 만큼 부트캠프의 커리큘럼이 실무 역량 강화에 결정적인 도움이 될까요?

3. IT 연합 동아리 외에 '실행력'을 보여줄 수 있는 대안 활동은 무엇이 있을까요?
SOPT나 YAPP 같은 IT 동아리도 고려 중이지만, 지원 시기나 확정되지 않은 합격 여부 때문에 불확실성이 큽니다. 만약 부트캠프나 동아리 외에, 멘티님이 보유한 기존 인턴 경험을 기반으로 더 '뾰족한' 포트폴리오를 만들 수 있는 다른 실무적인 경험(예: 사이드 프로젝트, 역기획, 프리랜서 플랫폼 활용 등)이 있다면 추천해 주시면 감사하겠습니다.

너무 많은 선택지 앞에서 중심을 잡기 위해 멘토님의 현실적인 피드백이 간절합니다. 긴 글 읽어주셔서 감사드리며, 멘토님의 고견 기다리겠습니다!","현직자의 시선에서 조금은 냉정하지만 실질적인 도움이 될 이야기를 전해드릴게요.

부트캠프와 대외활동: '경험'보다 '결과물'의 가치
부트캠프는 과거엔 희소한 경험이었지만, 지금은 유의미한 지원자 대다수가 거쳐 가는 흔한 스펙이 되었습니다. 이제는 참여 여부 자체가 아니라 그 안에서 어떤 결과물을 도출했느냐가 핵심입니다. 서비스 기획자로 취업한 100명은 저마다 100가지 다른 스펙을 가지고 있습니다. 합격자들의 공통점은 남들이 다 하는 활동을 단순히 따라 하는 것이 아니라, 본인의 관심사와 강점을 살려 '내가 왜 이 회사의 기획자가 되어야 하는가'를 설득력 있고 독창적인 스토리로 증명해냈다는 점입니다.

서비스 기획의 본질: 나를 '제품화'하여 팔아보는 경험
서비스 기획의 본질은 더 나은 가치를 제안하여 선택받는 것입니다. 비슷한 기능의 어떤 특정앱이 유독 한국 시장에서 선택받은 이유는 쉽게 말해 더 '잘났기' 때문이죠. 이처럼 자기 자신을 매력적인 제품으로 만들어 시장(기업)에 팔아본 사람이 회사에 들어와서도 기성 서비스를 잘 개선할 수 있습니다.

단순히 스펙 위주의 활동을 좇는 지원자들의 경험은 천편일률적입니다. 현업에서는 실무에 바로 투입해도 될 사람을 원하는데, 정작 지원하는 회사나 팀과 관련된 고민의 흔적이 없는 결과물은 탈락하기 쉽습니다.

지금 멘티님은 만들고 싶은 서비스나 흥미 있는 도메인이 확실히 있으신가요? 혹은 남들은 잘 쓰지만 본인만 느끼는 Pain Point가 있나요? 이 질문에 답할 수 있는 사람들은 개발자를 찾아 나서거나 앱스토어에 직접 서비스를 올릴 궁리를 하며 남들과 다른 고민을 시작합니다.

추천 전략: 타겟 기업에 맞춘 'Domain-Fit' 경험 쌓기
스펙의 가짓수를 채우기보다 해당 회사의 현직자가 보기에 '이 사람이다' 싶을 만큼 도메인에 적합한 경험을 만드는 데 주력하세요. 만약 특정 기업(예: 당근마켓)에 지원한다면 다음과 같은 깊이 있는 분석이 필요합니다.

-서비스 측면: 모든 페이지를 둘러보며 제공 기능과 UX 형상을 완벽히 파악합니다.
-사업성 측면: 유저 수, 매출 지표 및 주요 수익원 등 사업 지표를 분석합니다.
-로드맵 파악: 향후 비전을 파악하기 위해 링크드인 등을 통해 현직자에게 커피챗을 요청해 보세요.
-개선안 도출: 시장 트렌드(AI 연계 등)와 경쟁 서비스 벤치마킹을 바탕으로 실제 제안하고 싶은 기능을 구상해 봅니다.

공고가 뜬 시점부터 그간의 경험을 해당 기업에 맞게 재편하고, 위와 같은 고민의 결과를 추가하여 스토리를 다시 짜야 합니다. ""나는 이러저러한 노력으로 기획 역량을 쌓았고, 특히 당신 회사를 위해 이런 고민까지 해봤다""는 진심이 전해진다면, 면접관은 반드시 멘티님과 대화해보고 싶어 할 것입니다.

결국 서비스나 도메인을 익히기 위한 자기 주도적인 활동이 우선되어야 합니다. 여행 앱 20개를 써보며 UX를 분석해 숙박 플랫폼에 취업한 사례처럼, 멘티님만의 '뾰족한' 전문성을 보여줄 수 있는 도메인을 먼저 정해보는 건 어떨까요?",
17,IT개발/데이터,"프로그래머 포트폴리오, 프로젝트 적정 개수는?",시나리오50-17,"선배님, 안녕하세요. 유니티 기반 클라이언트 프로그래머를 꿈꾸며 취업을 준비 중인 취준생입니다. 현재 포트폴리오를 준비하고 있지만, 직군별로 기준이 상이하고 정보의 신뢰도가 낮아 방향성을 설정하는 데 어려움을 겪고 있습니다. 실무자의 시선에서 포트폴리오 구성과 취업 전략에 대해 명쾌한 답변을 듣고 싶어 질문을 정리해 보았습니다.

1. 포트폴리오에 담을 프로젝트의 적정 개수는 어느 정도인가요? 학교에서는 무조건 양이 많아야 한다고 조언하지만, 실제 현장에서는 개수보다 중요한 요약 정리 기준이 따로 있는지 궁금합니다. 굵직한 프로젝트 몇 개에 집중하는 것이 좋을까요?

2. 미완성되거나 중도 하차한 프로젝트도 포함해도 괜찮을까요? 결과물이 완벽하지 않더라도 그 과정에서의 기술적 고민이 담겨 있다면 포트폴리오로서 가치가 있을지 여쭤보고 싶습니다.

3. 기술 정리 노트나 알고리즘 풀이 기록도 도움이 될까요? 프로젝트 외에 자료구조, 네트워크, 엔진 라이브러리 분석이나 깃(Git) 활용법, 백준/프로그래머스 오답 노트 등을 포트폴리오에 포함하는 것이 가산점이 될지 궁금합니다.

4. 클라이언트 프로그래머 포트폴리오에서 '나쁜 사례'는 무엇인가요? 포트폴리오의 궁극적인 목적과 더불어, 반드시 다루어야 할 핵심 요점과 절대 하지 말아야 할 주의사항이 있다면 알고 싶습니다.

감사합니다. 선배님","1. 포트폴리오 프로젝트의 개수보다 중요한 '어필 포인트'
포트폴리오에 담는 프로젝트 개수는 결코 중요하지 않습니다. 지원자가 세 자릿수 이상인 경우, 검토자는 본연의 업무와 병행해야 하기에 모든 포트폴리오를 정성껏 살펴볼 물리적 시간이 부족합니다.

단순히 많이 나열하면 '여러 가지를 해봤구나' 하고 넘어가겠지만, 개수를 줄이고 특정 작업에 집중한다면 '이런 것을 잘하는구나'라는 인상을 남길 수 있습니다. 본인의 강점이 다양한 경험인지, 아니면 특정 스킬의 전문성인지를 명확히 정하고 그에 맞춰 구성하세요.

2. 미완성·중도 이탈 프로젝트의 반영 기준
정답은 없지만, 자신의 어필 포인트를 어디로 가져가는지에 따라 결정하세요. 중도 이탈했더라도 그 과정에서 마주한 문제와 해결하려 했던 노력, 그로 인해 배운 점이 본인의 강점을 증명한다면 반영하는 것이 좋습니다. 하지만 부정적인 인상을 줄 가능성이 더 크다고 판단된다면 과감히 제외하는 것이 전략적입니다.

3. 부가 자료 구성: 선택과 집중의 원칙
1번에서 말씀드린 것처럼, 많이 제출한다고 해서 모두 확인하지는 않습니다. 프로젝트 이외의 활동(정리 노트, 알고리즘 풀이 등)이 자신을 PR 하는 데 결정적이라면 넣으시되, 누구나 하는 평범한 수준이라면 굳이 포함하지 마세요. 오히려 핵심 프로젝트에 대한 집중도만 떨어뜨릴 수 있습니다.

4. 클라이언트 프로그래머 포트폴리오의 핵심 전략
위 질문들을 보면 본인의 차별점이 무엇인지에 대한 판단 없이 주변의 충고에만 의존하고 계신 것 같습니다.

-탈(脫) 단순 코더: AI 시대에 단순한 코더는 매력이 없습니다. AI 코딩보다 본인이 나은 점이 무엇인지 고민하고 이를 프로젝트로 증명해야 합니다.
-10초 안에 승부하기: 검토자는 수십 개의 포트폴리오를 빠르게 훑어봅니다. 나열식 구성은 10초 안에 탈락 폴더로 이동할 수 있습니다. 우선 강렬하게 자신의 쓸모를 알린 후, 보조적인 프로젝트를 덧붙이세요.
-협업 역량의 시각화: 클라이언트 프로그래머는 협업이 필수입니다. 본인이 담당한 파트, 타인의 코드에 맞추는 능력, 커뮤니케이션 갈등 해결 과정 등을 구체적으로 포함하세요.

5. 동시 지원과 합격 후 입사 포기에 대한 우려
동시 지원은 매우 효율적이고 일반적인 방식입니다. 복수 합격 시 한 곳을 선택하는 것 역시 당연한 일이며, 이로 인해 업계 블랙리스트가 될 일은 거의 없으니 안심하세요. 해당 기업 내부 시스템에 기록이 남을 수는 있지만, 대개 6개월 정도 지나면 지워지므로 걱정하지 않으셔도 됩니다.

6. 재지원 시 고려해야 할 기간과 실력 향상
한번 탈락한 기록이 남는 기업의 경우, 단기간 내 재지원은 자동 탈락될 가능성이 높습니다. 6개월 이내에는 드라마틱한 실력 향상이 없다고 판단하기 때문입니다. 오히려 재지원을 서두르면 자동 탈락 기간만 갱신하게 될 수 있으니, 최소 반년 이상 충분히 실력을 쌓은 후 재도전하시는 것을 권장합니다.

회사나 팀마다 포트폴리오를 보는 기준은 제각각입니다. 이 답은 '구인 공고' 안에 상세히 담겨 있습니다. 공고를 가볍게 넘기지 말고 자세히 분석하세요. 하나의 포트폴리오를 모든 기업에 뿌린다는 생각보다는, 공고에 맞춰 내용을 커스텀하거나 본인의 색깔과 맞는 회사를 찾는 노력이 병행되어야 합니다. 조금이나마 취업 준비에 도움이 되었기를 바라며, 멘티님의 앞날을 응원하겠습니다!",
16,IT개발/데이터,"데이터 엔지니어링 포트폴리오, 어떤 점을 개선하면 좋을까요?",시나리오50-16,"데이터 엔지니어링 직군으로의 도약을 준비하고 있는 취업 준비생입니다. 저의 기술적 기반과 프로젝트 경험이 실무 현장의 요구사항에 부합하는지, 그리고 전문성을 높이기 위한 전략적 선택지에 대해 현직자의 시각에서 진솔한 피드백을 얻고자 상담을 요청드립니다. 질문에 앞서 저의 역량을 파악하시는 데 도움이 될 수 있도록 포트폴리오를 함께 첨부해 드립니다.

첫째, 포트폴리오의 직무 적합성과 보완점에 대해 여쭙고 싶습니다.
포트폴리오 내에서 데이터 엔지니어링 직무와 직접적으로 맞닿아 있는 부분은 Spark와 Hadoop을 활용한 프로젝트가 핵심입니다. 다른 프로젝트들은 직무와 완전히 일치하지 않는 면이 있어, 서류 전형 단계에서 경쟁력을 확보하는 데 어려움이 있는 것은 아닌지 우려됩니다. 제가 보유한 기술 스택 중 어떤 부분을 강조하고, 부족한 부분은 구체적으로 어떻게 보완해야 데이터 엔지니어링 직무에 더욱 최적화된 포트폴리오를 구성할 수 있을까요?

둘째, 데이터 엔지니어링 직군에서 '석사 학위'가 갖는 실질적인 메리트가 궁금합니다.
학사 졸업 상태에서 구직 활동을 이어가고 있으나, 데이터 직군의 특성상 석사 이상의 학위가 기업의 수요나 처우 측면에서 결정적인 차이를 만드는지 궁금합니다. 실무 역량을 쌓는 것에 집중하여 조기에 경력을 시작하는 것이 유리할지, 아니면 대학원에 진학하여 학문적 깊이를 더하는 것이 장기적인 커리어 관점에서 더 높은 가치를 인정받을 수 있는 선택일지 멘토님의 고견을 듣고 싶습니다.

데이터 엔지니어로서의 첫걸음을 떼기 위해 어떤 준비가 가장 시급한지 멘토님의 날카로운 조언을 기다리겠습니다. 소중한 시간을 내어 긴 글 읽어주셔서 진심으로 감사드립니다.","데이터 엔지니어링의 본질이 드러나는 포트폴리오 구성
기업이 포트폴리오를 요구하는 가장 핵심적인 이유는 지원자가 보유한 경험이 조직의 문제를 해결하는 데 실질적인 도움이 될지 판단하기 위해서입니다. 데이터 엔지니어는 데이터의 공급처(원천)와 수요처(ML 모델러 등) 사이를 잇는 견고한 연결 통로를 구축하고 관리하는 역할을 수행합니다. 따라서 포트폴리오에서도 엔지니어링 기술과 경험이 얼마나 깊이 있게 녹아 있는지를 중점적으로 보게 됩니다.

지금껏 구성하신 내용을 검토했을 때, 엔지니어링에 대한 서술이 프로젝트의 일부분에 한정되어 있다는 인상을 받았습니다. 순수 엔지니어링 프로젝트라기보다는 ML 프로젝트를 수행하는 과정에서 부수적으로 기술이 적용된 느낌이 강해, 오히려 ML 직무 지망생의 포트폴리오처럼 보일 수 있습니다.

이를 보완하기 위해서는 ML 프로젝트 내에서 수행한 엔지니어링 과정을 훨씬 상세하게 분리하여 작성해야 합니다. 데이터 파이프라인이 구체적으로 어떻게 구성되었는지, 활용된 기술 스택은 무엇인지 명확히 드러나야 하네요. 특히 엔지니어링을 적용하며 겪었던 애로사항과 이를 극복한 해결 방안, 혹은 기술적 튜닝을 통해 성능을 개선했던 수치적인 경험이 포함된다면 훨씬 매력적인 포트폴리오가 될 것입니다.

엔지니어링 직무와 석사 학위의 상관관계
데이터 분야라 하더라도 엔지니어링 같은 기술 중심의 직무는 대학원 진학이 필수라고 말씀드리기 어렵습니다. 실무 상황을 해결하기 위해 필요한 경험과 지식은 학위 과정에서 얻는 것과 다소 차이가 있기 때문입니다. 학위가 취업에 결정적인 영향을 미친다고 보기도 힘든 편입니다.

연구 중심의 데이터 과학(Data Science) 분야는 학문적 깊이가 직무에 도움이 되지만, 엔지니어링은 실질적인 기술 구현 능력이 우선입니다. 따라서 단순히 취업을 목적으로 대학원을 선택하기보다는, 특정 분야에 대한 연구나 탐색의 필요성을 강하게 느낄 때 진학을 고려하시길 권장합니다.

신입 데이터 엔지니어를 위한 조언
냉정하게 시장을 바라보자면 데이터 엔지니어 신입 T.O는 생각보다 많지 않습니다. 업무 수행에 필요한 지식의 스펙트럼이 워낙 넓어 학부 과정만으로는 모두 소화하기 쉽지 않기에 보통은 경력자 위주의 채용이 이루어지곤 합니다.

그럼에도 불구하고 신입을 위한 문은 열려 있습니다. 그동안 쌓아온 경험과 노력을 엔지니어의 시각에서 다시 정교하게 정리하여 지원한다면 좋은 결과가 있을 것입니다. 다시 한번 답변이 늦어진 점 양해 부탁드리며, 따뜻해지는 봄 햇살만큼 하시는 일마다 기분 좋은 소식이 가득하기를 진심으로 응원하겠습니다.",
15,IT개발/데이터,"데이터 분석 직무, 동아리 활동이 도움이 될까요?",시나리오50-15,"멘토님, 안녕하세요! 화학공학을 전공하고 있지만, AI와 데이터 분석의 매력에 빠져 향후 바이오/화학 업계의 데이터 분석 직무로 커리어를 쌓고 싶은 학생입니다.

단순히 스펙을 한 줄 추가하는 것을 넘어, 공모전 동아리를 통해 다양한 실전 데이터를 다루며 폭넓은 경험을 쌓고 싶습니다. 하지만 학업과 병행하기에 활동 강도가 높을까 봐 걱정되는 마음도 큽니다. 이에 대해 현직자이신 멘토님의 고견을 듣고 싶습니다.

Q: 화학공학 전공자의 데이터 분석 동아리 활동, 직무 전문성에 얼마나 도움이 될까요?
바이오/화학 업계의 데이터 직무는 도메인 지식만큼이나 툴 활용 능력이 중요하다고 알고 있습니다. 동아리에서 다루는 일반적인 데이터 분석 경험들이 실제 업계의 R&D나 생산 공정 데이터 분석 직무로 연결될 때, 어떤 지점에서 가장 큰 시너지를 낼 수 있을까요?","실무에 즉시 투입 가능한 '협업 DNA' 기르기
기업이 신입 사원을 채용할 때 가장 바라는 점은 별도의 재교육 없이 실무에 빠르게 적응하는 것입니다. 학생 신분으로는 접하기 어려운 대규모 프로젝트를 여러 팀원과 함께 수행하는 경험은 그 자체로 큰 자산이 됩니다. 특히 공모전이나 해커톤을 통한 팀 프로젝트 경험은 실제 현장에서 협업하고 소통하는 능력을 증명하는 아주 좋은 지표가 될 것입니다.

단순 구현을 넘어선 '논리적 기여도'의 중요성
오픈 소스와 생성형 AI가 발달한 지금, 단순히 특정 기능을 코드로 구현하는 것만으로는 차별화된 경쟁력을 갖추기 어렵습니다. 프로젝트에서 본인이 기여한 영역을 명확히 정의하고 강조해야 합니다. 남들이 다 쓰는 대중적인 방법론을 무비판적으로 수용하기보다, 원리를 정확히 이해하고 응용하는 자세가 필요합니다. ""왜 이 기술을 선택했는가?""라는 질문에 본인만의 명확한 논리로 답할 수 있을 때, 비로소 데이터 분석가로서의 진정한 역량이 드러납니다.
학업 병행의 가치: 미래 포트폴리오를 위한 투자
물론 학업과 병행하는 과정이 당장은 버겁고 힘들게 느껴질 수 있습니다. 하지만 장기적인 관점에서 본인의 포트폴리오를 구성하는 데 있어 공모전 동아리는 충분히 투자할 가치가 있는 활동입니다. 두려움보다는 설렘을 갖고 도전해 보시길 바랍니다.",
14,IT개발/데이터,"데이터 사이언스, 롱런하기 위해서는?",시나리오50-14,"멘토님, 안녕하세요! 예체능 전공 후 데이터 및 마케팅 분석가로의 커리어 전환을 꿈꾸고 있는 26세 취업 준비생입니다. 다행히 해외 대학원의 Data Science(DS)와 Business Analytics(BA) 과정에 모두 합격하여 출국을 앞두고 있으나, 한국 대기업 취업 시장의 실무적 관점에서 어떤 선택이 더 유리할지 고민이 되어 조언을 구합니다.

1. 국내 대기업 신입 공채 시, DS와 BA 전공 중 어떤 쪽을 더 선호하는 추세인가요?
머신러닝 알고리즘과 모델링에 집중하는 DS와 데이터 기반의 비즈니스 의사결정을 다루는 BA 사이에서 고민입니다. 뷰티 업계나 일반 대기업의 데이터 분석가(DA) 혹은 마케팅 분석가 직무로 지원할 때, 석사 전공의 타이틀이나 커리큘럼이 서류 및 면접 단계에서 어떤 차별점을 만드는지 궁금합니다.

2. 기술적 전문성(DS)과 비즈니스 활용 능력(BA) 중 어디에 무게를 두는 것이 현명할까요?
AI 기술의 비약적인 발전으로 모델 자체를 만드는 것보다 데이터를 비즈니스 가치로 전환하는 역량이 중요해지고 있다고 느낍니다. 하지만 비전공자로서 기술적 '깊이'를 보여주기 위해 DS를 선택해야 할지, 아니면 제 강점을 살려 비즈니스 임팩트에 집중하는 BA를 선택해야 할지 확신이 서지 않습니다. 멘토님이 보시는 '롱런하는 분석가'의 핵심 역량은 무엇인가요?

3. 전공자들과의 기술 격차를 극복하고 경쟁력을 가질 수 있는 현실적인 방법은 무엇인가요?
학부 시절부터 탄탄히 준비해온 전공자들과 대학원에서 처음 머신러닝을 접하는 제가 경쟁했을 때, 실무 역량 면에서 한계가 있지는 않을지 걱정이 큽니다. 비전공자 석사 출신이 대기업 공채 시장에서 전공자들과 당당히 경쟁하기 위해, 대학원 기간 중 반드시 확보해야 할 '나만의 무기'는 무엇이라고 생각하시나요?

비전공자라는 불안감을 지우고 전문가로 거듭나고 싶습니다. 멘토님의 날카로운 통찰이 제 유학 생활과 커리어 설계에 큰 이정표가 될 것 같습니다. 귀한 시간 내어주셔서 진심으로 감사합니다!","우선 한 곳에 합격도 어려운데 미국 대학원 두전공 모두 합격하신 점 매우 축하드립니다. 두 전공이 비슷한 듯 다른 부분이 있어서 매우 고민이 되실거라 생각이 들기도 합니다. 어쩌면 해볼 수 있는 고민 중 행복한 고민의 하나가 아닐까 라는 생각도 들어요.

1. 해외 취업이라는 더 넓은 선택지 고려
미국에서 석사 학위를 취득하신다면, 졸업 후 바로 국내로 리턴하기보다 현지에서 먼저 커리어를 쌓는 방향을 진지하게 고민해 보셨으면 합니다. 미국과 한국은 기업 문화부터 급여 수준까지 차이가 꽤 큽니다. 보통은 해외에서 먼저 실무 경험을 탄탄히 쌓고 그 경력을 바탕으로 국내에 돌아오는 것이 장기적으로 훨씬 유리한 커리어 패스가 될 수 있습니다.
2. DS와 BA, 전공의 이름보다 중요한 '실무의 교집합'
Data Science(DS)와 Business Analytics(BA)는 커리큘럼상 차이가 있어 보이지만, 실제 현업에서는 두 영역이 칼로 자르듯 나뉘지 않습니다.

-DS(기술 중심): 머신러닝, 데이터 처리, 모델링 등 기술적인 부분에 특화되어 있습니다. 하지만 단순히 모델만 잘 만든다고 끝나는 게 아니라, 결국 그 결과물에서 비즈니스 인사이트를 뽑아내 전략을 제시할 줄 알아야 합니다.

-BA(의사결정 중심): 데이터에 기반해 문제를 해결하고 의사결정을 돕는 데 집중합니다. 그러나 이 역시 말로만 전략을 짜는 게 아니라, 데이터를 직접 분석해서 논리적인 근거를 탄탄하게 만들어낼 줄 알아야 합니다.

결국 DS로 시작해 산업 전문가가 되면 BA의 영역으로 확장되고, BA로 시작해 기술적 전문성을 쌓으면 DS의 영역을 아우르게 됩니다. 어느 전공이 더 선호된다기보다, 지원하시는 기업의 조직 성격과 역할에 따라 요구하는 역량이 조금씩 다를 뿐입니다.

3. AI 시대, 대체 불가능한 '나만의 역량' 키우기
AI 기술(GenAI)이 급격히 발달하면서 직무 선호도에 영향을 주고 있는 것은 사실입니다. 하지만 2~3년 뒤 석사 졸업 시점의 시장을 예측하는 것은 다소 위험할 수 있습니다. 사실 데이터만 주어지면 AI가 어느 정도 분석과 전략 도출까지 해낼 수 있는 시대이기 때문입니다.

그래서 전공 선택보다 더 중요한 본질은 'AI가 대체하기 어려운 영역'을 선점하는 것입니다.
-AI를 도구로 잘 활용할 줄 아는 전문가가 되는 것
-AI가 하기 힘든 '문제 정의', 결과에 대한 '해석', 그리고 최종적인 '의사결정' 역량을 갖추는 것
어떤 전공을 선택하시든 이 세 가지를 중심에 두고 공부하신다면 AI 시대에도 롱런하는 전문가가 되실 수 있습니다.
4. 비전공자의 '스토리'는 강력한 경쟁력입니다
비전공자로서 머신러닝을 처음 접하는 것에 대한 두려움이 크시겠지만, 석사 과정에서 치열하게 노력하신다면 충분히 전공자들과 어깨를 나란히 할 수 있습니다. 오히려 전공자들은 갖지 못한 멘티 님만의 독특한 배경(예체능 전공 등)이 강력한 경쟁력이 될 수 있다는 점을 잊지 마세요. 전공 대비 부족한 기술적 부분은 석사 과정 중에 채우면 되지만, 멘티 님이 이미 가지고 계신 인문학적·예술적 감각은 전공자들이 쉽게 가질 수 없는 무기입니다. 학위 과정을 어떻게 보내느냐에 따라 멘티 님의 경쟁력은 무궁무진하게 커질 것입니다.

제가 조금이라도 도움이 되었길 바라면서 오늘은 마치겠습니다! 다시한번 합격을 축하드리며, 앞으로의 건승을 기원하겠습니다.",
13,IT개발/데이터,현직자가 1학년으로? AI직무 취업 무엇부터 할까?,시나리오50-13,"멘토님, 안녕하세요! AI 분야로 진로를 설정하고 이제 막 첫발을 내디딘 1학년 학생입니다. 하루가 다르게 변하는 AI 기술 트렌드 속에서, 지금 이 시기에 어떤 기본기를 다져야 미래에 멘토님과 같은 전문성을 갖출 수 있을지 조언을 구하고 싶습니다.

만약 멘토님이 대학교 1학년으로 돌아가신다면, AI 직무를 위해 무엇을 '가장 먼저' 시작하시겠습니까? 단순히 최신 라이브러리나 툴을 익히는 것보다, 롱런하는 AI 엔지니어가 되기 위해 1학년 때 반드시 끝내야 할 기초 학문(수학, 통계, 알고리즘 등)이나 학습 습관이 있다면 무엇인지 궁금합니다.

기술적인 공부 외에, 시야를 넓히기 위해 추천하시는 '경험적 활동'은 무엇인가요? 학점 관리 외에도 오픈소스 프로젝트 참여, 관련 커뮤니티 활동, 혹은 논문 읽기 등 저학년 시기에만 해볼 수 있는 특별한 경험이 있다면 조언 부탁드립니다. 멘토님께서 ""이걸 좀 더 일찍 해봤더라면 좋았을 텐데"" 하고 아쉬움이 남으셨던 부분이 있다면 공유해 주시면 큰 이정표가 될 것 같습니다.","이론을 넘어선 실전 서비스 제작 경험
전공 서적에만 갇히지 않고, 지금 당장 AI를 활용해 다양한 웹사이트나 앱을 직접 만들어볼 것 같습니다. 이론적인 공부보다 '내 손으로 무언가를 완성해 본 경험'이 무엇보다 중요하기 때문입니다. 실제 서비스를 통해 고객의 니즈를 고민하고, 그 과정에서 겪는 수많은 시행착오가 가장 큰 학습 동기부여가 된다는 점을 꼭 기억하세요.

진로의 이분법적 설계와 대학원 고민
조금 더 깊이 있는 데이터나 AI 연구에 관심이 있다면, 단순히 파이썬 기초를 익히는 수준을 넘어 대학원 진학에 대해 진지하게 고민해 볼 필요가 있습니다. AI 분야는 크게 '연구'와 '활용'으로 나뉩니다. 연구 쪽을 지망한다면 당연히 석·박사 이상의 고학력이 필요할 것이고, 활용 측면이라면 탄탄한 포트폴리오를 준비해 빠르게 실무에 뛰어드는 전략이 필요합니다.

데이터 감각을 기르는 일상 속 포트폴리오
거창한 인공지능 모델링부터 시작하려 하면 막막할 수 있습니다. 대신 좋아하는 스포츠 기록이나 공공 데이터처럼 평소 관심 있는 데이터를 정리해 시각화해보고, 컨설팅 보고서의 형식을 빌려 인사이트를 발굴해 보는 연습을 추천합니다. '데이터가 어떻게 생겼고, 여기서 어떤 의미를 찾을 수 있는지'를 아는 감각이 복잡한 모델링 기술보다 훨씬 중요하기 때문입니다.

최신 트렌드 습득과 글로벌 역량 강화
매일 10분씩이라도 유튜브나 뉴스레터를 통해 최신 AI 트렌드를 접하는 습관을 들이는 것이 좋습니다. 그리고 무엇보다 영어를 무조건 공부하시길 권합니다. 현재 AI 기술은 미국이 주도하고 있는 만큼, 더 넓은 기회를 잡기 위해 해외 진출이나 글로벌 기업 취업을 장기적인 목표로 두는 것이 유리합니다.",
12,IT개발/데이터,"AI 직무, 정말 어떻게 준비해야 할까?",시나리오50-12,"안녕하세요! 컴퓨터 AI 학부에서 공부하며 미래의 AI 전문가를 꿈꾸고 있는 학생입니다. 평소 이 분야의 무궁무진한 가능성에 설레기도 하지만, 한편으로는 기술의 변화 속도가 워낙 빨라 '안정적으로 오래 지속할 수 있는 커리어'를 쌓을 수 있을지에 대한 고민도 깊어지고 있습니다. 멘토님의 소중한 경험과 통찰력을 통해 제 진로의 방향을 더 단단히 다지고 싶어 질문을 드립니다.

Q1. AI 분야의 직업적 안정성과 지속 가능성
저는 안정적이고 장기적인 커리어를 고려하여 AI 전공을 선택했습니다. 하지만 하루가 다르게 새로운 모델이 나오는 이 분야가 실제로도 '오래 지속할 수 있는 직업군'인지 멘토님의 솔직한 견해가 궁금합니다. 급변하는 기술 환경이 오히려 직업적 불안정성을 초래하지는 않는지, 혹은 그 변화 속에 더 큰 안정의 기회가 있는지 실무자의 시선에서 알고 싶습니다.

Q2. 직무 선택 이후 겪으신 현실적인 어려움
멘토님께서도 현재의 직무를 선택하신 뒤, 기대와는 달랐던 현실이나 예상치 못한 어려움을 겪으신 적이 있으신가요? 특히 기술적 한계에 부딪혔을 때나 커리어의 정체기를 느꼈을 때, 멘토님만의 극복 방법은 무엇이었는지 궁금합니다. 이러한 경험담이 저에게는 큰 예방주사가 될 것 같습니다.

Q3. 향후 10년 뒤 AI 직무의 변화 양상
기술의 발전 속도를 고려할 때, 앞으로 10년 뒤의 AI 직무는 지금과 어떤 점이 가장 다를 것으로 예측하시나요? 엔지니어의 역할이 기획이나 관리 쪽으로 더 치우치게 될지, 혹은 완전히 새로운 형태의 역량이 요구될지 궁금합니다. 미래를 준비하는 학생 입장에서 어떤 '본질적인 역량'에 집중해야 10년 뒤에도 경쟁력을 유지할 수 있을까요?","1. AI 분야의 안정성: 기술 변화를 즐기는 자만이 누리는 대체 불가능성
AI는 향후 수십 년간 폭발적으로 성장할 아주 유망한 분야입니다. 하지만 이 분야에서 개인이 살아남는 방식은 일반적인 직장인들이 생각하는 '안정성'과는 결이 많이 다릅니다. 2~3년만 지나도 내가 쓰던 기술과 프레임워크가 완전히 구식이 되어버리기 때문입니다.

만약 평생 똑같은 일을 반복하며 편안하게 일하는 의미의 지속 가능성을 기대한다면, 오히려 가장 피곤하고 버티기 힘든 분야일 수 있습니다. 하지만 기술이 변하는 속도를 즐기고 새로운 것을 스펀지처럼 흡수하는 사람에게는 그 어떤 직업보다 압도적인 '대체 불가능성'을 쥐여줍니다. 평생 공부와 트렌드 파악을 즐길 준비가 되었다면 누구보다 안정적으로 오래 일할 수 있습니다. 나아가 AI를 하나의 강력한 도구로 보고, 이를 비즈니스 문제 해결에 어떻게 녹여낼지 고민하는 '문제 해결사'가 되어야 합니다.

2. 어려움의 극복: 징검다리 전략을 통한 성공적인 커리어 전환
저 역시 처음부터 AI 전문가는 아니었습니다. 모바일과 웹 서비스 개발자로 커리어를 시작했으나, AI가 미래 산업의 중심이 될 것을 체감하고 전향을 결심했습니다. 하지만 서비스 개발자가 곧장 AI 코어 분야로 넘어가는 것은 진입 장벽이 매우 높았습니다.

그래서 저는 기존의 개발 역량을 살리면서도 AI 기술을 접할 수 있는 하드웨어 단말기 업체(안면 인식 등)에 합류하는 전략을 택했습니다. 그곳에서 실무를 익히며 AI 비전 업계로 이직할 수 있었고, 이러한 단계적인 경험을 바탕으로 현재는 솔루비전 AI(SolenVisionAI)라는 스타트업을 창업해 운영하고 있습니다. 막막할 때는 본인의 현재 역량과 목표 사이의 '연결 고리'를 찾는 것이 중요합니다.

3. 10년 뒤의 미래: 코드 타이핑에서 가치 창출의 설계자로
10년 뒤에는 백지에서 코드를 타이핑하는 일의 상당 부분이 자동화될 것입니다. 대신 비즈니스 문제를 정의하고, 다양한 AI 에이전트를 적재적소에 결합하여 가치를 창출하는 '설계 및 감독 능력'이 핵심이 될 것입니다. 아마 개발자보다는 새로운 이름으로 불리게 될 가능성이 큽니다.

최근 신입 채용 시장이 좁아지는 이유도 이와 맥을 같이 합니다. 도메인을 깊이 이해하고 설계하는 능력은 결국 경험에서 나오기 때문에 경력직 선호 현상이 대두되는 것이죠. 따라서 저학년 때부터 단순히 모델을 돌려보는 것을 넘어 산업 전반을 이해하는 시야를 길러야 합니다.

4. 롱런을 위해 지금 준비해야 할 두 가지 핵심 역량
첫째는 탄탄한 CS 기초입니다. 운영체제, 네트워크, 데이터베이스 등 컴퓨터 공학 기초가 튼튼해야 시스템 전체 구조를 이해하고 AI의 치명적인 오류를 직관적으로 짚어낼 수 있습니다. 시간이 흐를수록 이 기초 체력이 성패를 가를 것입니다.

둘째는 End-to-End 실무 프로젝트 경험입니다. 단순히 모델 하나를 학습시켜 보는 데서 그치지 마세요. 기획부터 시작해 실제 웹이나 앱 환경에 AI를 붙여 배포까지 해보는 '전체 사이클'을 경험해 봐야 합니다. 기술의 흐름을 파악하고 변화할 준비가 된 사람에게 10년 뒤의 AI 업계는 여전히 기회의 땅일 것입니다.",
11,IT개발/데이터,"AI 시대의 개발 취업, 도대체 뭘 하면 좋을까요?",시나리오50-11,"포트폴리오의 밀도를 고민하고 있습니다. 멘토님이 걸어오신 길과 현업의 시각을 바탕으로, 신입 지원자가 갖춰야 할 실질적인 무기에 대해 조언을 구하고 싶습니다.

1. 프로젝트와 대회 경험, '다다익선'이 답일까요 아니면 '수상 기록'이 필수일까요?
단순히 경험의 횟수를 늘리는 것이 유리한지, 아니면 하나를 하더라도 수상 실적처럼 객관적인 성과를 내는 것이 중요한지 궁금합니다. 만약 수상을 못 했더라도 해당 경험을 통해 보여줄 수 있는 '성장 서사'가 실무에서 어느 정도의 설득력을 가지는지 멘토님의 의견이 궁금합니다.

2. 자기소개서에 이러한 경력을 녹여낼 때, 어떤 방식이 가장 효과적인가요?
나열식으로 많은 경험을 보여주는 것이 좋을까요, 아니면 특정 프로젝트에서의 문제 해결 과정을 깊이 있게 서술하는 것이 좋을까요? 멘토님이 보시기에 '뽑고 싶은 개발자/엔지니어'의 자기소개에는 어떤 디테일이 담겨 있었는지 그 노하우를 알고 싶습니다.

3. IT 업계에서 인정받는 '가장 쓸모 있는 자격증'은 무엇이라고 생각하시나요?
자격증의 종류가 너무 많아 선택과 집중이 어렵습니다. 실제 채용 시장에서 변별력을 가지거나, 실무 역량을 가장 잘 대변해 준다고 느끼시는 자격증(예: 정보처리기사, AWS 자격증, SQLD 등)이 있다면 무엇인지, 그리고 자격증 공부가 실무에 실제로 어느 정도 도움이 되는지 조언 부탁드립니다.","저 역시 대학교 1학년 때 앞으로의 진로에 대해 막막하고 스펙이라는 것을 어떻게 쌓아야할지 고민했던 기억이 있는데요. 질문 주신 내용에 대해 제가 알고 있는 선에서 하나씩 답변드리도록 하겠습니다.

다만 답변 드리기 전에 한 가지 먼저 짚고 넘어가고 싶은 부분이 있습니다. 멘티님 질문의 바탕에 ""프로젝트든 대회든 자격증이든 뭔가를 많이 채워 넣어야 한다"" 라는 생각이 깔려 있는데요. 이 생각 자체가 틀린 것은 아니지만, 최근에는 이 프레임으로 준비를 시작하시면 방향을 잃기 쉽습니다. 최근 2~3년 사이에 개발자 채용 시장의 요구 역량 자체가 많이 바뀌었기 때문이에요. 아래에서 하나씩 설명드리겠습니다.

Q1)""프로젝트와 대회 경험은 많을수록 좋을지, 수상 기록이 있는 게 좋을지?""
결론부터 말씀드리면 단순히 개수가 많다고 좋은 것은 아닙니다. 단기 프로젝트, 장기 프로젝트 중 무엇을 진행하는지가 중요한 것이 아닙니다. 중요한 것은 프로젝트를 통해 무엇을 배웠는지, 어떤 문제를 어떻게 해결했는지에 대한 깊이 있는 이해입니다.

특히 최근에는 이 관점이 훨씬 더 중요해졌는데요. AI 도구들이 코드 대부분을 작성해주는 시대가 되면서, ""To Do List 앱 만들었어요"", ""클론 코딩 프로젝트 5개 했어요"" 같은 것만으로는 채용하는 입장에서 큰 의미를 가지기 어렵습니다. 이제는 누구나 Claude 나 Cursor 같은 도구를 활용해서 하루 만에 기본적인 앱 하나는 만들 수 있거든요.

그래서 이제 면접에서 의미 있게 보는 것은 이런 질문들에 대한 답변입니다.
-왜 이 문제를 풀어보고 싶었는지
-AI 가 제안한 여러 구현 방식 중에 왜 이것을 선택했는지
-AI 가 잘못된 답을 줬을 때 어떻게 발견하고 개선했는지
-이 프로젝트의 한계를 본인 입으로 설명할 수 있는지

대회 수상의 경우도 비슷합니다. 수상 자체는 신호 하나일 뿐이고, ""거기서 어떤 역할을 하셨나요?"" 라는 질문에 본인의 기여와 판단을 설명할 수 있어야 의미가 생깁니다. 해커톤의 경우는 개발에 대한 관심이나 의지를 보여줄 수는 있지만, 면접이나 실제 개발 업무에 직접적인 영향을 주지는 않는다고 생각합니다.

Q2)""자기소개에 이러한 경력을 보여주면 되는 것인지?""
경력이나 경험을 그냥 리스트로 나열하시면 ""이것저것 해봤구나"" 정도로 끝납니다. 그것보다는 짧더라도 서사를 만드시는 것이 좋아요. ""이런 문제가 궁금했다 → 이런 것을 공부했다 → 이런 프로젝트를 만들어봤다 → 이 과정에서 이런 것을 배웠다"" 와 같은 흐름이요.

1학년이라서 거창한 서사가 없는 것은 당연합니다. 그럴 때는 오히려 솔직하게 ""지금 이 분야에 흥미를 느끼고 있고, 이런 기술을 학습하고 있다"" 정도도 충분해요. 억지로 부풀린 이력 나열보다 훨씬 진솔하게 읽힙니다.

특히 앞서 말씀드린 AI 협업 관점에서도, ""AI 와 어떻게 협업했고, 어디까지 AI 의 답을 신뢰했고, 어떤 부분은 직접 판단했는지"" 를 설명할 수 있으시면 그 자체가 차별점이 됩니다. ""ChatGPT 로 만들었어요"" 로 끝나는 프로젝트는 설명할 게 없는 프로젝트이고, 본인의 판단 흔적이 남아있는 프로젝트가 경쟁력 있는 프로젝트입니다.

Q3)""IT 업계에서 가장 쓸모 있는 자격증이란 무엇인지?""
미사여구 없이 솔직하게 말씀드리면, 개발자 채용에서 자격증이 차지하는 비중은 그렇게 크지 않습니다. 그리고 이 비중은 앞으로 더 줄어들 가능성이 높습니다. 자격증이 증빙하는 ""지식"" 이라는 것 자체의 희소성이 AI 때문에 빠르게 낮아지고 있거든요.
그래도 참고는 드려볼게요.
-정보처리기사: 공공기관이나 일부 SI 기업에서 요구하는 경우가 있습니다. 굳이 지금 준비하실 필요는 없고, 4학년 때 따셔도 늦지 않아요. 일부 공학 전공에서는 졸업 논문을 대체하는 경우도 있기에 한번 알아보세요.
-클라우드 자격증 (AWS, GCP 등): 그나마 의미 있는 자격증입니다. 다만 해당 클라우드를 실제로 써본 경험이 있을 때 의미가 있고, 경험 없이 자격증만 따시면 효용이 많이 떨어집니다.

그 외 자격증들은 투자하시는 시간 대비 효용이 낮다고 생각합니다. ""어떤 자격증을 따야 할까"" 라는 질문보다 ""어떤 기술을 깊이 써볼까"", ""어떤 AI 도구를 제대로 활용해볼까"" 가 지금 시점에서는 훨씬 나은 질문입니다.

마지막으로 1학년인 멘티님께 드리고 싶은 말씀
지금까지 개발자로서의 준비 방향을 말씀드렸는데, 이제부터는 조금 다른 결의 이야기를 드려보고 싶어요.

멘티님께서 개발자 준비에 있어 가장 중요하게 생각하셔야 할 것은 딱 하나입니다. 본인이 진짜로 궁금한 것을 직접 만들어보시는 경험. 본인이 쓸 작은 도구든, 친구들과 쓰는 디스코드 봇이든, 평소에 불편하다고 느꼈던 것을 해결하는 스크립트든 뭐든요. 그 과정에서 ""나 이런 것 재미있어하는구나"" 혹은 ""이건 나랑 안 맞구나"" 를 알아가시는 것이 1, 2학년 때 가장 값진 경험입니다. CS 기본기는 학교 수업에서 최선을 다해 익히시고, AI 도구는 거부감 없이 이것저것 써보시면 충분합니다.

그리고 한 가지 더, 조심스럽게 권유드리고 싶은 것이 있어요.멘티님은 이제 막 20살이 되신, 1학년이시잖아요. 개발자로서의 준비도 중요하지만 이 시기에만 할 수 있는 경험들을 꼭 해보셨으면 좋겠습니다. 여행을 가시거나, 관심 있는 동아리에 들어가보시거나, 아르바이트를 해보시거나, 전공과 전혀 상관없는 수업을 청강해보시거나, 좋은 사람들과 좋은 추억을 만드시거나 하는 것들이요.

제가 이 말씀을 드리는 것은 단순히 ""대학 생활을 즐기라""는 의미만은 아닙니다. 좋은 개발자가 되는 데 있어서도 이런 경험들이 의외로 중요한 밑거름이 되거든요. 개발이라는 것이 결국 사용자와 그들의 문제를 이해하는 일인데, 그 이해는 다양한 사람들을 만나고 다양한 경험을 해본 사람에게서 더 깊게 나옵니다. 저도 학부 때 개발과 무관해 보이던 많은 경험들이 지금의 저를 만드는 데 큰 역할을 했다고 생각해요.

이력서는 궁금한 것들을 꾸준히 파보시다 보면 자연스럽게 채워집니다. 순서가 거꾸로 되면 오히려 방향을 잃기 쉬워요. 지금은 뭔가를 채워 넣어야 한다는 조급함보다는, 궁금한 것을 탐색하고 다양한 경험을 쌓는 시간이라고 생각하시면 좋겠습니다.

즐거운 20대를 보내시기를 바래봅니다. 그리고 다양한 경험 쌓으시고, 치열하게 고민하시어 좋은 개발자, 혹은 공학자가 되시기를 바랍니다. 감사합니다",
10,IT개발/데이터,"서비스 엔지니어, AI가 앞으로 어떻게 활용될까요?",시나리오50-10,"서비스 엔지니어를 꿈꾸고 있는 학생입니다. 급변하는 기술 트렌드 속에서 현업의 생생한 목소리를 통해 제 커리어의 나침반을 설정하고 싶어 조언을 구하게 되었습니다. 바쁘신 와중에도 소중한 인사이트를 나누어 주셔서 진심으로 감사드립니다.

Q1. 현재 서비스 내 AI 기술의 비중과 거대 모델 활용 현황
멘토님께서 운영하시는 서비스에서 AI 기술이 차지하는 실질적인 비중은 어느 정도인가요? 특히 최근 트렌드인 거대 언어 모델(LLM)이나 거대 기반 모델을 실제 서비스 환경에 어느 수준까지 적용하여 운영하고 계신지 궁금합니다. 단순히 API를 연동하는 수준을 넘어, 성능 최적화나 비용 효율화 측면에서 어떤 고민을 하고 계시는지 실무적인 이야기가 듣고 싶습니다.

Q2. 4~5년 뒤, AI 서비스 시장의 진화 방향과 실생활의 변화
제가 사회에 진출할 시점인 4~5년 뒤에는 AI 기술이 더욱 보편화될 것으로 보입니다. 그때의 시장은 현재의 텍스트·이미지 중심을 넘어 어떤 방향으로 진화할 것이라 보시나요? 특히 우리 실생활과 밀접한 서비스 접점에서 사용자 경험을 근본적으로 바꿀 핵심 기술적 변화는 무엇이 될지 멘토님의 선구안이 궁금합니다.

Q3. 기업이 원하는 신입의 역량 우선순위와 추천 프로젝트
AI 서비스 기업의 입장에서 신입 엔지니어에게 요구하는 역량의 우선순위는 무엇인가요? (예: 수학적 기초, 모델링 능력, 서비스 백엔드 이해도 등) 더불어 대학 시절에 데이터의 흐름을 직접 다뤄보며 AI 기술을 서비스화해 볼 수 있는, 멘토님이 생각하시는 '가장 실무에 가까운 프로젝트 주제'를 추천해 주실 수 있을까요?","반갑습니다. 고민하고 있는 내용을 보니, AI 서비스 자체에 대한 이해뿐 아니라, 앞으로 어떤 방향으로 준비해야 할지까지 함께 고민하고 계신 것 같습니다. 이런 고민을 하고 있다는 점은 굉장히 좋은 출발이라고 생각합니다. 질문 주신 내용에 대해 하나씩 말씀드려 보겠습니다.

1. 서비스의 본질: AI 기술과 데이터, 그리고 소프트웨어의 조화
현재 서비스에서 AI 기술이 차지하는 비중에 대해서입니다. 여러 가지 이유로 구체적으로 이야기해 드리긴 어렵지만, 제가 담당하고 있는 영역은 AI를 직접 서비스로 제공하는 것뿐만 아니라 AI가 동작할 수 있는 플랫폼을 구축하고 운영하는 부분이기 때문에 업무에서 AI를 빼고 생각하기는 어려운 상황입니다.

다만 여기서 중요한 점은, AI 기술 자체가 전부가 아니라는 점입니다. 실제로 좋은 성과를 내기 위해서는 정확하고 잘 정리된 데이터가 반드시 필요하고, 그 데이터를 활용해서 가치를 만들어내기 위해서는 안정적이고 확장 가능한 소프트웨어 구조가 필수적입니다. 결국 AI는 하나의 요소일 뿐이고, 데이터와 소프트웨어가 함께 갖춰져야 비로소 서비스로서 의미를 갖게 된다고 보시면 됩니다.

2. AI 기술의 미래: 보이지 않는 곳으로 스며드는 진화
다음으로 거대 모델이나 AI 기술의 미래에 대해서 말씀드리면, 현재 발전 속도를 기준으로 봤을 때 4~5년 뒤를 구체적으로 예측하는 것은 사실상 어렵다고 생각합니다. 최근 몇 년만 보더라도 변화 속도가 굉장히 빠르기 때문에 특정 기술이 어떻게 발전할지를 단정하는 것은 큰 의미가 없을 수 있습니다.

다만 분명한 방향성은 있습니다. AI는 점점 더 다양한 서비스에 자연스럽게 녹아들 것이고, 사용자 입장에서는 “AI를 쓴다”는 인식 없이도 활용하는 형태로 발전할 가능성이 높습니다. 그래서 특정 기술 자체를 예측하기보다는 기술이 어떤 흐름으로 발전하고 있는지에 관심을 갖고, 그 기술을 실제 서비스로 만들기 위해 필요한 기본적인 소프트웨어 역량을 갖추는 것이 더 중요하다고 생각합니다.

3. 신입 엔지니어의 핵심 역량: 판단력과 시스템 이해도, 그리고 협업
신입 엔지니어에게 요구되는 역량에 대해서는, 오히려 AI가 발전할수록 기본 역량의 중요성이 더 커진다고 생각합니다. 생성형 AI가 많은 결과를 만들어낼 수는 있지만, 그 결과를 이해하고 판단하고 실제 서비스에 적용할 수 있을지를 결정하는 것은 결국 사람의 역할입니다.

그렇기 때문에 데이터를 이해하는 능력, 시스템을 이해하는 능력, 그리고 문제를 구조적으로 바라보고 해결하려는 기본적인 사고력이 중요합니다. 여기에 더해서, AI가 대체하기 어려운 영역 중 하나가 사람과 사람 사이의 협업과 소통이기 때문에, 다양한 배경을 가진 사람들과 협업할 수 있는 커뮤니케이션 능력도 점점 더 중요해질 것이라고 생각합니다.

4. 대학 시절의 로드맵: 최신 기술보다 강력한 '기초 체력' 기르기
마지막으로 대학 시절에 어떤 프로젝트를 해야 하는지에 대한 부분인데, 현재 학년을 고려했을 때는 “AI 서비스 프로젝트를 꼭 해야 한다”는 방향으로 접근하실 필요는 없다고 생각합니다. 오히려 지금 시점에서는 최신 기술을 따라가는 것보다 기본기를 다지는 것이 더 중요합니다.

자료구조, 알고리즘, 운영체제, 네트워크와 같은 기초적인 컴퓨터공학 지식을 탄탄하게 쌓는 것이 이후 어떤 기술을 접하더라도 빠르게 이해할 수 있는 기반이 됩니다. 그리고 기술적인 경험뿐 아니라, 다양한 활동을 통해 여러 사람들과 협업해 보는 경험을 쌓는 것도 중요합니다. 서로 다른 배경과 생각을 가진 사람들과 소통해 본 경험은 나중에 실제 조직에서 일할 때 큰 차이를 만들어냅니다.

지금 단계에서는 특정 기술을 정해서 깊게 파기보다는, 다양한 경험을 통해 본인에게 맞는 방향을 찾아가는 과정이 더 중요하다고 생각합니다. 방향은 처음부터 명확하게 정해지기보다 경험을 통해 조금씩 구체화되는 경우가 훨씬 많습니다. 지금처럼 고민하고 질문하는 과정을 계속 이어가신다면 충분히 좋은 방향으로 나아가실 수 있을 것입니다.

요즘 날씨가 많이 변덕스러운 것 같습니다. 건강 잘 챙기시고, 너무 조급하게 생각하기보다 지금 할 수 있는 것들을 하나씩 해보시면서 차근차근 방향을 만들어가시길 바랍니다",
9,회계/재무/금융,"생명보험사 리스크관리부 면접, 이걸 준비하세요",시나리오50-9,"멘토님! 생명보험사 리스크관리부 신입 면접을 앞두고 막바지 점검 중인 지원자입니다. 보험사 리스크관리가 부채(ALM) 및 규제 자본 중심으로 고도화된 만큼, 신입 지원자로서 어느 선까지 지식을 증명해야 하는지 고민이 많아 질문을 남깁니다. 저의 정성 스펙은 VC 투자팀 인턴 1회(시장 VaR 관리, 투자심사보고서 작성 경험)가 있습니다.

현직자 관점에서 아래 3가지 질문에 대해 날카로운 조언을 부탁드립니다.

1.K-ICS 도입 후 신입의 실제 업무: K-ICS 체제 하에서 리스크관리부 주니어(신입)가 현업에 배치되었을 때 실제로 맡게 되는 구체적인 업무(예: 데이터 취합, 계리 모델 운영 지원, 회의체 지원 등)는 무엇인가요?

2.VC/투자 경험의 어필 가능성 여부: VC 인턴 당시 수행했던 '시장 VaR 기반 리스크 관리'와 '투자심사' 경험이 보험사 리스크관리 면접에서도 유의미한 가점으로 작용할 수 있을까요? 아니면 보험 부채 및 ALM 위주로 답변을 재편하는 게 맞을지 궁금합니다.

3.K-ICS 및 ALM 지식의 요구 수준: 신입 지원자 기준으로 면접장에서 K-ICS나 ALM 같은 보험사 특화 개념을 ""이 정도까지 설명하면 합격 선이다""라고 판단하시는 기준(예: 산출 로직 이해 vs 규제 비율의 의미 파악)이 궁금합니다.

소중한 시간 내어 질문 읽어주셔서 감사합니다. 멘토님의 조언을 바탕으로 면접장에서 자신 있게 제 역량을 펼치고 오겠습니다!","멘티님, 안녕하세요! 생명보험사 리스크관리부 면접을 앞두고 고민이 많으실 것 같습니다. 신입을 채용할 때는 당장 실무자처럼 완벽한 지식을 요구하지 않습니다. 그보다 더 중요한 것은 [성실함, 꼼꼼함, 그리고 생명보험업에 대한 기본적인 관심]을 보여주는 것입니다. 이 핵심 자질들을 면접에서 어떻게 풀어내야 하는지 세 가지 질문에 맞추어 현직자의 시선으로 명쾌하게 정리해 드릴게요.

1. 신입의 본질: '분모'를 정확히 측정하는 사람
회사의 상황에 따라 세부 업무는 달라지겠지만, 신입이 배치되면 신지급여력비율(K-ICS) 산출을 위한 위험량 측정이나 회사의 자체 리스크(유동성, 신용, 거래 위험 등)를 숫자로 산출하는 실무를 맡을 가능성이 가장 높습니다.

K-ICS의 기본 원리는 아주 명확합니다. ""회사가 부담하는 위험량(분모)에 대응할 수 있는 충분한 가용자본(분자)을 갖추라""는 것입니다. 여기서 리스크관리부 주니어의 주무대는 바로 생명보험사가 부담하는 '분모(위험량)를 숫자로 정확하게 측정하는 것'입니다.

작은 수치 하나로 회사의 자본 비율이 출렁이기 때문에 대충 처리하지 않는 섬세함과 꼼꼼함이 필수적입니다. 면접에서는 이러한 꼼꼼함을 본인의 강점으로 연결해 보세요. 또한, 면접 전 금융감독원 홈페이지에서 [보험회사 신지급여력제도(K-ICS) 해설서] PDF 파일을 찾아 눈으로 구조라도 익혀두시면 답변의 깊이가 달라질 것입니다.

2. VC/투자 경험 활용: '구체적인 문장'으로 만들기
경험하신 VC 투자팀 인턴 경력은 금융을 다뤄봤다는 점에서 당연히 훌륭한 무기이며 도움이 됩니다. 다만, 면접장에서 시너지를 내려면 막연하게 ""이런 일을 해봤다""고 말하는 데서 그치면 안 됩니다.

인턴 당시 내가 실제로 했던 구체적인 행동, 그 과정을 통해 얻은 지식, 그리고 그것이 보험사 리스크 직무에서 어떻게 발휘될 수 있는지를 스스로 한 편의 글로 명확하게 작성해 보시는 것을 강력히 추천합니다. 스스로 정리가 끝나야 면접관이 투자 리스크나 VaR 관련 기습 질문을 던졌을 때 당황하지 않고 완벽히 준비된 답변을 해낼 수 있습니다.

3. 신입 지식의 합격선: 업계 화두 '계리가정 가이드라인' 파악
면접 전 금융감독원 보도자료 등에서 [보험], [지급여력제도] 등의 키워드를 검색해 최신 흐름을 반드시 파악하셔야 합니다. 현재 생명보험업권의 가장 뜨거운 감자는 단연 [계리가정 가이드라인]입니다.

이때 단순히 당국의 규제 내용만 암기하지 마시고, '회사의 입장'에서도 깊이 있게 생각해 보셔야 면접관의 감탄을 자아낼 수 있습니다. 예를 들어, *""당국의 계리가정 가이드라인이 강화되면 회사 입장에서는 미래에 지급해야 할 보험 부채가 늘어나고 자본은 감소하여, 결과적으로 지급여력비율(K-ICS)에 큰 쇼크가 올 수 있다""*와 같이 리스크 관리자 관점의 위기의식을 논리적으로 설명할 수 있다면 신입 기준으로 최고의 답변이 될 것입니다.

불안해하실 필요 없습니다. 리스크 직무의 핵심인 '정확성'을 향한 태도, 그리고 업계 트렌드를 바라보는 날카로운 시선만 제대로 보여준다면 면접관들의 마음을 사로잡기에 충분합니다. 자신감을 가지고 당당하게 면접에 임하시길 바랍니다. 멘티님의 합격을 진심으로 기원합니다!",
8,유통/무역/구매,"현실적인 무역 4p 전략, 현업은 이렇게 생각합니다.",시나리오50-8,"무역학 전공 졸업반 대학생입니다. 현재 ""HS Code 무역 통계를 활용한 베트남 라면 시장 분석 및 N사의 현지 진출 전략 제안""이라는 주제로 최종 보고서를 작성 중입니다. 통계를 통한 시장성 분석은 마쳤으나, 실제 기업이 활용할 수 있는 수준의 '구체적이고 실행 가능한 전략'으로 연결하는 단계에서 고민이 많아 현업 멘토의 조언을 구합니다.

1.실무 현장에서는 HS Code 추이나 매크로 데이터 등 단순 시장 분석 결과를 바탕으로, 어떻게 ""내일 당장 실행할 수 있는"" 구체적인 액션 플랜(Action Plan)으로 연결하시나요? 분석과 전략 사이의 간극을 메우는 선배님만의 노하우가 궁금합니다.

2.기업이 신규 해외 시장에 진입할 때 제품(Product), 가격(Price), 유통(Place), 마케팅(Promotion) 중 현지 안착을 위해 가장 최우선으로 고려하고 자원을 집중하는 요소는 무엇인가요?

3.베트남 현지 라면 시장(예: 봉지면 중심의 저가 시장 vs 프리미엄/용기면 시장)의 특성을 고려할 때, N사와 같은 K-라면 브랜드가 취할 수 있는 가장 현실적인 포지셔닝 전략에 대해 짧은 제언을 부탁드립니다.

프로젝트를 성공적으로 마무리하여 실무에 통하는 보고서를 완성하고 싶습니다. 귀한 조언 공유해 주시면 감사하겠습니다!","무역 통계를 활용해 아주 흥미롭고 좋은 주제로 보고서를 작성하고 계시네요!

일단 기업의 해외 시장 진출 전략(Go-To-Market)은 각 회사의 내부 사정에 따라 내용은 다를 수밖에 없습니다. 하지만 가장 중요한 핵심은 결국 '시장의 실제 수요를 명확히 점검하고, 소비자와의 접점을 어떻게 늘려 최종 구매까지 연결할 것인가'가 키포인트라고 생각합니다.

질문하신 '구체적인 전략 보완'에 대해 말씀드리면, 사실 회사 내부의 정확한 리소스나 예산 상황을 모르는 상태에서는 아무리 디테일을 구체화하더라도 실무에 100% 적용하기는 쉽지 않다는 점을 멘티님도 어느 정도 인지하고 계실 것 같습니다. 따라서 실무진 관점에서 이 보고서의 설득력을 높이려면 단순한 서술형 시장 분석이 아니라, '숫자로서 증명할 수 있는 구체적인 시장 정보'가 절대적으로 뒷받침되어야 합니다.

1. HS Code 통계 분석의 고도화와 차별화 모색
현재 HS Code 무역 통계를 활용하고 계시니, 일차적으로 베트남 시장 내에 유입되는 수입 라면 상품들에 대한 분석이 중심이 될 것으로 유추됩니다. 여기서 한 단계 더 나아가 보기를 추천합니다.

수입 라면 중 구체적으로 '어떤 상품(브랜드, 맛, 형태)'이 실제로 가장 잘 팔리고 있는지, 한국 브랜드 중 N사 외에 어떤 경쟁사들이 시장 확장을 위해 주도적인 마케팅을 펼치고 있는지 더 깊이 있게 파악해 보세요. 경쟁사들의 가격 정책과 현지 마케팅 활동을 면밀히 참고하여, N사의 기존 업체들과 '어떻게 차별화하여 진출할 것인가'에 대한 해답을 모색해야 합니다.

2. 현지 소비자 관점의 허들 극복과 경험 확대
가장 중요한 포인트는 베트남 현지인들을 타깃으로 삼았을 때, '가격적인 허들을 어떻게 극복할 것인가'와 '어떻게 브랜드 경험의 확대를 이끌어낼 것인가'입니다.

베트남 현지 라면 가격과 한국 수입 라면의 가격 차이를 극복할 수 있는 명분이 필요하며, 현지 소비자가 N사 라면을 처음 접하고 소비하게 만들 '경험의 접점'을 어떻게 설계할지 대안이 나와야 합니다. 이 두 가지 본질적인 고민에 대한 답이 선행된다면, 그 뒤를 잇는 구체적인 실행 전략들도 자연스럽게 설득력을 얻게 될 것입니다.

3. 제한된 리소스를 고려한 4P 전략의 우선순위 집중
흔히 마케팅 믹스라고 부르는 4P(Product, Price, Place, Promotion)는 물론 모두 중요합니다. 다만 실무에서는 '우리가 지금 가지고 있는 리소스가 무엇인가'를 먼저 파악하고, 그 제한된 자원 안에서 어떠한 차별화 아이디어를 낼 수 있는지 방향을 수립하는 것이 순서입니다. 모든 요소를 다 잘할 수 없다면, 도출된 차별화 방향성에 맞추어 가장 승산이 있는 특정 요소에 리소스를 강력하게 집중(Focusing)하는 것이 훨씬 효과적입니다.

💡 아이디어 흐름의 예시 (리소스 기반의 전략 도출)
상황 진단: 만약 N사의 국내 생산 후 수출하는 구조라 가격 경쟁력이 떨어지고, 베트남 현지 유통 네트워크도 부족한 상황이라면?

전략적 집중: 유통이나 가격 대신 '마케팅(Promotion)'에 모든 승부를 건다!

실행 플랜: 온라인에서 바이럴이 될 만한 캠페인을 기획한다. 예를 들어, 기존의 흔한 '매운맛 챌린지'는 식상하니, 건강식 라면이라는 콘셉트를 잡고 현지 인플루언서들과 함께 '7일간의 건강한 체중 감량 도전 캠페인' 같은 독창적인 바이럴 콘텐츠로 접점을 넓힌다. (※ 이는 아이디어의 흐름을 보여드리기 위한 예시일 뿐이니 참고만 해주세요!)

종합하자면, 실제 기업의 관점에서 보고서를 보완하고 싶다면 현실적인 기업의 제약 조건을 가정해 두고, 그 안에서 숫자로 증명된 데이터를 기반으로 '가장 효율적인 차별화 포인트'를 4P 중 어디에 집중할지 제안해 보시길 바랍니다.

최종 보고서와 발표 자료 제작 단계라 한창 바쁘고 힘들 시기이실 텐데, 방향을 잘 잡아가고 계시니 조금만 더 힘내세요. 항상 화이팅 하시고, 오늘도 좋은 하루 보내시길 바랍니다!",
7,디자인/예술,"디자인 취업, 학벌이 정말 중요한가요?",시나리오50-7,"멘토님. 인문사회계열 학과에 재학 중인 1학년 대학생입니다.

어릴 때부터 미술을 좋아했지만 취업 현실을 고려해 문과를 선택했습니다. 하지만 합격 후 취미로 캐릭터 브랜드를 키워 실제로 수익을 내보고, 전공 공부에 몰두하는 친구들을 보며 제 진짜 길은 디자인이라는 확신을 얻었습니다. 현재 일러스트 페어 참가와 개인 브랜드 론칭을 목표로 몰두하고 있습니다.

비실기 수시 재수를 통해 합격 안정권인 서울권 전문대 시각디자인과로 진학하려는 계획을 세웠으나, 최근 학원 상담에서 ""아무리 포트폴리오 중심이라도 전문대 학벌은 취업 시 큰 걸림돌이 되며 4년제 편입도 어렵다""는 이야기를 들었습니다. 4년제 미대 정시 입시 비용을 감당할 형편이 되지 않아 수시 전문대를 고려한 것인데, 중간에서 길을 잃은 기분입니다.
1.전문대 시디과 취업 현실: 디자인 필드에서 전문대 학위가 실제로 서류나 진급 등에서 치명적인 걸림돌이 되는지 현업의 냉정한 시선이 궁금합니다.

2.현실적인 루트 제안: 대형 입시 비용을 감당하기 어려운 상황에서, 전문대 진학 후 포트폴리오에 올인하는 것과 리스크를 감수하고서라도 4년제를 목표로 독학 재수를 하는 것 중 어떤 선택이 더 현명할지 멘토님의 조언을 구합니다","반갑습니다. 진로에 대해 치열하게 고민하고 계신 모습이 글에서 고스란히 느껴지네요. 결론부터 말씀드리면, “전문대를 졸업하면 4년제 졸업생에 비해 현실적으로 힘든 점이 있는 것은 사실이다. 하지만 취업이 아예 불가능한 것은 결코 아니다”라고 답변드리고 싶습니다.

사실 이는 미술이 아닌 다른 어떤 분야에서도 적용되는 당연한 이치이기도 합니다. 멘토님이 만약 회사를 운영하는 대표라고 가정해 봅시다. 다른 모든 조건과 역량은 비슷비슷한데, 한 명은 전문대 출신이고 다른 한 명은 4년제 출신인 지원자 두 명이 있다면 누구를 채용할까요? 당연히 학업의 깊이가 더 긴 4년제 출신을 선택할 것입니다. 필드에 나오면 수많은 4년제 출신들과 치열하게 경쟁해야 합니다. 이 경쟁에서 이기려면 포트폴리오가 월등히 우수하거나, 해당 기업이 필요로 하는 독보적인 직무 경험을 갖추어야 합니다.

1. 전문대 진학 시 취업 확률을 높이는 고군분투 전략
디자인 분야에는 학벌을 뒤집을 수 있는 '포트폴리오'라는 강력한 무기가 존재합니다. 학벌이 부족하더라도 포트폴리오가 압도적이고 회사 직무에 밀접한 연관이 있다면 취업 확률은 수직 상승합니다. 따라서 전문대 진학을 선택하신다면, 단순히 학교 수업에만 만족하지 말고 디자인 실력을 끌어올리기 위해 엄청난 노력을 하셔야 합니다.

-이론 및 실무 인강 활용: 학교 커리큘럼만으로 부족한 부분은 패스트캠퍼스나 콜로소 같은 실무 강의를 찾아 듣고, 타이포그래피, 그리드 시스템, 조형 관련 이론 서적을 반드시 정독하며 뼈대를 다져야 합니다.

-조기 직무 설정과 경험 축적: 세부 진로를 최대한 빨리 정해 유관 분야의 과제, 공모전, 인턴십 등 실무 경험을 스펙으로 쌓으세요. 회사에서는 당장 실무에 투입할 수 있는 '직무 맞춤형 인재'를 선호합니다.

2. 현재 전공 유지 + 대안학교(디학)를 통한 우회 로드맵
재수나 편입 외에 또 다른 현실적인 선택지로 '현재 전공을 유지하면서 부전공을 택하거나, 디자인 대안학교를 활용하는 방법'을 제안합니다. 국내에는 명문대 교수진들이 모여 만든 '디학(디자인학교)'이라는 검증된 디자인 대안학교가 있습니다. 일반 대학과 달리 주입식이 아닌 열린 교육을 지향하며 커리큘럼의 질이 매우 높습니다. 비전공자나 타 분야 사람들도 많이 참여하기에 진입 장벽도 낮습니다. 다만 학위가 나오지 않는다는 단점이 있습니다.

추천하는 현실적 테크 트리

-학부 과정: 현재 다니는 학교를 졸업하여 안전하게 '4년제 학위'를 취득합니다. 재학 중 디자인 부전공이나 청강을 노리고, 디자인과 친구들과 교류하며 공모전 및 대외활동을 최대한 많이 경험해 둡니다.
-졸업 이후: 대학 졸업 후 '디학'에서 1년 정도 본격적으로 디자인을 깊이 있게 공부하며 포트폴리오를 완성해 취업 전선에 뛰어드는 방향입니다.

3. 현재 전공과 디자인의 융합: 나만의 대체 불가능한 무기
조금 더 넓은 시각으로 보면, '현재 전공 분야 + 디자인'의 결합은 다른 디자인 전공자들은 가질 수 없는 독특하고 강력한 차별점이 됩니다. 디자인은 사회의 모든 산업 분야와 연결되어 있기 때문입니다.

실제로 제품 설계 시 공학적 지식이 필요하여 공대생이 디자인을 부전공하는 시너지를 내는 경우가 많습니다. 멘토님이 현재 재학 중인 전공 학과 내에서 디자인과 조금이라도 교집합을 만들 수 있는 방향성이 있다면, 그 맥락을 살려 몰두해 보는 것도 취업 시장에서 블루오션을 개척하는 방법입니다.
결국 디자인 필드에서 살아남기 위해 가장 우선되어야 하는 것은 학력이 아닌 '실력'이며, 이를 입증하는 유일한 수단은 '포트폴리오'입니다. 명문대생들이 좋은 포트폴리오를 가질 확률이 높은 이유는 질 좋은 교육 환경 덕분이지만, 그 루트를 거치지 않는다고 해서 좋은 포트폴리오를 만들 수 없는 것은 아닙니다. 올바른 공부 방향을 알고, 지식과 연습, 그리고 멘토님의 재능이 합쳐진다면 충분히 가능합니다. 저 역시 비전공자로서 학교 밖에서 맨땅에 헤딩하며 정보를 얻고 실력을 갖추어 나갔습니다.

당장 진로를 180도 바꾸겠다는 성급한 결정보다는, 먼저 공부해 보고 결정하겠다는 마음을 가져보세요. 당장 이번 방학 때 도서관 디자인 코너에 가셔서 '그리드 시스템, 타이포그래피, 편집디자인, 조형' 관련 이론서를 찾아 읽어보시거나, 화려한 툴 사용법이 아닌 디자인 기초 이론 인강을 가볍게 들어보시길 권합니다.
내가 이 작업들에 정말 가슴이 뛰고 몰두할 수 있는지, 현재 전공을 과감히 버리고 투자할 만한 가치가 있는 일인지 진지하게 검토해 보셔도 결코 늦지 않습니다. 추가적인 질문이 있다면 언제든 환영하니 편하게 물어보세요. 멘토님의 앞날을 진심으로 응원합니다!

1.전문대 시디과 취업 현실: 디자인 필드에서 전문대 학위가 실제로 서류나 진급 등에서 치명적인 걸림돌이 되는지 현업의 냉정한 시선이 궁금합니다.

2.현실적인 루트 제안: 대형 입시 비용을 감당하기 어려운 상황에서, 전문대 진학 후 포트폴리오에 올인하는 것과 리스크를 감수하고서라도 4년제를 목표로 독학 재수를 하는 것 중 어떤 선택이 더 현명할지 멘토님의 조언을 구합니다.
멘토 답변
반갑습니다. 진로에 대해 치열하게 고민하고 계신 모습이 글에서 고스란히 느껴지네요. 결론부터 말씀드리면, “전문대를 졸업하면 4년제 졸업생에 비해 현실적으로 힘든 점이 있는 것은 사실이다. 하지만 취업이 아예 불가능한 것은 결코 아니다”라고 답변드리고 싶습니다.

사실 이는 미술이 아닌 다른 어떤 분야에서도 적용되는 당연한 이치이기도 합니다. 멘토님이 만약 회사를 운영하는 대표라고 가정해 봅시다. 다른 모든 조건과 역량은 비슷비슷한데, 한 명은 전문대 출신이고 다른 한 명은 4년제 출신인 지원자 두 명이 있다면 누구를 채용할까요? 당연히 학업의 깊이가 더 긴 4년제 출신을 선택할 것입니다. 필드에 나오면 수많은 4년제 출신들과 치열하게 경쟁해야 합니다. 이 경쟁에서 이기려면 포트폴리오가 월등히 우수하거나, 해당 기업이 필요로 하는 독보적인 직무 경험을 갖추어야 합니다.

1. 전문대 진학 시 취업 확률을 높이는 고군분투 전략
디자인 분야에는 학벌을 뒤집을 수 있는 '포트폴리오'라는 강력한 무기가 존재합니다. 학벌이 부족하더라도 포트폴리오가 압도적이고 회사 직무에 밀접한 연관이 있다면 취업 확률은 수직 상승합니다. 따라서 전문대 진학을 선택하신다면, 단순히 학교 수업에만 만족하지 말고 디자인 실력을 끌어올리기 위해 엄청난 노력을 하셔야 합니다.

-이론 및 실무 인강 활용: 학교 커리큘럼만으로 부족한 부분은 패스트캠퍼스나 콜로소 같은 실무 강의를 찾아 듣고, 타이포그래피, 그리드 시스템, 조형 관련 이론 서적을 반드시 정독하며 뼈대를 다져야 합니다.

-조기 직무 설정과 경험 축적: 세부 진로를 최대한 빨리 정해 유관 분야의 과제, 공모전, 인턴십 등 실무 경험을 스펙으로 쌓으세요. 회사에서는 당장 실무에 투입할 수 있는 '직무 맞춤형 인재'를 선호합니다.

2. 현재 전공 유지 + 대안학교(디학)를 통한 우회 로드맵
재수나 편입 외에 또 다른 현실적인 선택지로 '현재 전공을 유지하면서 부전공을 택하거나, 디자인 대안학교를 활용하는 방법'을 제안합니다. 국내에는 명문대 교수진들이 모여 만든 '디학(디자인학교)'이라는 검증된 디자인 대안학교가 있습니다. 일반 대학과 달리 주입식이 아닌 열린 교육을 지향하며 커리큘럼의 질이 매우 높습니다. 비전공자나 타 분야 사람들도 많이 참여하기에 진입 장벽도 낮습니다. 다만 학위가 나오지 않는다는 단점이 있습니다.

추천하는 현실적 테크 트리

-학부 과정: 현재 다니는 학교를 졸업하여 안전하게 '4년제 학위'를 취득합니다. 재학 중 디자인 부전공이나 청강을 노리고, 디자인과 친구들과 교류하며 공모전 및 대외활동을 최대한 많이 경험해 둡니다.
-졸업 이후: 대학 졸업 후 '디학'에서 1년 정도 본격적으로 디자인을 깊이 있게 공부하며 포트폴리오를 완성해 취업 전선에 뛰어드는 방향입니다.

3. 현재 전공과 디자인의 융합: 나만의 대체 불가능한 무기
조금 더 넓은 시각으로 보면, '현재 전공 분야 + 디자인'의 결합은 다른 디자인 전공자들은 가질 수 없는 독특하고 강력한 차별점이 됩니다. 디자인은 사회의 모든 산업 분야와 연결되어 있기 때문입니다.

실제로 제품 설계 시 공학적 지식이 필요하여 공대생이 디자인을 부전공하는 시너지를 내는 경우가 많습니다. 멘토님이 현재 재학 중인 전공 학과 내에서 디자인과 조금이라도 교집합을 만들 수 있는 방향성이 있다면, 그 맥락을 살려 몰두해 보는 것도 취업 시장에서 블루오션을 개척하는 방법입니다.
결국 디자인 필드에서 살아남기 위해 가장 우선되어야 하는 것은 학력이 아닌 '실력'이며, 이를 입증하는 유일한 수단은 '포트폴리오'입니다. 명문대생들이 좋은 포트폴리오를 가질 확률이 높은 이유는 질 좋은 교육 환경 덕분이지만, 그 루트를 거치지 않는다고 해서 좋은 포트폴리오를 만들 수 없는 것은 아닙니다. 올바른 공부 방향을 알고, 지식과 연습, 그리고 멘토님의 재능이 합쳐진다면 충분히 가능합니다. 저 역시 비전공자로서 학교 밖에서 맨땅에 헤딩하며 정보를 얻고 실력을 갖추어 나갔습니다.

당장 진로를 180도 바꾸겠다는 성급한 결정보다는, 먼저 공부해 보고 결정하겠다는 마음을 가져보세요. 당장 이번 방학 때 도서관 디자인 코너에 가셔서 '그리드 시스템, 타이포그래피, 편집디자인, 조형' 관련 이론서를 찾아 읽어보시거나, 화려한 툴 사용법이 아닌 디자인 기초 이론 인강을 가볍게 들어보시길 권합니다.
내가 이 작업들에 정말 가슴이 뛰고 몰두할 수 있는지, 현재 전공을 과감히 버리고 투자할 만한 가치가 있는 일인지 진지하게 검토해 보셔도 결코 늦지 않습니다. 추가적인 질문이 있다면 언제든 환영하니 편하게 물어보세요. 멘토님의 앞날을 진심으로 응원합니다!",
6,생산/품질/제조,"반도체 취업, 학부 시절 이것만은 준비해야 한다면?",시나리오50-6,"반도체 산업의 역동적인 변화에 매료되어 미래의 반도체 엔지니어를 꿈꾸고 있는 멘티입니다. 멘토님의 소중한 경험을 통해 실무의 본질을 이해하고 제 커리어의 방향타를 잡고 싶어 질문을 드립니다.

1. 설계부터 공정까지, 반도체 현업에서 AI는 실제 어떤 '도구'로 쓰이고 있나요?
단순히 트렌드를 넘어, 실제 설계(EDA 툴 활용), 공정 최적화, 혹은 수율 검증 단계에서 AI 기술이 어떻게 접목되어 효율을 극대화하고 있는지 궁금합니다. 엔지니어가 직접 수행하던 영역 중 AI가 대체하거나 보조하는 구체적인 사례를 알고 싶습니다.

2. 학부 시절, '이것만은 확실히' 챙겨야 할 반도체 엔지니어의 핵심 체력은 무엇인가요?
반도체는 워낙 방대한 지식을 요구하는 분야인데, 학부생 수준에서 반드시 깊이 있게 파고들어야 할 전공 역량(물리, 소자, 회로 설계 등)이나 기초 기술이 무엇인지 궁금합니다. 또한 AI 시대를 대비해 추가로 갖춰야 할 역량이 있다면 조언 부탁드립니다.

3. 향후 10년, AI는 반도체 엔지니어의 업무 방식을 어떻게 바꿀 것으로 전망하시나요?
단기적인 유행이 아니라 장기적인 관점에서 AI 기술의 발전이 반도체 산업의 구조와 엔지니어 개개인의 직무 역할에 어떤 근본적인 변화를 가져올지 멘토님의 예측이 궁금합니다.

4. 급변하는 환경 속에서 나만의 '커리어 정체성'을 단단하게 다질 방법은 무엇일까요?
기술의 수명이 짧아지는 시대에 대학생 때 어떤 프로젝트나 대외활동을 경험해보는 것이 흔들리지 않는 엔지니어로서의 자아를 만드는 데 도움이 될까요? 멘토님이 생각하시는 '롱런하는 엔지니어'의 특징이 궁금합니다.

5. 멘토님이 이 길을 선택한 '결정적 이유'와, 어려움을 버티게 한 '원동력'이 궁금합니다.
업무를 수행하시면서 진로를 고민할 만큼 힘든 순간도 있으셨을 텐데, 그럼에도 불구하고 이 일을 계속 이어가게 만든 멘토님만의 동기는 무엇이었나요? 멘토님의 개인적인 이야기가 저에게는 가장 큰 위로와 이정표가 될 것 같습니다.","1. 반도체 공정 및 검증 단계에서의 AI 활용 실태
아쉽게도 제가 품질 직무에서 일하고 있다 보니 설계에서 AI가 어떻게 쓰이는지는 답변드리기가 쉽지 않네요. 다만 공정과 검증에서는 AI가 잘 쓰이고 있습니다. 정확히는 무언가 검출할 때 특히 많이 쓰여요. 공정 진행 중에 생기는 다양한 불량들은 비전 설비로 이미지 촬영 후 불량을 자동으로 판별하는데, 이때 설비에서 자동 판별이 불가능한 이미지들은 사람이 직접 분류해야 합니다. 사람이 직접 하다 보니 실수가 나오거나 인력이 여럿 필요하게 되는데, 이때 AI로 불량을 사람에 가깝게 분류하거나 분류할 대상을 줄여서 시간과 비용을 절약해 주는 방향으로 자주 씁니다. 머신러닝의 '분류' 개념이라고 보시면 됩니다.

검증에서는 실제 반도체를 만들 때 소재, 공정, 구조 등을 다양하게 변경 시도할 때 씁니다. 두께를 낮추거나 특정 물성을 가진 소재를 쓸 때 직접 전부 제작하려면 시간과 돈이 많이 듭니다. 다양한 평가 후보 중 실제로 무엇을 제작할지 선정하는 의사결정 단계에서 AI 등으로 시뮬레이션을 돌리기도 해요. 모든 분야에 접목되지는 않지만, 검증과 분류에는 굉장히 탁월합니다. 다만 서류 작업이나 코딩 등에는 보안 문제로 인해 제한적으로 사용됩니다.

2. 반도체 분야 진출을 위해 학부 시절 갖춰야 할 역량
가장 먼저 준비하실 것은 반도체 분야에 대한 스펙과 경험입니다. 시스템 반도체 관련 학과에 소속되어 있다면 이름 자체로 증명이 되지만, 타 전공 계열에서는 왜 이 분야에 지원했는지와 전문성을 증명하기가 매우 어렵습니다. 따라서 마지막 학기 시작 전까지 반도체 관련 교과목 이수, 연구실 활동, 인턴 등 경험을 쌓아 직무 관심도를 꼭 보여주셨으면 좋겠습니다.

또한 데이터 역량이 중요합니다. 하이닉스나 삼성의 직무기술서(JD)를 보시면 아시겠지만, 거의 모든 직무에서 공통적으로 데이터 분석 능력을 요구합니다. 데이터 관련 교양이나 자격 취득, 혹은 공모전이나 인턴 활동을 통해 실제 데이터 분석 경험을 쌓을 수 있다면 베스트라고 말씀드릴 수 있겠습니다.

3. 향후 10년, AI 기술 발전이 가져올 산업의 변화
AI 기술 발전에 따라 반도체 수요가 증가하며 산업이 우상향할 것이라는 점은 확신합니다. 성과급이나 인력 규모도 많이 커질 것이고요. 다만 직무 자체는 크게 바뀌지 않을 것이라 생각합니다. 품질 직무는 회사의 규정이나 국제 규격에 맞춰 품질 이상을 초래할 부분을 미리 점검하거나, 변경점에 맞춰 AI가 제시하지 못하는 부분을 찾아내야 합니다. 현재 많이 쓰이는 AI 툴들은 보안상 사내 접근이 제한되어 있기 때문에, 이러한 제약이 사라지지 않는 이상 큰 틀은 유지될 것 같습니다. 하지만 AI를 활용한 검증, 분석, 시뮬레이션 툴에 대한 회사의 관심도가 매우 높으므로, 이러한 변화를 따라가기 위한 배경지식 학습은 필수적입니다.

4. AI 시대에 흔들리지 않는 커리어 정체성 확립법
AI를 단순히 활용하는 것을 넘어, 실제 AI를 활용한 간단한 프로젝트를 직접 해보는 것이 큰 도움이 될 거예요. 머신러닝을 예로 들자면, 파이썬(Python) 등으로 간단하게 구현이 가능하며 기업과 대학원 랩이 연계하여 진행하는 프로젝트도 많습니다. 기회가 된다면 참여하여 실제 회사에서 어떤 기능을 원하는지, 데이터셋 수집과 라벨링, 평가 방법 설계를 어떻게 하는지 미리 경험해 보시길 권합니다. 실제 실무 회의에서도 프로그래밍이나 AI에 대한 배경지식이 있으면 얻어갈 수 있는 정보의 양이 확연히 다릅니다.

5. 직무 선택의 계기와 역경을 이겨내는 원동력
사실 현재 직무는 현실적으로 결정했습니다. 학부 졸업 전 제가 쌓아온 경험과 강점, 정량적 스펙을 비교해 보았을 때 제조나 생산 직무보다 품질 직무가 제일 잘 어울렸거든요. 멘티님도 직무 선택 시 JD를 꼭 미리 읽어보시면 방향을 잡는 데 도움이 될 거예요. 품질 직무는 단순 반복 작업보다 주변 사람들과 소통하며 남들이 놓칠 수 있는 부분을 짚어주는 능력이 중요한데, 제가 그걸 잘할 수 있다고 판단했습니다.

업무 수행 중 힘들거나 진로를 고민하는 순간은 누구에게나 찾아옵니다. 저의 원동력은 '보람'과 '돈'입니다. 경력을 쌓아간다는 보람, 품질 이슈를 사전에 예방한다는 사명감, 그리고 반도체 업계 특유의 높은 성과급이 큰 힘이 됩니다. 힘들 때는 사내 동기나 선배들과 의논하며 풉니다. 정말 힘들다면 부서 이동 등 사내의 다양한 루트를 통해 해결할 방법도 있으니 너무 걱정하지 않으셔도 됩니다.

충분한 답변이 됐으면 좋겠습니다. 또 궁금한 건 잇다에 글 남겨주세요.",
5,연구/설계,"바이오 QC, 저 이직 가능할까요?",시나리오50-5,"멘토님! 얼마 전 진행해 주신 직무특강을 정말 인상 깊게 수강했고, 커리어 방향성을 설정하는 데 큰 도움을 받았습니다. 다름이 아니라 멘토님의 강의를 듣고 용기를 내어, 제약업계 내 이직 및 직무 확장과 관련해 현실적인 조언을 얻고자 질문을 남기게 되었습니다.

저는 현재 바이오 의약품 중에서도 세포치료제를 주력으로 하는 회사에서 QC(품질관리) 3년 차로 재직 중입니다. 지금까지 현업에서 주도적으로 수행하며 체득한 핵심 시험법은 다음과 같습니다.
무균시험법: 신속법 및 전통적인 배양법
마이코플라스마 부정시험법: 신속법(PCR 등) 및 배양법
유전자 분석법: Real-Time PCR 시험법 등

막상 이직을 준비하려 하니 바이오(세포치료제)에서 쌓은 이 경험들이 다른 제약 세부 분야에서도 강력한 무기가 될 수 있을지 확신이 서지 않습니다. 현직자 선배님의 관점에서 아래의 세 가지 질문에 대해 소중한 조언을 공유해 주시면 감사하겠습니다.

1. 보유 시험법의 미생물 QC 및 화학 합성의약품(케미컬) 직무 활용 가능성
제가 주로 다루어 온 무균시험, 마이코플라스마 부정시험, Real-Time PCR 등의 시험법들이 일반 바이오 의약품의 미생물 QC 직무나, 전통적인 화학 합성의약품(케미컬) QC 직무에서도 직접적으로 활용되거나 우대받을 수 있는 기술인지 궁금합니다.

2. 타 분야 이직 시 서류(이력서/자소서) 스토리텔링 방향성
만약 타 직무나 합성의약품 분야로도 확장이 가능하다면, 경력 기술서나 자기소개서에 어떤 방향으로 내용을 녹여내야 매력적인 지원자로 보일 수 있을까요? 세포치료제만의 특수성을 덜어내고, 시험법 자체의 범용성과 장비 운용 능력을 강조하는 멘토님만의 서류 작성 팁이 있다면 알고 싶습니다.

3. 현재 경험을 바탕으로 진입 가능한 추천 도메인 및 직무
현재 제가 보유한 시험법과 3년 차라는 경력을 가장 가치 있게 평가해 줄 수 있는 제약·바이오 내 다른 분야(예: 보툴리눔 톡신, 백신, CDMO 등)나, QC 외에 추천해 주실 만한 다른 직무(QA, 분석법 밸리데이션 등)가 있다면 추가로 조언해 주시면 커리어 맵을 그리는 데 큰 도움이 될 것 같습니다.","안녕하세요! 부족했던 저의 강의가 커리어 방향성을 잡는 데 도움이 되었다니 정말 다행이고 보람을 느낍니다. 제가 합성의약품 미생물 파트에서 직접 근무해 본 것은 아니라 답변에 다소 제한적인 부분이 있을 수 있지만, 현업에서 지켜본 경험을 바탕으로 멘티님께 실질적인 도움이 될 만한 조언을 드려보겠습니다.

제약업계에서 경력직 이직의 핵심 성공 포인트는 크게 두 가지입니다. 바로 '회사가 당장 필요로 하는 실무 실험 역량'과 '품질 시스템(GMP)에 대한 깊이 있는 이해도'입니다. 이 두 가지 핵심 키워드를 바탕으로 질문하신 내용에 대해 답변해 드릴게요.

1. 보유 시험법의 미생물 QC 및 합성의약품 직무 활용 가능성과 서류 작성 팁
합성의약품 회사의 경우, 미생물 QC 직무의 시험들은 대개 대한민국약전(KP) 등 공정서에 등록된 표준 가이드라인에 따라 진행됩니다. 따라서 멘티님이 지금까지 수행해 온 무균시험이나 마이코플라스마 부정시험 등의 역량을 공정서 기준(예: 무균시험법, 미생물한도시험법 등)과 긴밀하게 연결지어 스토리텔링을 하신다면, 서류 전형에서 실무 실험 역량을 충분히 어필할 수 있습니다. 추가로 합성의약품 미생물 시험과 연관된 가이드라인인 '의약품 제조 및 품질관리에 관한 규정' 중 무균의약품 제조 관련 부문을 미리 선행 학습하고 참고하시는 것도 큰 도움이 됩니다.

하지만 경력직으로서 실무 실험 역량보다 훨씬 더 강력한 무기가 되는 것은 바로 '품질관리 시스템(GMP)에 대한 경험'입니다. 현재 재직 중인 회사에서 겪은 세포치료제 관련 규제사항들과, 이직하고자 하는 상위 티어 제약회사가 준수하는 글로벌 품질관리 규제사항을 면밀히 비교해 보세요. 그 안에서 본인만이 가진 시스템적 차별화 요소를 찾아내어 어필한다면 서류 전형에서 매우 경쟁력 있는 고지에 설 수 있습니다. 상위 제약회사로 갈수록 테크니컬한 실험 스킬은 물론이고, 규제 시스템에 대한 이해도가 높은 지원자를 선호한다는 점을 인지하신다면 이직 전략을 한층 더 구체화하실 수 있을 것입니다.

2. 현재 경력을 바탕으로 확장 가능한 추천 도메인 및 직무
멘티님이 지난 3년간 쌓아온 특화된 실험 역량과 세포치료제 베이스의 경험을 바탕으로 진출할 수 있는 분야는 생각보다 넓고 다양합니다.

-추천 산업 도메인: 바이오의약품, 백신, 세포치료제 분야의 생산 및 품질 부서는 물론이고, 분자진단 등 진단 분야의 생산·품질 부서로도 확장이 가능합니다. 또한 무균 및 미생물 실험 역량이 필수적인 일반 제약회사, 식품회사, 화장품회사 등도 좋은 선택지입니다. 더불어 합성의약품 제조 회사의 경우 완제의약품뿐만 아니라 원료를 전문으로 생산하는 '원료의약품(API) 제조사'로의 방향도 열려 있습니다.

-추천 직무: 가장 직접적인 분석 관련 직무인 QC(품질관리)와 QA(품질보증)는 물론이고, 세포치료제 공정 및 실험실에서 다진 핸들링 경험을 무기 삼아 '바이오의약품 생산(Production)' 직무 쪽으로도 충분히 도전해 볼 만한 가치가 있습니다.

시야를 넓히는 데 조금이나마 도움이 되었기를 바랍니다. 세포치료제 3년 차라는 경력은 제약·바이오 시장에서 충분히 매력적인 무기이니, 스스로의 역량에 자부심을 가지셔도 좋습니다. 준비 잘하셔서 원하시는 곳으로 멋지게 도약하시기를 진심으로 응원하겠습니다. 화이팅입니다!",
4,전략/기획,PM/PO로 이직! 타 직무에서도 가능할까요?,시나리오50-4,"멘토님! 현재 외국계 제조업 SCM 부서에서 자재 관리 및 생산 계획을 담당하고 있는 3년 차 직장인입니다. 연차가 쌓일수록 현재의 직무가 제 성향과 맞지 않는다는 것을 느끼고, 기업의 비즈니스를 주도적으로 설계하고 실행하는 기획 PM/PO 직무로의 커리어 피봇(Pivot)을 결심하게 되었습니다.

하지만 매일 공장의 타임라인에 맞춰 자재 수급을 조율하고 생산 스케줄을 관리하는 현재의 루틴한 업무가 과연 '기획'이라는 영역과 접점이 있을지, 시장에서 경쟁력을 가질 수 있을지 확신이 서지 않아 막막한 상황입니다.

멘토님의 프로필에서 재경부(재무/회계)라는 전형적인 지원 부서에서 시작해 기획 직무로 성공적으로 커리어를 전환하신 이력을 보고, 제 돌파구를 찾을 수 있을 것 같아 용기 내어 조설을 구합니다.

1.멘토님의 직무 전환 계기와 전략: 숫자를 다루는 재경부에서 전사 전략과 실행을 리드하는 기획 직무로 어떻게 방향을 바꾸게 되셨는지 그 계기가 궁금합니다. 당시 무관해 보이는 이전 경력을 기획 직무에 어떻게 매칭하여 설득하셨는지 멘토님만의 이직 전략이 알고 싶습니다.

2.SCM(자재/생산 계획) 경력의 PM/PO 관점 재해석: 현재 제가 하고 있는 '자재 관리 및 생산 계획' 업무를 PM/PO가 요구하는 핵심 역량(예: 리소스 최적화, 데이터 기반 의사결정, 유관 부서 스테이크홀더 조율 등)의 언어로 어떻게 치환하고 이력서에 녹여내야 할지 구체적인 팁을 주실 수 있을까요?

3.직무 전환을 위해 지금 당장 시작해야 할 준비: 외국계 기업의 특성을 고려했을 때, 퇴근 후나 주말을 활용해 기획 서적 탐독 외에 주니어가 실질적으로 포트폴리오를 만들기 위해 시도해 볼 만한 사이드 프로젝트나 역량 강화 방법(예: IT 서비스 기획 분석, 역기획서 작성 등)이 있다면 추천해 주시면 감사하겠습니다.

현재 직무의 울타리를 넘어 새로운 도전을 시작하려는 저에게 멘토님의 생생한 경험담과 현실적인 조언은 가상 자산이 될 것입니다. 바쁘시겠지만 귀한 시간 내어 답변 남겨주시면 정말 감사하겠습니다!","외국계 제조업 SCM에서 4년 동안 치열하게 경력을 쌓아오시다가 기획 PM/PO로의 커리어 전환을 고민하고 계시는군요. 보내주신 고민을 읽으며 제 예전 커리어 고민 시절이 떠올라 깊이 공감되었습니다. 결론부터 말씀드리면, SCM에서의 4년은 절대 기획과 무관한 버려지는 시간이 아닙니다. 오히려 '운영과 리소스를 완벽히 이해하는 차별화된 PM'으로 성장할 수 있는 훌륭한 자양분입니다. 제가 재경부에서 기획으로 커리어를 전환했던 과정과 함께, 멘티님을 위한 현실적인 돌파구를 제안해 드릴게요.

1. 멘토의 커리어 피봇 스토리: 리스크를 감수한 재시작
저의 경우, 재경부에서 약 1년간 근무하면서 이 직무가 제 적성과 맞지 않는다는 것을 뼈저리게 깨달았습니다. 당시에는 기존 경력을 그대로 살려서 이직할 경우 직무 전환이 구조적으로 불가능하다고 판단했고, 어느 정도의 커리어 리스크를 감수하더라도 완전히 새롭게 출발하기로 결심했습니다.

그렇게 만 25세 무렵 외국계 보험사의 인턴으로 다시 입사했고, 운 좋게 신사업 개발 관련 팀에서 제 역량을 필요로 하는 기회를 잡을 수 있었습니다. 인턴 신분이었지만 어떻게든 눈에 보이는 기획 성과를 내기 위해 악착같이 노력했고, 그 결과 정규직으로 전환될 수 있었습니다. 그곳에서 약 3년 동안 실적을 쌓은 뒤, 현재의 국내 보험사 기획 직무로 점프하여 커리어를 이어가고 있습니다. 돌아보면 쉽지 않은 여정이었지만, ""다음 커리어를 늘 염두에 두고, 작은 기회에서도 나만의 기획적 실적을 만들려고 했던 집요함""이 커리어 전환의 발판이 되었습니다.

2. 4년 차 SCM 주니어를 위한 현실적인 직무 피봇 전략
다만, 멘티님은 이미 4년이라는 소중한 SCM 경력을 견고하게 쌓으셨기 때문에 저처럼 기존 커리어를 완전히 포기하고 인턴부터 새로 시작하는 방식은 현실적으로 기회비용과 부담이 너무 클 것입니다. 따라서 저는 경력을 리셋하기보다 'SCM 경험을 기반으로 한 단계적 피봇'을 강력히 추천합니다.

-SCM 경력의 기획적 재정의: 자재 관리와 생산 계획은 결국 전사의 공급망 리소스를 효율화하는 프로세스입니다. 이를 기획과 무관한 경력으로 치부하지 마시고, [신규 프로젝트 수행, 프로세스 개선, 전사 시스템(ERP 등) 도입 및 고도화, 운영 기획]과 연결되는 직무로 재정의해 보세요. '현장 운영의 데이터와 병목 현상을 누구보다 잘 아는 기획자'는 PM/PO 시장에서 보기 드문 희소성을 가집니다.

-물론 이러한 융합형 포지션이 시장에 아주 흔하지는 않을 수 있으므로, 채용 공고를 상시 모니터링하며 SCM과 기획의 접점을 찾는 인내심이 필요합니다.

3. 현재 직장에서 PM 역량을 증명하는 방법
일반적으로 PM/PO 직무는 주니어라 하더라도 일정 수준의 프로젝트 리딩 경험이나 서비스/사업 기획 경험을 요구합니다. 관련 경험이 전무한 상태에서 무작정 이직 시장에 뛰어들면 서류 통과가 어려울 수 있습니다.

따라서 가장 좋은 전략은 지금 다니고 계신 회사 내부에서 먼저 기회를 만드는 것입니다. -부서 내 루틴한 업무에 머물지 마시고, 부서 간 프로세스 효율화 크로스오버 프로젝트, 새로운 SCM 시스템 도입 TFT, 기존 운영 방식의 개선 과제 등 프로젝트성 업무가 있다면 자원하여 참여해 보세요. -그 안에서 일정과 리소스를 관리하고 유관 부서 스테이크홀더들을 조율해 본 경험을 쌓은 뒤, 이를 바탕으로 PM 역량을 필요로 하는 회사나 직무로 이직을 준비하시는 것이 가장 탄탄하고 성공 확률이 높은 로드맵입니다.

커리어 전환을 마음먹으셨다면 타이밍은 빠르면 빠를수록 좋습니다. 세상에 의미 없는 경험은 단 하나도 없습니다. SCM 최전선에서 쌓아 올린 멘티님만의 단단한 프로세스 설계 능력을 간절히 필요로 하는 PM 직무가 시장에 반드시 존재합니다. 조급해하지 마시고 현재 위치에서 작은 기획적 성과부터 차근차근 수집해 나가시길 바랍니다. 언제나 응원하겠습니다. 화이팅하세요!",
3,마케팅/MD,"목표는 스포츠 브랜드 입사, 어떻게 준비해야 할까요",시나리오50-3,"멘토님! 마케팅 직무로 취업을 준비하고 있는 대학생입니다. 마케팅이라는 영역이 워낙 방대하고 트렌드가 빠르게 변하다 보니, 처음에 어떤 스펙부터 쌓아야 할지 방향성을 잡기가 쉽지 않았습니다. 그러던 중 제가 평소 가장 깊은 관심을 두고 있던 '스포츠 리테일(아웃도어·스포츠 브랜드 및 편집숍 유통/판매)' 분야로 타깃을 구체화하게 되었습니다.

단순히 브랜드 인지도를 높이는 일반적인 B2C 마케팅을 넘어, 온·오프라인 매장으로 고객을 유입시키고 실제 구매 전환까지 이끌어내야 하는 '스포츠 리테일 마케팅'만의 특수성이 있을 것이라 생각합니다.

쟁쟁한 지원자들 사이에서 스포츠 리테일 기업(나이키, 아디다스, 뉴발란스 등의 글로벌 브랜드나 대형 리테일러)의 마케터로 당당히 입사하기 위해, 학부생 수준에서 준비할 수 있는 특화 스펙과 역량에 대해 몇 가지 조언을 구하고 싶습니다.","안녕하세요! 스포츠 리테일 마케팅이라는 명확한 타깃을 설정하신 점은 취업 시장에서 아주 큰 무기가 될 것입니다. 질문해 주신 내용에 대해 결론부터 말씀드리면, 서류에 한 줄 적히는 정량적인 '마케팅 스펙'보다 내가 선호하는 브랜드나 업종을 직접 몸으로 겪어본 '다양한 경험'이 훨씬 더 중요합니다. 그 경험 속에서만 나올 수 있는 나만의 진정성 있는 스토리텔링이 면접관의 마음을 움직이기 때문입니다.

마케팅의 넓은 범위에서 길을 잃지 않고 차별화된 무기를 갖추기 위한 현실적인 조언들을 몇 가지 정리해 드릴게요.

1. 자격증보다는 Career Path(커리어 패스) 구체화가 먼저
마케팅은 범위가 워낙 광범위하기 때문에 브랜드 마케팅, 퍼포먼스 마케팅, 콘텐츠 마케팅, 리테일 CRM 마케팅 등 다양한 세부 직무가 존재합니다. 단순히 '스포츠 리테일 마케팅 스펙'이라는 모호한 단어에 갇히기보다, 내가 이 업계에서 구체적으로 어떤 마케터로 성장하고 싶은지 본인만의 커리어 패스를 그려보면서 직무를 먼저 좁혀보시는 것을 추천합니다. 직무가 날카로워져야 준비해야 할 경험의 색깔도 명확해집니다.

2. 면접관을 사로잡는 강력한 치트키: '진정성 있는 브랜드 경험'
현실적으로 취업 시장에서 스포츠 리테일 분야에 딱 맞아떨어지는 정형화된 스펙 자격증은 존재하지 않습니다. 면접관들이 신입에게 보고 싶어 하는 것은 '얼마나 이 바닥과 우리 브랜드를 진심으로 좋아하는가'입니다.

제 개인적인 이야기를 들려드리자면, 제가 처음 스포츠 관련 브랜드로 이직을 결심했을 때 준비가 수월했던 결정적인 이유는 '첫 풀코스 마라톤 도전'이라는 저만의 특별한 경험이 있었기 때문입니다. 완주라는 결과를 넘어, 마라톤을 준비하는 긴 시간 동안 해당 브랜드의 러닝 제품들을 직접 깊게 착용하고 경험했습니다. 소비자의 시선과 스포츠인의 시선에서 제품을 완벽히 이해하게 되었고, 이를 바탕으로 인터뷰 때 저만의 날카롭고 생생한 이야기를 풀어낼 수 있었습니다.

멘티님도 당장 이력서 한 줄을 채우기 위해 컴퓨터 앞에 앉아있기보다, 본인이 좋아하는 스포츠나 브랜드를 깊숙하게 파고들어 보는 경험을 먼저 만들어보세요.

3. 주니어가 지금 당장 실행할 수 있는 현실적인 액션플랜
화려한 직무 경력이 없더라도, 스포츠 리테일 분야는 조금만 발로 뛰면 주니어가 참여할 수 있는 유사 경험의 기회가 정말 많습니다. 당장 아래와 같은 활동부터 시작해 보세요.

-브랜드 커뮤니티 및 행사 참여: 최근 스포츠 리테일의 핵심 트렌드는 '커뮤니티 마케팅'입니다. 예를 들어 룰루레몬의 요가/러닝 커뮤니티 이벤트나 나이키, 아디다스 등에서 주최하는 브랜드 러닝 세션, 팝업스토어 행사에 적극적으로 참여해 보세요. 단순 참가자에 그치지 않고 '마케터의 시선'에서 이들이 고객을 어떻게 락인(Lock-in)시키는지 관찰하고 기록해 두는 것만으로도 훌륭한 포트폴리오가 됩니다.

-현장 아르바이트 및 스포츠 대회 봉사: 관심 있는 스포츠 브랜드의 오프라인 매장 아르바이트를 통해 최전선에서 소비자의 반응을 살펴보거나, 대규모 스포츠 대회의 자원봉사자로 참여해 현장 운영 프로세스를 경험해 보는 것도 좋습니다.

현실적으로 인턴십 기회가 당장 주어지지 않더라도 현장을 많이 보고, 직접 몸으로 브랜드를 겪어본 지원자는 면접에서 뿜어져 나오는 에너지와 답변의 디테일부터가 다릅니다. 당장 눈에 보이는 스펙 한 줄에 조급해하지 마시고, 멘티님만이 가질 수 있는 '스포츠를 향한 진심과 브랜드 경험'을 차근차근 자산으로 쌓아가시길 바랍니다. 응원하겠습니다!",
2,IT개발/데이터,"AI시대, 백엔드 개발자의 미래를 어떻게 생각하세요?",시나리오50-2,":
백엔드 엔지니어를 꿈꾸며 컴퓨터 공학 역량을 쌓아가고 있는 대학생입니다.

최근 생성형 AI가 코드를 직접 짜고 디버깅까지 수행하는 등 개발 패러다임이 급변하는 것을 체감하고 있습니다. 단순한 기능 구현 수준의 코딩은 AI가 더 빠르고 정확하게 대체하는 시대가 도래하면서, 예비 개발자로서 미래 시장에서 살아남기 위한 전략적 방향성에 대해 깊은 갈증을 느끼고 있습니다. 기술의 최전선에 계신 선배님들께 세 가지 질문을 드리고 싶습니다.

첫째, 현재 대기업의 백엔드 신입 사원 채용 기준은 어떻게 변화하고 있나요? 단순 코딩 테스트나 프레임워크 활용 능력을 넘어, 지원자에게 요구하는 기술적 깊이나 포트폴리오의 기준이 이전과 달라졌는지 궁금합니다. AI를 생산성 도구로 잘 활용하는 능력을 보는지, 혹은 더 본질적인 CS(컴퓨터 사이언스) 지식을 요구하는지 알고 싶습니다.

둘째, 향후 백엔드 개발자라는 직무의 전망과 역할의 변화는 어떻게 보시나요? 인프라 자동화와 클라우드 기술, AI 어시스턴트의 결합 속에서 미래의 백엔드 엔지니어가 집중해야 할 핵심 가치(예: 대용량 데이터 처리, 시스템 아키텍처 설계, 보안 및 최적화 등)는 무엇이 될지 의견을 여쭙고 싶습니다.

셋째, 지금 시점에서 대학생이 시장 경쟁력을 갖추기 위해 가장 우선시해야 할 준비 과제는 무엇일까요? 기술 트렌드를 빠르게 쫓아가는 것과 기본기를 다지는 것 사이에서 균형을 어떻게 잡아야 할지 선배님들의 경험에서 우러나오는 조언을 구합니다.

급변하는 환경 속에서도 흔들리지 않는 뿌리 깊은 개발자로 성장하고 싶습니다. 멘토님의 소중한 답변 기다리겠습니다. 감사합니다.",":
반갑습니다. 급변하는 기술 트렌드 속에서 백엔드 분야에 관심을 두고 깊이 있는 고민을 하고 계시니 무척 대단하다는 생각이 듭니다.

질문해 주신 내용은 현재 현업에 있는 개발자들 사이에서도 의견이 분분하고 상황도 워낙 빠르게 변하고 있어 한마디로 단정 짓기는 어려운 주제입니다. 그래서 어떤 정형화된 정답을 드리기보다, 제가 현재 실무 최전선에서 직접 겪고 느끼는 생각을 솔직하게 말씀드리려고 합니다.

1. 단순 구현의 대체와 대기업 채용 시장의 변화
결론부터 말씀드리면 AI가 코딩을 대체한다는 말은 어느 정도 사실입니다. 이미 단순한 코드 구현 작업은 빠르게 대체되고 있으며, 이는 오히려 경력 있는 개발자들에게 생산성을 극대화하는 강력한 무기가 되고 있습니다. 실제 현장에서도 다양한 AI 도구를 적극적으로 도입하는 추세이며, 역설적으로 이러한 AI 도구를 제대로 활용하지 못하는 개발자들은 점차 입지가 좁아지는 압박을 받게 됩니다.

이러한 변화는 채용 시장에도 고스란히 반영되고 있습니다. 최근 대기업을 비롯한 전체적인 채용 규모 자체가 예전에 비해 줄어들고 있음을 체감합니다. AI 덕분에 기존 인력의 생산성이 향상되다 보니 기업들이 무작정 헤드카운트(인원수)를 늘리지 않는 분위기입니다.

동시에 신입을 뽑는 기준은 과거보다 훨씬 높아졌습니다. 이제 시장은 단순히 동작하는 코드를 짜는 사람보다, 전체적인 시스템 아키텍처를 그릴 수 있는 설계 능력, 비즈니스 관점에서 진짜 문제를 찾아내는 문제 정의 능력, 그리고 AI 도구를 효율적으로 다루어 본 경험을 가진 인재를 선호하고 있습니다.

2. 변화하는 환경에서 대학생이 갖춰야 할 무기
그렇다면 지금 시점에서 대학생으로서 무엇을 어떻게 준비해야 경쟁력을 가질 수 있을까요? 제가 추천해 드리는 방향은 다음과 같습니다.

첫째, 컴퓨터 사이언스(CS)와 개발 기초는 시대를 막론하고 여전히 핵심 필수 역량입니다. 운영체제, 네트워크, 데이터베이스, 자료구조 등의 기반 지식은 기술이 아무리 발전해도 흔들리지 않는 뿌리입니다. 결국 AI가 작성한 설계와 코드가 올바른지 검증하고 고도화하는 것은 인간 개발자의 몫이며, 탄탄한 기초 지식이 없다면 AI의 결과물을 제대로 판단할 수조차 없습니다.

둘째, AI 도구를 공부와 실전 프로젝트에 적극적으로 도입해 보세요. 생성형 AI가 준 결과물을 맹신하지 않고, 그 코드가 왜 그렇게 짜였는지 분석하고 디버깅하며 내 프로젝트에 반영해 나가는 과정을 직접 경험해 보아야 합니다. 이 고통스러운 검증 과정을 포트폴리오에 잘 정리해 둔다면 면접에서 남들과 차별화되는 가장 강력한 무기가 될 것입니다.

셋째, 사이드 프로젝트를 진행할 때 개발 단계에서 끝내지 말고 반드시 운영 단계까지 직접 경험해 보시길 권합니다. 단순히 코드를 완성하는 것을 넘어 배포와 모니터링을 직접 수행하고, 가상의 트래픽을 처리해 보거나 장애 대응까지 경험해 본 신입은 현업 서류 전형과 면접에서 확실하게 눈에 띌 수밖에 없습니다.

마지막으로 본인이 관심 있는 비즈니스 도메인에 깊은 관심을 두는 습관을 지녀야 합니다. 개발자의 본질은 코드를 짜는 기계가 아니라 기술을 통해 비즈니스의 문제를 해결하는 사람입니다. 커머스, 핀테크, 물류 등 본인이 흥미를 느끼는 산업 군에서 현재 어떤 기술들이 비즈니스 문제를 해결하고 있는지 꾸준히 공부한다면 향후 시니어가 되었을 때 엄청난 격차를 만들어낼 것입니다.

저는 백엔드 개발자의 미래가 결코 비관적이지 않다고 생각합니다. 다만 개발자의 역할이 단순 코더에서 AI를 도구로 활용해 복잡한 시스템을 설계하고 비즈니스의 본질적인 문제를 푸는 아키텍터로 진화하고 있을 뿐입니다. 이러한 시장의 흐름을 빠르게 인정하고 영리하게 준비하신다면, 변화하는 사회에서도 충분히 대체 불가능한 경쟁력 있는 개발자가 될 수 있습니다.

진로에 대해 깊이 있게 고민할 수 있는 좋은 질문을 주셔서 정말 감사합니다. 준비하시다가 또 궁금한 점이 생기시면 언제든지 편하게 연락 주세요. 멘티님의 멋진 성장을 응원합니다!",
1,회계/재무/금융,"자소서, 혹시 스스로를 과대평가하고 있지는 않을까요?",시나리오50-1,"멘토님. 귀한 시간 내어 질문을 읽어주셔서 감사합니다. 저는 서울 주요 대학 상경계열 졸업을 앞두고 있으며, 향후 자산운용사 및 투자 기관에서 전문성을 발휘하는 운용역이 되기 위해 준비 중인 예비 주니어입니다.
현재까지 CFA Level I 합격, 투자자산운용사 취득, 해외 스타트업 프로그램 수상 이력을 갖추었으며, 교내외 주가예측 및 가치투자 학회에서 리서치 팀장과 팀원으로 활동하며 투자 논리를 다져왔습니다.
처음에는 외국계 은행 IBD를 목표로 삼았으나 시장의 높은 문턱을 실감하고, 현재는 국내 중소형 운용사부터 시작해 단계적인 이직과 성장을 도모하는 방향으로 전략을 수정했습니다. 증권사, 자산운용사, VC, PE의 프론트 포지션에 맞춤형 자소서를 작성해 지원하고 있으나, 서류 전형에서 계속 고배를 마시고 있어 면접 기회를 잡는 데 어려움을 겪고 있습니다. 어학 성적 갱신과 모의투자대회 참가 등 정량적·정성적 노력을 이어가고 있지만, 돌파구를 찾기 위해 질문을 드립니다.
1)인턴십 같은 유관 업무 경험이 없는 신입 지원자가 서류 전형에서 '투자 엣지'를 보여주려면 자기소개서와 레주메를 어떻게 작성해야 할까요? 학회에서의 리서치 및 밸류에이션 경험을 단순 나열하는 것을 넘어, 한 장의 글 안에서 매력적인 지원자로 눈에 띄게 만드는 글쓰기 방식이나 구성 전략이 궁금합니다.
2) 현직 선배님들과 커피챗이나 식사 자리를 가질 때, 단순한 취업 팁을 넘어 밀도 높은 조언을 이끌어내기 위한 '좋은 질문'을 준비하고 싶습니다. 하지만 학부생 레벨에서는 거시 경제 동향, 특정 섹터 및 금융 상품에 대한 심층적인 정보를 얻는 데 제한이 많습니다. 현직자분들이 주로 모니터링하는 시장 정보나 보고서를 취준생 신분에서 합리적으로 얻고 공부할 수 있는 루트가 있다면 공유 부탁드립니다.
3) 성공적인 운용역으로 안착하기 위한 단기적 보완점과 장기적인 커리어 패스에 대한 조언을 얻고 싶습니다. 현재 제 스펙과 상황에서 당장 실행해야 할 단기 과제는 무엇인지, 그리고 향후 주니어(20대 후반~30대 초반)와 미드 시니어(30대 중후반 이후) 단계에서 각각 어떤 하드 스킬과 소프트 스킬을 채워나가야 롱텀으로 생존하는 운용역이 될 수 있을지 마일스톤을 세우는 데 도움을 주시면 감사하겠습니다.
선배님의 고견을 바탕으로 부족한 점을 냉철하게 보완하여 현업에서 든든한 후배로 성장하겠습니다. 감사합니다.","반갑습니다. 멘티님이 쌓아오신 정량적인 스펙과 페이퍼 커리어를 보니, 대학 생활을 얼마나 치열하고 훌륭하게 보냈는지 간접적으로나마 눈에 훤히 보입니다. 그렇기에 ""이렇게 스펙이 좋은데 왜 나는 서류 통과조차 못 할까?""라는 고민이 더욱 깊었을 것 같습니다.
냉정하게 말씀드리면, 현재 정량적인 스펙 자체는 인턴십을 하기에 이미 차고 넘치는 수준입니다. 제가 멘티님의 자기소개서나 레주메를 명확하게 보지는 못했으나, 서류 탈락이 반복되는 가장 큰 이유는 역량 부족이 아니라 역설적이게도 '과도한 자신감과 자기자랑'으로 비쳤을 가능성이 높습니다.
1. 주니어 지원자에게 시장과 현업이 기대하는 태도
학회 팀장 이력이나 CFA 자격증 등을 과도하게 강조하다 보면, 자소서의 흐름이 자칫 '나 이만큼 잘났다'는 식으로 흐르기 쉽습니다. 현업의 매니저와 실무자들은 인턴을 채용할 때 완벽하고 뛰어난 완성형 매니저를 원하지 않습니다. 그보다 시장 앞에 겸손하고, 리스크를 무서워할 줄 알며, 선배들의 리서치와 잡무를 정확하고 성실하게 서포트할 주니어를 원합니다.
따라서 나의 자소서 톤이 성과 어필에만 너무 집중되어 있지는 않은지, 실패한 경험을 감추려고만 한 것은 아닌지 냉정하게 검토해 보셔야 합니다. 내가 이 조직에 어떻게 기여할 수 있는지, 팀에 어떻게 녹아들 수 있는 사람인지가 표현되어야 서류 통과의 기회가 열립니다.
예를 들어 같은 학회 활동을 서술하더라도, ""나는 리더로서 팀 동료들의 의견을 취합하고 리서치의 방향성을 결정하였다""라는 식의 어조보다는, ""팀원들의 지지로 리더를 담당할 기회를 얻게 되었고, 이 신뢰에 보답하고자 가장 까다로운 과제를 도맡아 수행하며 팀의 방향성을 조율해 좋은 성과를 냈다""와 같이 자신을 낮추고 팀을 빛내는 방식으로 표현법을 바꿔보시는 것을 추천합니다.
2. 밀도 높은 커피챗을 위한 프렙과 질문의 기술
커피챗은 나를 어필하고 자랑하는 자리가 아닙니다. 거창한 내러티브를 짜려고 애쓸 필요도 없습니다. 증권사의 산업 리포트와 경제 리포트를 최근 3달 치만 제대로 정독해도 대화의 밀도를 충분히 높일 수 있습니다.
현직자를 만났을 때 단순히 시장 전망을 묻거나, 나의 투자 생각과 주장을 너무 과하게 어필하는 것은 오히려 위험할 수 있습니다. 가장 좋은 질문법은 현업의 깊은 고민을 묻는 것입니다. 예를 들어 ""선배님은 요즘 같은 변동성 장세에서 포트폴리오의 리스크 관리를 어떤 원칙으로 하시는지 궁금합니다""라는 운용 철학을 묻거나, ""이번에 나온 특정 증권사 리포트에서 이런 논리로 리서치를 어필했던데, 실제 운용 매니저 관점에서는 이러한 아이디어를 포트폴리오에 어떻게 접목하시는지 궁금합니다""와 같이 구체적인 자료를 연계해 질문한다면 멘티님에 대한 평가를 확실히 높일 수 있습니다.
3. 현실적인 커리어 피봇과 단기 액션플랜
현재 증권사부터 자산운용사, VC, PE까지 모든 하우스를 전방위로 지원하는 것은 오히려 독이 될 수 있습니다. 각 업권의 특성을 명확히 모르는 상태에서 모든 포지션을 찌르면 자기소개서의 핏이 깨지고 중구난방으로 작성될 가능성이 너무 높습니다. 최종 목표가 펀드매니저(PM)라면 중소형사 하우스라도 리서치 RA나 증권사 운용 부서의 주니어 및 서포트 포지션부터 시작해 바닥부터 운용 전략을 배우고 지원하는 단계적 접근이 현실적입니다.
단기적으로는 영어 점수 몇 점을 더 올리는 것보다, 본인의 투자 논리를 AI를 활용해 자동화해 보거나 직접 백테스팅해 본 '나만의 실무 무기'를 만들어보세요. 이러한 정성적 분석 과정과 피드백을 담은 포트폴리오를 자소서에 녹여낸다면 시장은 넓기 때문에 반드시 좋은 기회가 올 것입니다.
4. 레벨별 요구 역량의 점검
마지막으로 채용 시장에서 주니어와 시니어 레벨에게 원하는 역량은 완전히 다릅니다.
-주니어: 적극적이고 팀에 잘 녹아들며, 사수들의 업무 지시를 정확히 수행하고 모르는 것을 솔직하게 물어볼 자세가 있는 사람.
-시니어: 주도적인 운용 로직과 리더의 면모를 가지고 있으며, 팀원을 이끌어본 경험과 본인의 확실한 포트폴리오 성과를 증명할 수 있는 사람.
혹시 멘티님은 주니어 포지션에 지원하면서 자기도 모르게 시니어에게 요구되는 성과 중심의 사항들을 과도하게 강조하고 있지는 않은지 꼭 점검해 보셨으면 좋겠습니다.
자신의 서류상 스펙을 과도하게 자랑하기보다, 어떤 업무든 주니어로서 기꺼이 수용하고 팀에 기여할 준비가 되어 있음을 보여주는 데 더 집중해 보시길 바랍니다. 이 조언이 멘티님의 취업 여정에 실질적인 도움이 되기를 바라며, 진심으로 응원하겠습니다!",
113,,,,,,
,,,,,,
,,,,,,
112,,,,,,
111,,,,,,
113,,,,,,
,,,,,,
,,,,,,
112,,,,,,
111,,,,,,
,올해 2월 졸업 예정인 취준생입니다. 인턴 경험 없이 첫 취업을 준비하다가 8~12인 규모의 스타트업에서 마케터로 최종 합격을 받았습니다. 막상 합격하고 나니 입사를 결정하기 전에 고민되는 부분들이 있어서 이렇게 질문을 드리게 되었습니다.,,,,,
,"먼저, 근무 조건이 고민입니다. 출퇴근 시간은 편도 1시간 30분 정도이고, 업무시간은 사실상 10 to 10으로 기정사실화된 분위기입니다. 연봉은 포괄임금으로 3,000만 원 이하일 것으로 예상됩니다. 자취를 하더라도 체력적으로 취준 병행은 어려울 것 같고, 이렇게 되면 다른 기회도 잡기 힘들지 않을까 걱정이 됩니다.",,,,,
,"회사 분위기나 문화도 조금 걸리는 부분이 있습니다. 식사 제공 외에 특별한 복지는 없고, 스톡옵션을 강조하면서 “회사를 위해가 아니라 나를 위해 일하는 것이니 높은 강도는 당연하다”는 CEO님의 태도가 인상적이었습니다. 면접 과정에서도 다소 거친 표현을 쓰시는 등, 전반적으로 CEO의 가치관에 공감하기 어려운 부분이 있었습니다.",,,,,
,,,,,,https://dt40dm21pj8em.cloudfront.net/uploads/froala/file/22118/sergey-zolkin-_UeY8aTI6d0-unsplash.jpg
,©Sergey Zolkin,,,,,
,"사업 전망과 경험 축적에 대한 고민도 큽니다. 올해 안으로 유료 서비스를 도입할 계획이라고는 하지만, 구체적인 일정은 미정이고 지금까지도 마케팅 비용이 거의 들지 않는 바이럴, 이벤트 중심의 마케팅만 해왔다고 들었습니다. 이 회사에서 2~3년 일했을 때 어떤 실질적인 포트폴리오를 만들 수 있을지에 대한 설명도 부족해서 감을 잡기가 어렵습니다.",,,,,
,"물론 제가 인턴 경험도 없고 경력이 부족하다 보니, “일단 어떤 일이든 시작하자”는 마음으로 들어가는 게 맞을까 고민하기도 합니다. 하지만 지금 상황에서는 고노동 대비 직무적으로나 인성적으로 배우는 것이 얼마나 있을까 하는 걱정이 계속됩니다.",,,,,
,주변에 마케터 현업자분들이 없어 혹시 제가 너무 좁은 시야로 고민하는 건 아닌가 싶어 조언을 구하고 싶습니다. 바쁘시겠지만 현실적인 의견을 주신다면 정말 큰 도움이 될 것 같습니다. 긴 글 읽어주셔서 감사합니다!,,,,,